Cycle 0
PC = 4
Stall Flag = False
Flush Flag = False
IF/ID Reg = {'valid': 1, 'pc': 0, 'instr': 1049235}
ID/EX Reg = {'valid': 0, 'pc': 0, 'pc_plus4': 0, 'd': None, 'c': None, 'imm': 0, 'rs1': 0, 'rs2': 0, 'rd': 0, 'rs1_val': 0, 'rs2_val': 0, 'alu_op': 'ADD'}
EX/MEM Reg = {'valid': 0, 'pc_plus4': 0, 'c': None, 'd': None, 'rd': 0, 'alu_res': 0, 'rs2_val_fwd': 0, 'mem_addr': 0, 'branch_taken': 0, 'next_pc': 0, 'wb_val_for_jumps': 0}
MEM/WB Reg = {'valid': 0, 'pc_plus4': 0, 'c': None, 'd': None, 'rd': 0, 'alu_res': 0, 'mem_data': 0, 'wb_val_for_jumps': 0}

Cycle 1
PC = 8
Stall Flag = False
Flush Flag = False
IF/ID Reg = {'valid': 1, 'pc': 4, 'instr': 1049363}
ID/EX Reg = {'valid': 1, 'pc': 0, 'pc_plus4': 4, 'd': {'instr': 1049235, 'opcode': 19, 'rd': 5, 'funct3': 0, 'rs1': 0, 'rs2': 1, 'funct7': 0, 'imm_I': 1, 'imm_S': 5, 'imm_B': 2052, 'imm_U': 1048576, 'imm_J': 2048}, 'c': {'RegWrite': 1, 'MemRead': 0, 'MemWrite': 0, 'MemToReg': 0, 'ALUSrc': 1, 'Branch': 0, 'Jump': 0, 'JumpReg': 0, 'ALUOp': 'ADD', 'ImmSel': 'I', 'BrType': None, 'IsNOP': 0}, 'imm': 1, 'rs1': 0, 'rs2': 1, 'rd': 5, 'rs1_val': 0, 'rs2_val': 0, 'alu_op': 'ADD'}
EX/MEM Reg = {'valid': 0, 'pc_plus4': 0, 'c': None, 'd': None, 'rd': 0, 'alu_res': 0, 'rs2_val_fwd': 0, 'mem_addr': 0, 'branch_taken': 0, 'next_pc': 0, 'wb_val_for_jumps': 0}
MEM/WB Reg = {'valid': 0, 'pc_plus4': 0, 'c': None, 'd': None, 'rd': 0, 'alu_res': 0, 'mem_data': 0, 'wb_val_for_jumps': 0}

Cycle 2
PC = 12
Stall Flag = False
Flush Flag = False
IF/ID Reg = {'valid': 1, 'pc': 8, 'instr': 6456419}
ID/EX Reg = {'valid': 1, 'pc': 4, 'pc_plus4': 8, 'd': {'instr': 1049363, 'opcode': 19, 'rd': 6, 'funct3': 0, 'rs1': 0, 'rs2': 1, 'funct7': 0, 'imm_I': 1, 'imm_S': 6, 'imm_B': 6, 'imm_U': 1048576, 'imm_J': 2048}, 'c': {'RegWrite': 1, 'MemRead': 0, 'MemWrite': 0, 'MemToReg': 0, 'ALUSrc': 1, 'Branch': 0, 'Jump': 0, 'JumpReg': 0, 'ALUOp': 'ADD', 'ImmSel': 'I', 'BrType': None, 'IsNOP': 0}, 'imm': 1, 'rs1': 0, 'rs2': 1, 'rd': 6, 'rs1_val': 0, 'rs2_val': 0, 'alu_op': 'ADD'}
EX/MEM Reg = {'valid': 1, 'pc_plus4': 4, 'c': {'RegWrite': 1, 'MemRead': 0, 'MemWrite': 0, 'MemToReg': 0, 'ALUSrc': 1, 'Branch': 0, 'Jump': 0, 'JumpReg': 0, 'ALUOp': 'ADD', 'ImmSel': 'I', 'BrType': None, 'IsNOP': 0}, 'd': {'instr': 1049235, 'opcode': 19, 'rd': 5, 'funct3': 0, 'rs1': 0, 'rs2': 1, 'funct7': 0, 'imm_I': 1, 'imm_S': 5, 'imm_B': 2052, 'imm_U': 1048576, 'imm_J': 2048}, 'rd': 5, 'alu_res': 1, 'rs2_val_fwd': 0, 'mem_addr': 1, 'branch_taken': 0, 'next_pc': 0, 'wb_val_for_jumps': 4}
MEM/WB Reg = {'valid': 0, 'pc_plus4': 0, 'c': None, 'd': None, 'rd': 0, 'alu_res': 0, 'mem_data': 0, 'wb_val_for_jumps': 0}

Cycle 3
PC = 16
Stall Flag = False
Flush Flag = False
IF/ID Reg = {'valid': 1, 'pc': 12, 'instr': 6488883}
ID/EX Reg = {'valid': 1, 'pc': 8, 'pc_plus4': 12, 'd': {'instr': 6456419, 'opcode': 99, 'rd': 8, 'funct3': 0, 'rs1': 5, 'rs2': 6, 'funct7': 0, 'imm_I': 6, 'imm_S': 8, 'imm_B': 8, 'imm_U': 6455296, 'imm_J': 163846}, 'c': {'RegWrite': 0, 'MemRead': 0, 'MemWrite': 0, 'MemToReg': 0, 'ALUSrc': 0, 'Branch': 1, 'Jump': 0, 'JumpReg': 0, 'ALUOp': 'SUB', 'ImmSel': 'B', 'BrType': 'beq', 'IsNOP': 0}, 'imm': 8, 'rs1': 5, 'rs2': 6, 'rd': 8, 'rs1_val': 0, 'rs2_val': 0, 'alu_op': 'SUB'}
EX/MEM Reg = {'valid': 1, 'pc_plus4': 8, 'c': {'RegWrite': 1, 'MemRead': 0, 'MemWrite': 0, 'MemToReg': 0, 'ALUSrc': 1, 'Branch': 0, 'Jump': 0, 'JumpReg': 0, 'ALUOp': 'ADD', 'ImmSel': 'I', 'BrType': None, 'IsNOP': 0}, 'd': {'instr': 1049363, 'opcode': 19, 'rd': 6, 'funct3': 0, 'rs1': 0, 'rs2': 1, 'funct7': 0, 'imm_I': 1, 'imm_S': 6, 'imm_B': 6, 'imm_U': 1048576, 'imm_J': 2048}, 'rd': 6, 'alu_res': 1, 'rs2_val_fwd': 0, 'mem_addr': 1, 'branch_taken': 0, 'next_pc': 0, 'wb_val_for_jumps': 8}
MEM/WB Reg = {'valid': 1, 'pc_plus4': 4, 'c': {'RegWrite': 1, 'MemRead': 0, 'MemWrite': 0, 'MemToReg': 0, 'ALUSrc': 1, 'Branch': 0, 'Jump': 0, 'JumpReg': 0, 'ALUOp': 'ADD', 'ImmSel': 'I', 'BrType': None, 'IsNOP': 0}, 'd': {'instr': 1049235, 'opcode': 19, 'rd': 5, 'funct3': 0, 'rs1': 0, 'rs2': 1, 'funct7': 0, 'imm_I': 1, 'imm_S': 5, 'imm_B': 2052, 'imm_U': 1048576, 'imm_J': 2048}, 'rd': 5, 'alu_res': 1, 'mem_data': 0, 'wb_val_for_jumps': 4}

Cycle 4
PC = 16
Stall Flag = False
Flush Flag = True
IF/ID Reg = {'valid': 0, 'pc': 0, 'instr': 0}
ID/EX Reg = {'valid': 0, 'pc': 12, 'pc_plus4': 16, 'd': {'instr': 6488883, 'opcode': 51, 'rd': 6, 'funct3': 0, 'rs1': 6, 'rs2': 6, 'funct7': 0, 'imm_I': 6, 'imm_S': 6, 'imm_B': 6, 'imm_U': 6488064, 'imm_J': 196614}, 'c': {'RegWrite': 1, 'MemRead': 0, 'MemWrite': 0, 'MemToReg': 0, 'ALUSrc': 0, 'Branch': 0, 'Jump': 0, 'JumpReg': 0, 'ALUOp': 'ADD', 'ImmSel': None, 'BrType': None, 'IsNOP': 0}, 'imm': 0, 'rs1': 6, 'rs2': 6, 'rd': 6, 'rs1_val': 0, 'rs2_val': 0, 'alu_op': 'ADD'}
EX/MEM Reg = {'valid': 1, 'pc_plus4': 12, 'c': {'RegWrite': 0, 'MemRead': 0, 'MemWrite': 0, 'MemToReg': 0, 'ALUSrc': 0, 'Branch': 1, 'Jump': 0, 'JumpReg': 0, 'ALUOp': 'SUB', 'ImmSel': 'B', 'BrType': 'beq', 'IsNOP': 0}, 'd': {'instr': 6456419, 'opcode': 99, 'rd': 8, 'funct3': 0, 'rs1': 5, 'rs2': 6, 'funct7': 0, 'imm_I': 6, 'imm_S': 8, 'imm_B': 8, 'imm_U': 6455296, 'imm_J': 163846}, 'rd': 8, 'alu_res': 0, 'rs2_val_fwd': 1, 'mem_addr': 0, 'branch_taken': 0, 'next_pc': 0, 'wb_val_for_jumps': 12}
MEM/WB Reg = {'valid': 1, 'pc_plus4': 8, 'c': {'RegWrite': 1, 'MemRead': 0, 'MemWrite': 0, 'MemToReg': 0, 'ALUSrc': 1, 'Branch': 0, 'Jump': 0, 'JumpReg': 0, 'ALUOp': 'ADD', 'ImmSel': 'I', 'BrType': None, 'IsNOP': 0}, 'd': {'instr': 1049363, 'opcode': 19, 'rd': 6, 'funct3': 0, 'rs1': 0, 'rs2': 1, 'funct7': 0, 'imm_I': 1, 'imm_S': 6, 'imm_B': 6, 'imm_U': 1048576, 'imm_J': 2048}, 'rd': 6, 'alu_res': 1, 'mem_data': 0, 'wb_val_for_jumps': 8}

Cycle 5
PC = 20
Stall Flag = False
Flush Flag = False
IF/ID Reg = {'valid': 1, 'pc': 16, 'instr': 164963}
ID/EX Reg = {'valid': 0, 'pc': 0, 'pc_plus4': 0, 'd': None, 'c': None, 'imm': 0, 'rs1': 0, 'rs2': 0, 'rd': 0, 'rs1_val': 0, 'rs2_val': 0, 'alu_op': 'ADD'}
EX/MEM Reg = {'valid': 0, 'pc_plus4': 0, 'c': None, 'd': None, 'rd': 0, 'alu_res': 0, 'rs2_val_fwd': 0, 'mem_addr': 0, 'branch_taken': 0, 'next_pc': 0, 'wb_val_for_jumps': 0}
MEM/WB Reg = {'valid': 1, 'pc_plus4': 12, 'c': {'RegWrite': 0, 'MemRead': 0, 'MemWrite': 0, 'MemToReg': 0, 'ALUSrc': 0, 'Branch': 1, 'Jump': 0, 'JumpReg': 0, 'ALUOp': 'SUB', 'ImmSel': 'B', 'BrType': 'beq', 'IsNOP': 0}, 'd': {'instr': 6456419, 'opcode': 99, 'rd': 8, 'funct3': 0, 'rs1': 5, 'rs2': 6, 'funct7': 0, 'imm_I': 6, 'imm_S': 8, 'imm_B': 8, 'imm_U': 6455296, 'imm_J': 163846}, 'rd': 8, 'alu_res': 0, 'mem_data': 0, 'wb_val_for_jumps': 12}

Cycle 6
PC = 24
Stall Flag = False
Flush Flag = False
IF/ID Reg = {'valid': 1, 'pc': 20, 'instr': 5407411}
ID/EX Reg = {'valid': 1, 'pc': 16, 'pc_plus4': 20, 'd': {'instr': 164963, 'opcode': 99, 'rd': 8, 'funct3': 0, 'rs1': 5, 'rs2': 0, 'funct7': 0, 'imm_I': 0, 'imm_S': 8, 'imm_B': 8, 'imm_U': 163840, 'imm_J': 163840}, 'c': {'RegWrite': 0, 'MemRead': 0, 'MemWrite': 0, 'MemToReg': 0, 'ALUSrc': 0, 'Branch': 1, 'Jump': 0, 'JumpReg': 0, 'ALUOp': 'SUB', 'ImmSel': 'B', 'BrType': 'beq', 'IsNOP': 0}, 'imm': 8, 'rs1': 5, 'rs2': 0, 'rd': 8, 'rs1_val': 1, 'rs2_val': 0, 'alu_op': 'SUB'}
EX/MEM Reg = {'valid': 0, 'pc_plus4': 0, 'c': None, 'd': None, 'rd': 0, 'alu_res': 0, 'rs2_val_fwd': 0, 'mem_addr': 0, 'branch_taken': 0, 'next_pc': 0, 'wb_val_for_jumps': 0}
MEM/WB Reg = {'valid': 0, 'pc_plus4': 0, 'c': None, 'd': None, 'rd': 0, 'alu_res': 0, 'mem_data': 0, 'wb_val_for_jumps': 0}

Cycle 7
PC = 28
Stall Flag = False
Flush Flag = False
IF/ID Reg = {'valid': 1, 'pc': 24, 'instr': 659}
ID/EX Reg = {'valid': 1, 'pc': 20, 'pc_plus4': 24, 'd': {'instr': 5407411, 'opcode': 51, 'rd': 5, 'funct3': 0, 'rs1': 5, 'rs2': 5, 'funct7': 0, 'imm_I': 5, 'imm_S': 5, 'imm_B': 2052, 'imm_U': 5406720, 'imm_J': 165892}, 'c': {'RegWrite': 1, 'MemRead': 0, 'MemWrite': 0, 'MemToReg': 0, 'ALUSrc': 0, 'Branch': 0, 'Jump': 0, 'JumpReg': 0, 'ALUOp': 'ADD', 'ImmSel': None, 'BrType': None, 'IsNOP': 0}, 'imm': 0, 'rs1': 5, 'rs2': 5, 'rd': 5, 'rs1_val': 1, 'rs2_val': 1, 'alu_op': 'ADD'}
EX/MEM Reg = {'valid': 1, 'pc_plus4': 20, 'c': {'RegWrite': 0, 'MemRead': 0, 'MemWrite': 0, 'MemToReg': 0, 'ALUSrc': 0, 'Branch': 1, 'Jump': 0, 'JumpReg': 0, 'ALUOp': 'SUB', 'ImmSel': 'B', 'BrType': 'beq', 'IsNOP': 0}, 'd': {'instr': 164963, 'opcode': 99, 'rd': 8, 'funct3': 0, 'rs1': 5, 'rs2': 0, 'funct7': 0, 'imm_I': 0, 'imm_S': 8, 'imm_B': 8, 'imm_U': 163840, 'imm_J': 163840}, 'rd': 8, 'alu_res': 1, 'rs2_val_fwd': 0, 'mem_addr': 1, 'branch_taken': 0, 'next_pc': 0, 'wb_val_for_jumps': 20}
MEM/WB Reg = {'valid': 0, 'pc_plus4': 0, 'c': None, 'd': None, 'rd': 0, 'alu_res': 0, 'mem_data': 0, 'wb_val_for_jumps': 0}

Cycle 8
PC = 32
Stall Flag = False
Flush Flag = False
IF/ID Reg = {'valid': 1, 'pc': 28, 'instr': 10486547}
ID/EX Reg = {'valid': 1, 'pc': 24, 'pc_plus4': 28, 'd': {'instr': 659, 'opcode': 19, 'rd': 5, 'funct3': 0, 'rs1': 0, 'rs2': 0, 'funct7': 0, 'imm_I': 0, 'imm_S': 5, 'imm_B': 2052, 'imm_U': 0, 'imm_J': 0}, 'c': {'RegWrite': 1, 'MemRead': 0, 'MemWrite': 0, 'MemToReg': 0, 'ALUSrc': 1, 'Branch': 0, 'Jump': 0, 'JumpReg': 0, 'ALUOp': 'ADD', 'ImmSel': 'I', 'BrType': None, 'IsNOP': 0}, 'imm': 0, 'rs1': 0, 'rs2': 0, 'rd': 5, 'rs1_val': 0, 'rs2_val': 0, 'alu_op': 'ADD'}
EX/MEM Reg = {'valid': 1, 'pc_plus4': 24, 'c': {'RegWrite': 1, 'MemRead': 0, 'MemWrite': 0, 'MemToReg': 0, 'ALUSrc': 0, 'Branch': 0, 'Jump': 0, 'JumpReg': 0, 'ALUOp': 'ADD', 'ImmSel': None, 'BrType': None, 'IsNOP': 0}, 'd': {'instr': 5407411, 'opcode': 51, 'rd': 5, 'funct3': 0, 'rs1': 5, 'rs2': 5, 'funct7': 0, 'imm_I': 5, 'imm_S': 5, 'imm_B': 2052, 'imm_U': 5406720, 'imm_J': 165892}, 'rd': 5, 'alu_res': 2, 'rs2_val_fwd': 1, 'mem_addr': 2, 'branch_taken': 0, 'next_pc': 0, 'wb_val_for_jumps': 24}
MEM/WB Reg = {'valid': 1, 'pc_plus4': 20, 'c': {'RegWrite': 0, 'MemRead': 0, 'MemWrite': 0, 'MemToReg': 0, 'ALUSrc': 0, 'Branch': 1, 'Jump': 0, 'JumpReg': 0, 'ALUOp': 'SUB', 'ImmSel': 'B', 'BrType': 'beq', 'IsNOP': 0}, 'd': {'instr': 164963, 'opcode': 99, 'rd': 8, 'funct3': 0, 'rs1': 5, 'rs2': 0, 'funct7': 0, 'imm_I': 0, 'imm_S': 8, 'imm_B': 8, 'imm_U': 163840, 'imm_J': 163840}, 'rd': 8, 'alu_res': 1, 'mem_data': 0, 'wb_val_for_jumps': 20}

Cycle 9
PC = 36
Stall Flag = False
Flush Flag = False
IF/ID Reg = {'valid': 1, 'pc': 32, 'instr': 1213075}
ID/EX Reg = {'valid': 1, 'pc': 28, 'pc_plus4': 32, 'd': {'instr': 10486547, 'opcode': 19, 'rd': 6, 'funct3': 0, 'rs1': 0, 'rs2': 10, 'funct7': 0, 'imm_I': 10, 'imm_S': 6, 'imm_B': 6, 'imm_U': 10485760, 'imm_J': 10}, 'c': {'RegWrite': 1, 'MemRead': 0, 'MemWrite': 0, 'MemToReg': 0, 'ALUSrc': 1, 'Branch': 0, 'Jump': 0, 'JumpReg': 0, 'ALUOp': 'ADD', 'ImmSel': 'I', 'BrType': None, 'IsNOP': 0}, 'imm': 10, 'rs1': 0, 'rs2': 10, 'rd': 6, 'rs1_val': 0, 'rs2_val': 0, 'alu_op': 'ADD'}
EX/MEM Reg = {'valid': 1, 'pc_plus4': 28, 'c': {'RegWrite': 1, 'MemRead': 0, 'MemWrite': 0, 'MemToReg': 0, 'ALUSrc': 1, 'Branch': 0, 'Jump': 0, 'JumpReg': 0, 'ALUOp': 'ADD', 'ImmSel': 'I', 'BrType': None, 'IsNOP': 0}, 'd': {'instr': 659, 'opcode': 19, 'rd': 5, 'funct3': 0, 'rs1': 0, 'rs2': 0, 'funct7': 0, 'imm_I': 0, 'imm_S': 5, 'imm_B': 2052, 'imm_U': 0, 'imm_J': 0}, 'rd': 5, 'alu_res': 0, 'rs2_val_fwd': 0, 'mem_addr': 0, 'branch_taken': 0, 'next_pc': 0, 'wb_val_for_jumps': 28}
MEM/WB Reg = {'valid': 1, 'pc_plus4': 24, 'c': {'RegWrite': 1, 'MemRead': 0, 'MemWrite': 0, 'MemToReg': 0, 'ALUSrc': 0, 'Branch': 0, 'Jump': 0, 'JumpReg': 0, 'ALUOp': 'ADD', 'ImmSel': None, 'BrType': None, 'IsNOP': 0}, 'd': {'instr': 5407411, 'opcode': 51, 'rd': 5, 'funct3': 0, 'rs1': 5, 'rs2': 5, 'funct7': 0, 'imm_I': 5, 'imm_S': 5, 'imm_B': 2052, 'imm_U': 5406720, 'imm_J': 165892}, 'rd': 5, 'alu_res': 2, 'mem_data': 0, 'wb_val_for_jumps': 24}

Cycle 10
PC = 40
Stall Flag = False
Flush Flag = False
IF/ID Reg = {'valid': 1, 'pc': 36, 'instr': 4267888355}
ID/EX Reg = {'valid': 1, 'pc': 32, 'pc_plus4': 36, 'd': {'instr': 1213075, 'opcode': 19, 'rd': 5, 'funct3': 0, 'rs1': 5, 'rs2': 1, 'funct7': 0, 'imm_I': 1, 'imm_S': 5, 'imm_B': 2052, 'imm_U': 1212416, 'imm_J': 165888}, 'c': {'RegWrite': 1, 'MemRead': 0, 'MemWrite': 0, 'MemToReg': 0, 'ALUSrc': 1, 'Branch': 0, 'Jump': 0, 'JumpReg': 0, 'ALUOp': 'ADD', 'ImmSel': 'I', 'BrType': None, 'IsNOP': 0}, 'imm': 1, 'rs1': 5, 'rs2': 1, 'rd': 5, 'rs1_val': 2, 'rs2_val': 0, 'alu_op': 'ADD'}
EX/MEM Reg = {'valid': 1, 'pc_plus4': 32, 'c': {'RegWrite': 1, 'MemRead': 0, 'MemWrite': 0, 'MemToReg': 0, 'ALUSrc': 1, 'Branch': 0, 'Jump': 0, 'JumpReg': 0, 'ALUOp': 'ADD', 'ImmSel': 'I', 'BrType': None, 'IsNOP': 0}, 'd': {'instr': 10486547, 'opcode': 19, 'rd': 6, 'funct3': 0, 'rs1': 0, 'rs2': 10, 'funct7': 0, 'imm_I': 10, 'imm_S': 6, 'imm_B': 6, 'imm_U': 10485760, 'imm_J': 10}, 'rd': 6, 'alu_res': 10, 'rs2_val_fwd': 0, 'mem_addr': 10, 'branch_taken': 0, 'next_pc': 0, 'wb_val_for_jumps': 32}
MEM/WB Reg = {'valid': 1, 'pc_plus4': 28, 'c': {'RegWrite': 1, 'MemRead': 0, 'MemWrite': 0, 'MemToReg': 0, 'ALUSrc': 1, 'Branch': 0, 'Jump': 0, 'JumpReg': 0, 'ALUOp': 'ADD', 'ImmSel': 'I', 'BrType': None, 'IsNOP': 0}, 'd': {'instr': 659, 'opcode': 19, 'rd': 5, 'funct3': 0, 'rs1': 0, 'rs2': 0, 'funct7': 0, 'imm_I': 0, 'imm_S': 5, 'imm_B': 2052, 'imm_U': 0, 'imm_J': 0}, 'rd': 5, 'alu_res': 0, 'mem_data': 0, 'wb_val_for_jumps': 28}

Cycle 11
PC = 44
Stall Flag = False
Flush Flag = False
IF/ID Reg = {'valid': 1, 'pc': 40, 'instr': 659}
ID/EX Reg = {'valid': 1, 'pc': 36, 'pc_plus4': 40, 'd': {'instr': 4267888355, 'opcode': 99, 'rd': 29, 'funct3': 4, 'rs1': 5, 'rs2': 6, 'funct7': 127, 'imm_I': -26, 'imm_S': -3, 'imm_B': -4, 'imm_U': 4267884544, 'imm_J': -866330}, 'c': {'RegWrite': 0, 'MemRead': 0, 'MemWrite': 0, 'MemToReg': 0, 'ALUSrc': 0, 'Branch': 1, 'Jump': 0, 'JumpReg': 0, 'ALUOp': 'SUB', 'ImmSel': 'B', 'BrType': 'blt', 'IsNOP': 0}, 'imm': -4, 'rs1': 5, 'rs2': 6, 'rd': 29, 'rs1_val': 0, 'rs2_val': 1, 'alu_op': 'SUB'}
EX/MEM Reg = {'valid': 1, 'pc_plus4': 36, 'c': {'RegWrite': 1, 'MemRead': 0, 'MemWrite': 0, 'MemToReg': 0, 'ALUSrc': 1, 'Branch': 0, 'Jump': 0, 'JumpReg': 0, 'ALUOp': 'ADD', 'ImmSel': 'I', 'BrType': None, 'IsNOP': 0}, 'd': {'instr': 1213075, 'opcode': 19, 'rd': 5, 'funct3': 0, 'rs1': 5, 'rs2': 1, 'funct7': 0, 'imm_I': 1, 'imm_S': 5, 'imm_B': 2052, 'imm_U': 1212416, 'imm_J': 165888}, 'rd': 5, 'alu_res': 1, 'rs2_val_fwd': 0, 'mem_addr': 1, 'branch_taken': 0, 'next_pc': 0, 'wb_val_for_jumps': 36}
MEM/WB Reg = {'valid': 1, 'pc_plus4': 32, 'c': {'RegWrite': 1, 'MemRead': 0, 'MemWrite': 0, 'MemToReg': 0, 'ALUSrc': 1, 'Branch': 0, 'Jump': 0, 'JumpReg': 0, 'ALUOp': 'ADD', 'ImmSel': 'I', 'BrType': None, 'IsNOP': 0}, 'd': {'instr': 10486547, 'opcode': 19, 'rd': 6, 'funct3': 0, 'rs1': 0, 'rs2': 10, 'funct7': 0, 'imm_I': 10, 'imm_S': 6, 'imm_B': 6, 'imm_U': 10485760, 'imm_J': 10}, 'rd': 6, 'alu_res': 10, 'mem_data': 0, 'wb_val_for_jumps': 32}

Cycle 12
PC = 32
Stall Flag = False
Flush Flag = True
IF/ID Reg = {'valid': 0, 'pc': 0, 'instr': 0}
ID/EX Reg = {'valid': 0, 'pc': 40, 'pc_plus4': 44, 'd': {'instr': 659, 'opcode': 19, 'rd': 5, 'funct3': 0, 'rs1': 0, 'rs2': 0, 'funct7': 0, 'imm_I': 0, 'imm_S': 5, 'imm_B': 2052, 'imm_U': 0, 'imm_J': 0}, 'c': {'RegWrite': 1, 'MemRead': 0, 'MemWrite': 0, 'MemToReg': 0, 'ALUSrc': 1, 'Branch': 0, 'Jump': 0, 'JumpReg': 0, 'ALUOp': 'ADD', 'ImmSel': 'I', 'BrType': None, 'IsNOP': 0}, 'imm': 0, 'rs1': 0, 'rs2': 0, 'rd': 5, 'rs1_val': 0, 'rs2_val': 0, 'alu_op': 'ADD'}
EX/MEM Reg = {'valid': 1, 'pc_plus4': 40, 'c': {'RegWrite': 0, 'MemRead': 0, 'MemWrite': 0, 'MemToReg': 0, 'ALUSrc': 0, 'Branch': 1, 'Jump': 0, 'JumpReg': 0, 'ALUOp': 'SUB', 'ImmSel': 'B', 'BrType': 'blt', 'IsNOP': 0}, 'd': {'instr': 4267888355, 'opcode': 99, 'rd': 29, 'funct3': 4, 'rs1': 5, 'rs2': 6, 'funct7': 127, 'imm_I': -26, 'imm_S': -3, 'imm_B': -4, 'imm_U': 4267884544, 'imm_J': -866330}, 'rd': 29, 'alu_res': 4294967287, 'rs2_val_fwd': 10, 'mem_addr': 4294967287, 'branch_taken': 0, 'next_pc': 0, 'wb_val_for_jumps': 40}
MEM/WB Reg = {'valid': 1, 'pc_plus4': 36, 'c': {'RegWrite': 1, 'MemRead': 0, 'MemWrite': 0, 'MemToReg': 0, 'ALUSrc': 1, 'Branch': 0, 'Jump': 0, 'JumpReg': 0, 'ALUOp': 'ADD', 'ImmSel': 'I', 'BrType': None, 'IsNOP': 0}, 'd': {'instr': 1213075, 'opcode': 19, 'rd': 5, 'funct3': 0, 'rs1': 5, 'rs2': 1, 'funct7': 0, 'imm_I': 1, 'imm_S': 5, 'imm_B': 2052, 'imm_U': 1212416, 'imm_J': 165888}, 'rd': 5, 'alu_res': 1, 'mem_data': 0, 'wb_val_for_jumps': 36}

Cycle 13
PC = 36
Stall Flag = False
Flush Flag = False
IF/ID Reg = {'valid': 1, 'pc': 32, 'instr': 1213075}
ID/EX Reg = {'valid': 0, 'pc': 0, 'pc_plus4': 0, 'd': None, 'c': None, 'imm': 0, 'rs1': 0, 'rs2': 0, 'rd': 0, 'rs1_val': 0, 'rs2_val': 0, 'alu_op': 'ADD'}
EX/MEM Reg = {'valid': 0, 'pc_plus4': 0, 'c': None, 'd': None, 'rd': 0, 'alu_res': 0, 'rs2_val_fwd': 0, 'mem_addr': 0, 'branch_taken': 0, 'next_pc': 0, 'wb_val_for_jumps': 0}
MEM/WB Reg = {'valid': 1, 'pc_plus4': 40, 'c': {'RegWrite': 0, 'MemRead': 0, 'MemWrite': 0, 'MemToReg': 0, 'ALUSrc': 0, 'Branch': 1, 'Jump': 0, 'JumpReg': 0, 'ALUOp': 'SUB', 'ImmSel': 'B', 'BrType': 'blt', 'IsNOP': 0}, 'd': {'instr': 4267888355, 'opcode': 99, 'rd': 29, 'funct3': 4, 'rs1': 5, 'rs2': 6, 'funct7': 127, 'imm_I': -26, 'imm_S': -3, 'imm_B': -4, 'imm_U': 4267884544, 'imm_J': -866330}, 'rd': 29, 'alu_res': 4294967287, 'mem_data': 0, 'wb_val_for_jumps': 40}

Cycle 14
PC = 40
Stall Flag = False
Flush Flag = False
IF/ID Reg = {'valid': 1, 'pc': 36, 'instr': 4267888355}
ID/EX Reg = {'valid': 1, 'pc': 32, 'pc_plus4': 36, 'd': {'instr': 1213075, 'opcode': 19, 'rd': 5, 'funct3': 0, 'rs1': 5, 'rs2': 1, 'funct7': 0, 'imm_I': 1, 'imm_S': 5, 'imm_B': 2052, 'imm_U': 1212416, 'imm_J': 165888}, 'c': {'RegWrite': 1, 'MemRead': 0, 'MemWrite': 0, 'MemToReg': 0, 'ALUSrc': 1, 'Branch': 0, 'Jump': 0, 'JumpReg': 0, 'ALUOp': 'ADD', 'ImmSel': 'I', 'BrType': None, 'IsNOP': 0}, 'imm': 1, 'rs1': 5, 'rs2': 1, 'rd': 5, 'rs1_val': 1, 'rs2_val': 0, 'alu_op': 'ADD'}
EX/MEM Reg = {'valid': 0, 'pc_plus4': 0, 'c': None, 'd': None, 'rd': 0, 'alu_res': 0, 'rs2_val_fwd': 0, 'mem_addr': 0, 'branch_taken': 0, 'next_pc': 0, 'wb_val_for_jumps': 0}
MEM/WB Reg = {'valid': 0, 'pc_plus4': 0, 'c': None, 'd': None, 'rd': 0, 'alu_res': 0, 'mem_data': 0, 'wb_val_for_jumps': 0}

Cycle 15
PC = 44
Stall Flag = False
Flush Flag = False
IF/ID Reg = {'valid': 1, 'pc': 40, 'instr': 659}
ID/EX Reg = {'valid': 1, 'pc': 36, 'pc_plus4': 40, 'd': {'instr': 4267888355, 'opcode': 99, 'rd': 29, 'funct3': 4, 'rs1': 5, 'rs2': 6, 'funct7': 127, 'imm_I': -26, 'imm_S': -3, 'imm_B': -4, 'imm_U': 4267884544, 'imm_J': -866330}, 'c': {'RegWrite': 0, 'MemRead': 0, 'MemWrite': 0, 'MemToReg': 0, 'ALUSrc': 0, 'Branch': 1, 'Jump': 0, 'JumpReg': 0, 'ALUOp': 'SUB', 'ImmSel': 'B', 'BrType': 'blt', 'IsNOP': 0}, 'imm': -4, 'rs1': 5, 'rs2': 6, 'rd': 29, 'rs1_val': 1, 'rs2_val': 10, 'alu_op': 'SUB'}
EX/MEM Reg = {'valid': 1, 'pc_plus4': 36, 'c': {'RegWrite': 1, 'MemRead': 0, 'MemWrite': 0, 'MemToReg': 0, 'ALUSrc': 1, 'Branch': 0, 'Jump': 0, 'JumpReg': 0, 'ALUOp': 'ADD', 'ImmSel': 'I', 'BrType': None, 'IsNOP': 0}, 'd': {'instr': 1213075, 'opcode': 19, 'rd': 5, 'funct3': 0, 'rs1': 5, 'rs2': 1, 'funct7': 0, 'imm_I': 1, 'imm_S': 5, 'imm_B': 2052, 'imm_U': 1212416, 'imm_J': 165888}, 'rd': 5, 'alu_res': 2, 'rs2_val_fwd': 0, 'mem_addr': 2, 'branch_taken': 0, 'next_pc': 0, 'wb_val_for_jumps': 36}
MEM/WB Reg = {'valid': 0, 'pc_plus4': 0, 'c': None, 'd': None, 'rd': 0, 'alu_res': 0, 'mem_data': 0, 'wb_val_for_jumps': 0}

Cycle 16
PC = 32
Stall Flag = False
Flush Flag = True
IF/ID Reg = {'valid': 0, 'pc': 0, 'instr': 0}
ID/EX Reg = {'valid': 0, 'pc': 40, 'pc_plus4': 44, 'd': {'instr': 659, 'opcode': 19, 'rd': 5, 'funct3': 0, 'rs1': 0, 'rs2': 0, 'funct7': 0, 'imm_I': 0, 'imm_S': 5, 'imm_B': 2052, 'imm_U': 0, 'imm_J': 0}, 'c': {'RegWrite': 1, 'MemRead': 0, 'MemWrite': 0, 'MemToReg': 0, 'ALUSrc': 1, 'Branch': 0, 'Jump': 0, 'JumpReg': 0, 'ALUOp': 'ADD', 'ImmSel': 'I', 'BrType': None, 'IsNOP': 0}, 'imm': 0, 'rs1': 0, 'rs2': 0, 'rd': 5, 'rs1_val': 0, 'rs2_val': 0, 'alu_op': 'ADD'}
EX/MEM Reg = {'valid': 1, 'pc_plus4': 40, 'c': {'RegWrite': 0, 'MemRead': 0, 'MemWrite': 0, 'MemToReg': 0, 'ALUSrc': 0, 'Branch': 1, 'Jump': 0, 'JumpReg': 0, 'ALUOp': 'SUB', 'ImmSel': 'B', 'BrType': 'blt', 'IsNOP': 0}, 'd': {'instr': 4267888355, 'opcode': 99, 'rd': 29, 'funct3': 4, 'rs1': 5, 'rs2': 6, 'funct7': 127, 'imm_I': -26, 'imm_S': -3, 'imm_B': -4, 'imm_U': 4267884544, 'imm_J': -866330}, 'rd': 29, 'alu_res': 4294967288, 'rs2_val_fwd': 10, 'mem_addr': 4294967288, 'branch_taken': 0, 'next_pc': 0, 'wb_val_for_jumps': 40}
MEM/WB Reg = {'valid': 1, 'pc_plus4': 36, 'c': {'RegWrite': 1, 'MemRead': 0, 'MemWrite': 0, 'MemToReg': 0, 'ALUSrc': 1, 'Branch': 0, 'Jump': 0, 'JumpReg': 0, 'ALUOp': 'ADD', 'ImmSel': 'I', 'BrType': None, 'IsNOP': 0}, 'd': {'instr': 1213075, 'opcode': 19, 'rd': 5, 'funct3': 0, 'rs1': 5, 'rs2': 1, 'funct7': 0, 'imm_I': 1, 'imm_S': 5, 'imm_B': 2052, 'imm_U': 1212416, 'imm_J': 165888}, 'rd': 5, 'alu_res': 2, 'mem_data': 0, 'wb_val_for_jumps': 36}

Cycle 17
PC = 36
Stall Flag = False
Flush Flag = False
IF/ID Reg = {'valid': 1, 'pc': 32, 'instr': 1213075}
ID/EX Reg = {'valid': 0, 'pc': 0, 'pc_plus4': 0, 'd': None, 'c': None, 'imm': 0, 'rs1': 0, 'rs2': 0, 'rd': 0, 'rs1_val': 0, 'rs2_val': 0, 'alu_op': 'ADD'}
EX/MEM Reg = {'valid': 0, 'pc_plus4': 0, 'c': None, 'd': None, 'rd': 0, 'alu_res': 0, 'rs2_val_fwd': 0, 'mem_addr': 0, 'branch_taken': 0, 'next_pc': 0, 'wb_val_for_jumps': 0}
MEM/WB Reg = {'valid': 1, 'pc_plus4': 40, 'c': {'RegWrite': 0, 'MemRead': 0, 'MemWrite': 0, 'MemToReg': 0, 'ALUSrc': 0, 'Branch': 1, 'Jump': 0, 'JumpReg': 0, 'ALUOp': 'SUB', 'ImmSel': 'B', 'BrType': 'blt', 'IsNOP': 0}, 'd': {'instr': 4267888355, 'opcode': 99, 'rd': 29, 'funct3': 4, 'rs1': 5, 'rs2': 6, 'funct7': 127, 'imm_I': -26, 'imm_S': -3, 'imm_B': -4, 'imm_U': 4267884544, 'imm_J': -866330}, 'rd': 29, 'alu_res': 4294967288, 'mem_data': 0, 'wb_val_for_jumps': 40}

Cycle 18
PC = 40
Stall Flag = False
Flush Flag = False
IF/ID Reg = {'valid': 1, 'pc': 36, 'instr': 4267888355}
ID/EX Reg = {'valid': 1, 'pc': 32, 'pc_plus4': 36, 'd': {'instr': 1213075, 'opcode': 19, 'rd': 5, 'funct3': 0, 'rs1': 5, 'rs2': 1, 'funct7': 0, 'imm_I': 1, 'imm_S': 5, 'imm_B': 2052, 'imm_U': 1212416, 'imm_J': 165888}, 'c': {'RegWrite': 1, 'MemRead': 0, 'MemWrite': 0, 'MemToReg': 0, 'ALUSrc': 1, 'Branch': 0, 'Jump': 0, 'JumpReg': 0, 'ALUOp': 'ADD', 'ImmSel': 'I', 'BrType': None, 'IsNOP': 0}, 'imm': 1, 'rs1': 5, 'rs2': 1, 'rd': 5, 'rs1_val': 2, 'rs2_val': 0, 'alu_op': 'ADD'}
EX/MEM Reg = {'valid': 0, 'pc_plus4': 0, 'c': None, 'd': None, 'rd': 0, 'alu_res': 0, 'rs2_val_fwd': 0, 'mem_addr': 0, 'branch_taken': 0, 'next_pc': 0, 'wb_val_for_jumps': 0}
MEM/WB Reg = {'valid': 0, 'pc_plus4': 0, 'c': None, 'd': None, 'rd': 0, 'alu_res': 0, 'mem_data': 0, 'wb_val_for_jumps': 0}

Cycle 19
PC = 44
Stall Flag = False
Flush Flag = False
IF/ID Reg = {'valid': 1, 'pc': 40, 'instr': 659}
ID/EX Reg = {'valid': 1, 'pc': 36, 'pc_plus4': 40, 'd': {'instr': 4267888355, 'opcode': 99, 'rd': 29, 'funct3': 4, 'rs1': 5, 'rs2': 6, 'funct7': 127, 'imm_I': -26, 'imm_S': -3, 'imm_B': -4, 'imm_U': 4267884544, 'imm_J': -866330}, 'c': {'RegWrite': 0, 'MemRead': 0, 'MemWrite': 0, 'MemToReg': 0, 'ALUSrc': 0, 'Branch': 1, 'Jump': 0, 'JumpReg': 0, 'ALUOp': 'SUB', 'ImmSel': 'B', 'BrType': 'blt', 'IsNOP': 0}, 'imm': -4, 'rs1': 5, 'rs2': 6, 'rd': 29, 'rs1_val': 2, 'rs2_val': 10, 'alu_op': 'SUB'}
EX/MEM Reg = {'valid': 1, 'pc_plus4': 36, 'c': {'RegWrite': 1, 'MemRead': 0, 'MemWrite': 0, 'MemToReg': 0, 'ALUSrc': 1, 'Branch': 0, 'Jump': 0, 'JumpReg': 0, 'ALUOp': 'ADD', 'ImmSel': 'I', 'BrType': None, 'IsNOP': 0}, 'd': {'instr': 1213075, 'opcode': 19, 'rd': 5, 'funct3': 0, 'rs1': 5, 'rs2': 1, 'funct7': 0, 'imm_I': 1, 'imm_S': 5, 'imm_B': 2052, 'imm_U': 1212416, 'imm_J': 165888}, 'rd': 5, 'alu_res': 3, 'rs2_val_fwd': 0, 'mem_addr': 3, 'branch_taken': 0, 'next_pc': 0, 'wb_val_for_jumps': 36}
MEM/WB Reg = {'valid': 0, 'pc_plus4': 0, 'c': None, 'd': None, 'rd': 0, 'alu_res': 0, 'mem_data': 0, 'wb_val_for_jumps': 0}

Cycle 20
PC = 32
Stall Flag = False
Flush Flag = True
IF/ID Reg = {'valid': 0, 'pc': 0, 'instr': 0}
ID/EX Reg = {'valid': 0, 'pc': 40, 'pc_plus4': 44, 'd': {'instr': 659, 'opcode': 19, 'rd': 5, 'funct3': 0, 'rs1': 0, 'rs2': 0, 'funct7': 0, 'imm_I': 0, 'imm_S': 5, 'imm_B': 2052, 'imm_U': 0, 'imm_J': 0}, 'c': {'RegWrite': 1, 'MemRead': 0, 'MemWrite': 0, 'MemToReg': 0, 'ALUSrc': 1, 'Branch': 0, 'Jump': 0, 'JumpReg': 0, 'ALUOp': 'ADD', 'ImmSel': 'I', 'BrType': None, 'IsNOP': 0}, 'imm': 0, 'rs1': 0, 'rs2': 0, 'rd': 5, 'rs1_val': 0, 'rs2_val': 0, 'alu_op': 'ADD'}
EX/MEM Reg = {'valid': 1, 'pc_plus4': 40, 'c': {'RegWrite': 0, 'MemRead': 0, 'MemWrite': 0, 'MemToReg': 0, 'ALUSrc': 0, 'Branch': 1, 'Jump': 0, 'JumpReg': 0, 'ALUOp': 'SUB', 'ImmSel': 'B', 'BrType': 'blt', 'IsNOP': 0}, 'd': {'instr': 4267888355, 'opcode': 99, 'rd': 29, 'funct3': 4, 'rs1': 5, 'rs2': 6, 'funct7': 127, 'imm_I': -26, 'imm_S': -3, 'imm_B': -4, 'imm_U': 4267884544, 'imm_J': -866330}, 'rd': 29, 'alu_res': 4294967289, 'rs2_val_fwd': 10, 'mem_addr': 4294967289, 'branch_taken': 0, 'next_pc': 0, 'wb_val_for_jumps': 40}
MEM/WB Reg = {'valid': 1, 'pc_plus4': 36, 'c': {'RegWrite': 1, 'MemRead': 0, 'MemWrite': 0, 'MemToReg': 0, 'ALUSrc': 1, 'Branch': 0, 'Jump': 0, 'JumpReg': 0, 'ALUOp': 'ADD', 'ImmSel': 'I', 'BrType': None, 'IsNOP': 0}, 'd': {'instr': 1213075, 'opcode': 19, 'rd': 5, 'funct3': 0, 'rs1': 5, 'rs2': 1, 'funct7': 0, 'imm_I': 1, 'imm_S': 5, 'imm_B': 2052, 'imm_U': 1212416, 'imm_J': 165888}, 'rd': 5, 'alu_res': 3, 'mem_data': 0, 'wb_val_for_jumps': 36}

Cycle 21
PC = 36
Stall Flag = False
Flush Flag = False
IF/ID Reg = {'valid': 1, 'pc': 32, 'instr': 1213075}
ID/EX Reg = {'valid': 0, 'pc': 0, 'pc_plus4': 0, 'd': None, 'c': None, 'imm': 0, 'rs1': 0, 'rs2': 0, 'rd': 0, 'rs1_val': 0, 'rs2_val': 0, 'alu_op': 'ADD'}
EX/MEM Reg = {'valid': 0, 'pc_plus4': 0, 'c': None, 'd': None, 'rd': 0, 'alu_res': 0, 'rs2_val_fwd': 0, 'mem_addr': 0, 'branch_taken': 0, 'next_pc': 0, 'wb_val_for_jumps': 0}
MEM/WB Reg = {'valid': 1, 'pc_plus4': 40, 'c': {'RegWrite': 0, 'MemRead': 0, 'MemWrite': 0, 'MemToReg': 0, 'ALUSrc': 0, 'Branch': 1, 'Jump': 0, 'JumpReg': 0, 'ALUOp': 'SUB', 'ImmSel': 'B', 'BrType': 'blt', 'IsNOP': 0}, 'd': {'instr': 4267888355, 'opcode': 99, 'rd': 29, 'funct3': 4, 'rs1': 5, 'rs2': 6, 'funct7': 127, 'imm_I': -26, 'imm_S': -3, 'imm_B': -4, 'imm_U': 4267884544, 'imm_J': -866330}, 'rd': 29, 'alu_res': 4294967289, 'mem_data': 0, 'wb_val_for_jumps': 40}

Cycle 22
PC = 40
Stall Flag = False
Flush Flag = False
IF/ID Reg = {'valid': 1, 'pc': 36, 'instr': 4267888355}
ID/EX Reg = {'valid': 1, 'pc': 32, 'pc_plus4': 36, 'd': {'instr': 1213075, 'opcode': 19, 'rd': 5, 'funct3': 0, 'rs1': 5, 'rs2': 1, 'funct7': 0, 'imm_I': 1, 'imm_S': 5, 'imm_B': 2052, 'imm_U': 1212416, 'imm_J': 165888}, 'c': {'RegWrite': 1, 'MemRead': 0, 'MemWrite': 0, 'MemToReg': 0, 'ALUSrc': 1, 'Branch': 0, 'Jump': 0, 'JumpReg': 0, 'ALUOp': 'ADD', 'ImmSel': 'I', 'BrType': None, 'IsNOP': 0}, 'imm': 1, 'rs1': 5, 'rs2': 1, 'rd': 5, 'rs1_val': 3, 'rs2_val': 0, 'alu_op': 'ADD'}
EX/MEM Reg = {'valid': 0, 'pc_plus4': 0, 'c': None, 'd': None, 'rd': 0, 'alu_res': 0, 'rs2_val_fwd': 0, 'mem_addr': 0, 'branch_taken': 0, 'next_pc': 0, 'wb_val_for_jumps': 0}
MEM/WB Reg = {'valid': 0, 'pc_plus4': 0, 'c': None, 'd': None, 'rd': 0, 'alu_res': 0, 'mem_data': 0, 'wb_val_for_jumps': 0}

Cycle 23
PC = 44
Stall Flag = False
Flush Flag = False
IF/ID Reg = {'valid': 1, 'pc': 40, 'instr': 659}
ID/EX Reg = {'valid': 1, 'pc': 36, 'pc_plus4': 40, 'd': {'instr': 4267888355, 'opcode': 99, 'rd': 29, 'funct3': 4, 'rs1': 5, 'rs2': 6, 'funct7': 127, 'imm_I': -26, 'imm_S': -3, 'imm_B': -4, 'imm_U': 4267884544, 'imm_J': -866330}, 'c': {'RegWrite': 0, 'MemRead': 0, 'MemWrite': 0, 'MemToReg': 0, 'ALUSrc': 0, 'Branch': 1, 'Jump': 0, 'JumpReg': 0, 'ALUOp': 'SUB', 'ImmSel': 'B', 'BrType': 'blt', 'IsNOP': 0}, 'imm': -4, 'rs1': 5, 'rs2': 6, 'rd': 29, 'rs1_val': 3, 'rs2_val': 10, 'alu_op': 'SUB'}
EX/MEM Reg = {'valid': 1, 'pc_plus4': 36, 'c': {'RegWrite': 1, 'MemRead': 0, 'MemWrite': 0, 'MemToReg': 0, 'ALUSrc': 1, 'Branch': 0, 'Jump': 0, 'JumpReg': 0, 'ALUOp': 'ADD', 'ImmSel': 'I', 'BrType': None, 'IsNOP': 0}, 'd': {'instr': 1213075, 'opcode': 19, 'rd': 5, 'funct3': 0, 'rs1': 5, 'rs2': 1, 'funct7': 0, 'imm_I': 1, 'imm_S': 5, 'imm_B': 2052, 'imm_U': 1212416, 'imm_J': 165888}, 'rd': 5, 'alu_res': 4, 'rs2_val_fwd': 0, 'mem_addr': 4, 'branch_taken': 0, 'next_pc': 0, 'wb_val_for_jumps': 36}
MEM/WB Reg = {'valid': 0, 'pc_plus4': 0, 'c': None, 'd': None, 'rd': 0, 'alu_res': 0, 'mem_data': 0, 'wb_val_for_jumps': 0}

Cycle 24
PC = 32
Stall Flag = False
Flush Flag = True
IF/ID Reg = {'valid': 0, 'pc': 0, 'instr': 0}
ID/EX Reg = {'valid': 0, 'pc': 40, 'pc_plus4': 44, 'd': {'instr': 659, 'opcode': 19, 'rd': 5, 'funct3': 0, 'rs1': 0, 'rs2': 0, 'funct7': 0, 'imm_I': 0, 'imm_S': 5, 'imm_B': 2052, 'imm_U': 0, 'imm_J': 0}, 'c': {'RegWrite': 1, 'MemRead': 0, 'MemWrite': 0, 'MemToReg': 0, 'ALUSrc': 1, 'Branch': 0, 'Jump': 0, 'JumpReg': 0, 'ALUOp': 'ADD', 'ImmSel': 'I', 'BrType': None, 'IsNOP': 0}, 'imm': 0, 'rs1': 0, 'rs2': 0, 'rd': 5, 'rs1_val': 0, 'rs2_val': 0, 'alu_op': 'ADD'}
EX/MEM Reg = {'valid': 1, 'pc_plus4': 40, 'c': {'RegWrite': 0, 'MemRead': 0, 'MemWrite': 0, 'MemToReg': 0, 'ALUSrc': 0, 'Branch': 1, 'Jump': 0, 'JumpReg': 0, 'ALUOp': 'SUB', 'ImmSel': 'B', 'BrType': 'blt', 'IsNOP': 0}, 'd': {'instr': 4267888355, 'opcode': 99, 'rd': 29, 'funct3': 4, 'rs1': 5, 'rs2': 6, 'funct7': 127, 'imm_I': -26, 'imm_S': -3, 'imm_B': -4, 'imm_U': 4267884544, 'imm_J': -866330}, 'rd': 29, 'alu_res': 4294967290, 'rs2_val_fwd': 10, 'mem_addr': 4294967290, 'branch_taken': 0, 'next_pc': 0, 'wb_val_for_jumps': 40}
MEM/WB Reg = {'valid': 1, 'pc_plus4': 36, 'c': {'RegWrite': 1, 'MemRead': 0, 'MemWrite': 0, 'MemToReg': 0, 'ALUSrc': 1, 'Branch': 0, 'Jump': 0, 'JumpReg': 0, 'ALUOp': 'ADD', 'ImmSel': 'I', 'BrType': None, 'IsNOP': 0}, 'd': {'instr': 1213075, 'opcode': 19, 'rd': 5, 'funct3': 0, 'rs1': 5, 'rs2': 1, 'funct7': 0, 'imm_I': 1, 'imm_S': 5, 'imm_B': 2052, 'imm_U': 1212416, 'imm_J': 165888}, 'rd': 5, 'alu_res': 4, 'mem_data': 0, 'wb_val_for_jumps': 36}

Cycle 25
PC = 36
Stall Flag = False
Flush Flag = False
IF/ID Reg = {'valid': 1, 'pc': 32, 'instr': 1213075}
ID/EX Reg = {'valid': 0, 'pc': 0, 'pc_plus4': 0, 'd': None, 'c': None, 'imm': 0, 'rs1': 0, 'rs2': 0, 'rd': 0, 'rs1_val': 0, 'rs2_val': 0, 'alu_op': 'ADD'}
EX/MEM Reg = {'valid': 0, 'pc_plus4': 0, 'c': None, 'd': None, 'rd': 0, 'alu_res': 0, 'rs2_val_fwd': 0, 'mem_addr': 0, 'branch_taken': 0, 'next_pc': 0, 'wb_val_for_jumps': 0}
MEM/WB Reg = {'valid': 1, 'pc_plus4': 40, 'c': {'RegWrite': 0, 'MemRead': 0, 'MemWrite': 0, 'MemToReg': 0, 'ALUSrc': 0, 'Branch': 1, 'Jump': 0, 'JumpReg': 0, 'ALUOp': 'SUB', 'ImmSel': 'B', 'BrType': 'blt', 'IsNOP': 0}, 'd': {'instr': 4267888355, 'opcode': 99, 'rd': 29, 'funct3': 4, 'rs1': 5, 'rs2': 6, 'funct7': 127, 'imm_I': -26, 'imm_S': -3, 'imm_B': -4, 'imm_U': 4267884544, 'imm_J': -866330}, 'rd': 29, 'alu_res': 4294967290, 'mem_data': 0, 'wb_val_for_jumps': 40}

Cycle 26
PC = 40
Stall Flag = False
Flush Flag = False
IF/ID Reg = {'valid': 1, 'pc': 36, 'instr': 4267888355}
ID/EX Reg = {'valid': 1, 'pc': 32, 'pc_plus4': 36, 'd': {'instr': 1213075, 'opcode': 19, 'rd': 5, 'funct3': 0, 'rs1': 5, 'rs2': 1, 'funct7': 0, 'imm_I': 1, 'imm_S': 5, 'imm_B': 2052, 'imm_U': 1212416, 'imm_J': 165888}, 'c': {'RegWrite': 1, 'MemRead': 0, 'MemWrite': 0, 'MemToReg': 0, 'ALUSrc': 1, 'Branch': 0, 'Jump': 0, 'JumpReg': 0, 'ALUOp': 'ADD', 'ImmSel': 'I', 'BrType': None, 'IsNOP': 0}, 'imm': 1, 'rs1': 5, 'rs2': 1, 'rd': 5, 'rs1_val': 4, 'rs2_val': 0, 'alu_op': 'ADD'}
EX/MEM Reg = {'valid': 0, 'pc_plus4': 0, 'c': None, 'd': None, 'rd': 0, 'alu_res': 0, 'rs2_val_fwd': 0, 'mem_addr': 0, 'branch_taken': 0, 'next_pc': 0, 'wb_val_for_jumps': 0}
MEM/WB Reg = {'valid': 0, 'pc_plus4': 0, 'c': None, 'd': None, 'rd': 0, 'alu_res': 0, 'mem_data': 0, 'wb_val_for_jumps': 0}

Cycle 27
PC = 44
Stall Flag = False
Flush Flag = False
IF/ID Reg = {'valid': 1, 'pc': 40, 'instr': 659}
ID/EX Reg = {'valid': 1, 'pc': 36, 'pc_plus4': 40, 'd': {'instr': 4267888355, 'opcode': 99, 'rd': 29, 'funct3': 4, 'rs1': 5, 'rs2': 6, 'funct7': 127, 'imm_I': -26, 'imm_S': -3, 'imm_B': -4, 'imm_U': 4267884544, 'imm_J': -866330}, 'c': {'RegWrite': 0, 'MemRead': 0, 'MemWrite': 0, 'MemToReg': 0, 'ALUSrc': 0, 'Branch': 1, 'Jump': 0, 'JumpReg': 0, 'ALUOp': 'SUB', 'ImmSel': 'B', 'BrType': 'blt', 'IsNOP': 0}, 'imm': -4, 'rs1': 5, 'rs2': 6, 'rd': 29, 'rs1_val': 4, 'rs2_val': 10, 'alu_op': 'SUB'}
EX/MEM Reg = {'valid': 1, 'pc_plus4': 36, 'c': {'RegWrite': 1, 'MemRead': 0, 'MemWrite': 0, 'MemToReg': 0, 'ALUSrc': 1, 'Branch': 0, 'Jump': 0, 'JumpReg': 0, 'ALUOp': 'ADD', 'ImmSel': 'I', 'BrType': None, 'IsNOP': 0}, 'd': {'instr': 1213075, 'opcode': 19, 'rd': 5, 'funct3': 0, 'rs1': 5, 'rs2': 1, 'funct7': 0, 'imm_I': 1, 'imm_S': 5, 'imm_B': 2052, 'imm_U': 1212416, 'imm_J': 165888}, 'rd': 5, 'alu_res': 5, 'rs2_val_fwd': 0, 'mem_addr': 5, 'branch_taken': 0, 'next_pc': 0, 'wb_val_for_jumps': 36}
MEM/WB Reg = {'valid': 0, 'pc_plus4': 0, 'c': None, 'd': None, 'rd': 0, 'alu_res': 0, 'mem_data': 0, 'wb_val_for_jumps': 0}

Cycle 28
PC = 32
Stall Flag = False
Flush Flag = True
IF/ID Reg = {'valid': 0, 'pc': 0, 'instr': 0}
ID/EX Reg = {'valid': 0, 'pc': 40, 'pc_plus4': 44, 'd': {'instr': 659, 'opcode': 19, 'rd': 5, 'funct3': 0, 'rs1': 0, 'rs2': 0, 'funct7': 0, 'imm_I': 0, 'imm_S': 5, 'imm_B': 2052, 'imm_U': 0, 'imm_J': 0}, 'c': {'RegWrite': 1, 'MemRead': 0, 'MemWrite': 0, 'MemToReg': 0, 'ALUSrc': 1, 'Branch': 0, 'Jump': 0, 'JumpReg': 0, 'ALUOp': 'ADD', 'ImmSel': 'I', 'BrType': None, 'IsNOP': 0}, 'imm': 0, 'rs1': 0, 'rs2': 0, 'rd': 5, 'rs1_val': 0, 'rs2_val': 0, 'alu_op': 'ADD'}
EX/MEM Reg = {'valid': 1, 'pc_plus4': 40, 'c': {'RegWrite': 0, 'MemRead': 0, 'MemWrite': 0, 'MemToReg': 0, 'ALUSrc': 0, 'Branch': 1, 'Jump': 0, 'JumpReg': 0, 'ALUOp': 'SUB', 'ImmSel': 'B', 'BrType': 'blt', 'IsNOP': 0}, 'd': {'instr': 4267888355, 'opcode': 99, 'rd': 29, 'funct3': 4, 'rs1': 5, 'rs2': 6, 'funct7': 127, 'imm_I': -26, 'imm_S': -3, 'imm_B': -4, 'imm_U': 4267884544, 'imm_J': -866330}, 'rd': 29, 'alu_res': 4294967291, 'rs2_val_fwd': 10, 'mem_addr': 4294967291, 'branch_taken': 0, 'next_pc': 0, 'wb_val_for_jumps': 40}
MEM/WB Reg = {'valid': 1, 'pc_plus4': 36, 'c': {'RegWrite': 1, 'MemRead': 0, 'MemWrite': 0, 'MemToReg': 0, 'ALUSrc': 1, 'Branch': 0, 'Jump': 0, 'JumpReg': 0, 'ALUOp': 'ADD', 'ImmSel': 'I', 'BrType': None, 'IsNOP': 0}, 'd': {'instr': 1213075, 'opcode': 19, 'rd': 5, 'funct3': 0, 'rs1': 5, 'rs2': 1, 'funct7': 0, 'imm_I': 1, 'imm_S': 5, 'imm_B': 2052, 'imm_U': 1212416, 'imm_J': 165888}, 'rd': 5, 'alu_res': 5, 'mem_data': 0, 'wb_val_for_jumps': 36}

Cycle 29
PC = 36
Stall Flag = False
Flush Flag = False
IF/ID Reg = {'valid': 1, 'pc': 32, 'instr': 1213075}
ID/EX Reg = {'valid': 0, 'pc': 0, 'pc_plus4': 0, 'd': None, 'c': None, 'imm': 0, 'rs1': 0, 'rs2': 0, 'rd': 0, 'rs1_val': 0, 'rs2_val': 0, 'alu_op': 'ADD'}
EX/MEM Reg = {'valid': 0, 'pc_plus4': 0, 'c': None, 'd': None, 'rd': 0, 'alu_res': 0, 'rs2_val_fwd': 0, 'mem_addr': 0, 'branch_taken': 0, 'next_pc': 0, 'wb_val_for_jumps': 0}
MEM/WB Reg = {'valid': 1, 'pc_plus4': 40, 'c': {'RegWrite': 0, 'MemRead': 0, 'MemWrite': 0, 'MemToReg': 0, 'ALUSrc': 0, 'Branch': 1, 'Jump': 0, 'JumpReg': 0, 'ALUOp': 'SUB', 'ImmSel': 'B', 'BrType': 'blt', 'IsNOP': 0}, 'd': {'instr': 4267888355, 'opcode': 99, 'rd': 29, 'funct3': 4, 'rs1': 5, 'rs2': 6, 'funct7': 127, 'imm_I': -26, 'imm_S': -3, 'imm_B': -4, 'imm_U': 4267884544, 'imm_J': -866330}, 'rd': 29, 'alu_res': 4294967291, 'mem_data': 0, 'wb_val_for_jumps': 40}

Cycle 30
PC = 40
Stall Flag = False
Flush Flag = False
IF/ID Reg = {'valid': 1, 'pc': 36, 'instr': 4267888355}
ID/EX Reg = {'valid': 1, 'pc': 32, 'pc_plus4': 36, 'd': {'instr': 1213075, 'opcode': 19, 'rd': 5, 'funct3': 0, 'rs1': 5, 'rs2': 1, 'funct7': 0, 'imm_I': 1, 'imm_S': 5, 'imm_B': 2052, 'imm_U': 1212416, 'imm_J': 165888}, 'c': {'RegWrite': 1, 'MemRead': 0, 'MemWrite': 0, 'MemToReg': 0, 'ALUSrc': 1, 'Branch': 0, 'Jump': 0, 'JumpReg': 0, 'ALUOp': 'ADD', 'ImmSel': 'I', 'BrType': None, 'IsNOP': 0}, 'imm': 1, 'rs1': 5, 'rs2': 1, 'rd': 5, 'rs1_val': 5, 'rs2_val': 0, 'alu_op': 'ADD'}
EX/MEM Reg = {'valid': 0, 'pc_plus4': 0, 'c': None, 'd': None, 'rd': 0, 'alu_res': 0, 'rs2_val_fwd': 0, 'mem_addr': 0, 'branch_taken': 0, 'next_pc': 0, 'wb_val_for_jumps': 0}
MEM/WB Reg = {'valid': 0, 'pc_plus4': 0, 'c': None, 'd': None, 'rd': 0, 'alu_res': 0, 'mem_data': 0, 'wb_val_for_jumps': 0}

Cycle 31
PC = 44
Stall Flag = False
Flush Flag = False
IF/ID Reg = {'valid': 1, 'pc': 40, 'instr': 659}
ID/EX Reg = {'valid': 1, 'pc': 36, 'pc_plus4': 40, 'd': {'instr': 4267888355, 'opcode': 99, 'rd': 29, 'funct3': 4, 'rs1': 5, 'rs2': 6, 'funct7': 127, 'imm_I': -26, 'imm_S': -3, 'imm_B': -4, 'imm_U': 4267884544, 'imm_J': -866330}, 'c': {'RegWrite': 0, 'MemRead': 0, 'MemWrite': 0, 'MemToReg': 0, 'ALUSrc': 0, 'Branch': 1, 'Jump': 0, 'JumpReg': 0, 'ALUOp': 'SUB', 'ImmSel': 'B', 'BrType': 'blt', 'IsNOP': 0}, 'imm': -4, 'rs1': 5, 'rs2': 6, 'rd': 29, 'rs1_val': 5, 'rs2_val': 10, 'alu_op': 'SUB'}
EX/MEM Reg = {'valid': 1, 'pc_plus4': 36, 'c': {'RegWrite': 1, 'MemRead': 0, 'MemWrite': 0, 'MemToReg': 0, 'ALUSrc': 1, 'Branch': 0, 'Jump': 0, 'JumpReg': 0, 'ALUOp': 'ADD', 'ImmSel': 'I', 'BrType': None, 'IsNOP': 0}, 'd': {'instr': 1213075, 'opcode': 19, 'rd': 5, 'funct3': 0, 'rs1': 5, 'rs2': 1, 'funct7': 0, 'imm_I': 1, 'imm_S': 5, 'imm_B': 2052, 'imm_U': 1212416, 'imm_J': 165888}, 'rd': 5, 'alu_res': 6, 'rs2_val_fwd': 0, 'mem_addr': 6, 'branch_taken': 0, 'next_pc': 0, 'wb_val_for_jumps': 36}
MEM/WB Reg = {'valid': 0, 'pc_plus4': 0, 'c': None, 'd': None, 'rd': 0, 'alu_res': 0, 'mem_data': 0, 'wb_val_for_jumps': 0}

Cycle 32
PC = 32
Stall Flag = False
Flush Flag = True
IF/ID Reg = {'valid': 0, 'pc': 0, 'instr': 0}
ID/EX Reg = {'valid': 0, 'pc': 40, 'pc_plus4': 44, 'd': {'instr': 659, 'opcode': 19, 'rd': 5, 'funct3': 0, 'rs1': 0, 'rs2': 0, 'funct7': 0, 'imm_I': 0, 'imm_S': 5, 'imm_B': 2052, 'imm_U': 0, 'imm_J': 0}, 'c': {'RegWrite': 1, 'MemRead': 0, 'MemWrite': 0, 'MemToReg': 0, 'ALUSrc': 1, 'Branch': 0, 'Jump': 0, 'JumpReg': 0, 'ALUOp': 'ADD', 'ImmSel': 'I', 'BrType': None, 'IsNOP': 0}, 'imm': 0, 'rs1': 0, 'rs2': 0, 'rd': 5, 'rs1_val': 0, 'rs2_val': 0, 'alu_op': 'ADD'}
EX/MEM Reg = {'valid': 1, 'pc_plus4': 40, 'c': {'RegWrite': 0, 'MemRead': 0, 'MemWrite': 0, 'MemToReg': 0, 'ALUSrc': 0, 'Branch': 1, 'Jump': 0, 'JumpReg': 0, 'ALUOp': 'SUB', 'ImmSel': 'B', 'BrType': 'blt', 'IsNOP': 0}, 'd': {'instr': 4267888355, 'opcode': 99, 'rd': 29, 'funct3': 4, 'rs1': 5, 'rs2': 6, 'funct7': 127, 'imm_I': -26, 'imm_S': -3, 'imm_B': -4, 'imm_U': 4267884544, 'imm_J': -866330}, 'rd': 29, 'alu_res': 4294967292, 'rs2_val_fwd': 10, 'mem_addr': 4294967292, 'branch_taken': 0, 'next_pc': 0, 'wb_val_for_jumps': 40}
MEM/WB Reg = {'valid': 1, 'pc_plus4': 36, 'c': {'RegWrite': 1, 'MemRead': 0, 'MemWrite': 0, 'MemToReg': 0, 'ALUSrc': 1, 'Branch': 0, 'Jump': 0, 'JumpReg': 0, 'ALUOp': 'ADD', 'ImmSel': 'I', 'BrType': None, 'IsNOP': 0}, 'd': {'instr': 1213075, 'opcode': 19, 'rd': 5, 'funct3': 0, 'rs1': 5, 'rs2': 1, 'funct7': 0, 'imm_I': 1, 'imm_S': 5, 'imm_B': 2052, 'imm_U': 1212416, 'imm_J': 165888}, 'rd': 5, 'alu_res': 6, 'mem_data': 0, 'wb_val_for_jumps': 36}

Cycle 33
PC = 36
Stall Flag = False
Flush Flag = False
IF/ID Reg = {'valid': 1, 'pc': 32, 'instr': 1213075}
ID/EX Reg = {'valid': 0, 'pc': 0, 'pc_plus4': 0, 'd': None, 'c': None, 'imm': 0, 'rs1': 0, 'rs2': 0, 'rd': 0, 'rs1_val': 0, 'rs2_val': 0, 'alu_op': 'ADD'}
EX/MEM Reg = {'valid': 0, 'pc_plus4': 0, 'c': None, 'd': None, 'rd': 0, 'alu_res': 0, 'rs2_val_fwd': 0, 'mem_addr': 0, 'branch_taken': 0, 'next_pc': 0, 'wb_val_for_jumps': 0}
MEM/WB Reg = {'valid': 1, 'pc_plus4': 40, 'c': {'RegWrite': 0, 'MemRead': 0, 'MemWrite': 0, 'MemToReg': 0, 'ALUSrc': 0, 'Branch': 1, 'Jump': 0, 'JumpReg': 0, 'ALUOp': 'SUB', 'ImmSel': 'B', 'BrType': 'blt', 'IsNOP': 0}, 'd': {'instr': 4267888355, 'opcode': 99, 'rd': 29, 'funct3': 4, 'rs1': 5, 'rs2': 6, 'funct7': 127, 'imm_I': -26, 'imm_S': -3, 'imm_B': -4, 'imm_U': 4267884544, 'imm_J': -866330}, 'rd': 29, 'alu_res': 4294967292, 'mem_data': 0, 'wb_val_for_jumps': 40}

Cycle 34
PC = 40
Stall Flag = False
Flush Flag = False
IF/ID Reg = {'valid': 1, 'pc': 36, 'instr': 4267888355}
ID/EX Reg = {'valid': 1, 'pc': 32, 'pc_plus4': 36, 'd': {'instr': 1213075, 'opcode': 19, 'rd': 5, 'funct3': 0, 'rs1': 5, 'rs2': 1, 'funct7': 0, 'imm_I': 1, 'imm_S': 5, 'imm_B': 2052, 'imm_U': 1212416, 'imm_J': 165888}, 'c': {'RegWrite': 1, 'MemRead': 0, 'MemWrite': 0, 'MemToReg': 0, 'ALUSrc': 1, 'Branch': 0, 'Jump': 0, 'JumpReg': 0, 'ALUOp': 'ADD', 'ImmSel': 'I', 'BrType': None, 'IsNOP': 0}, 'imm': 1, 'rs1': 5, 'rs2': 1, 'rd': 5, 'rs1_val': 6, 'rs2_val': 0, 'alu_op': 'ADD'}
EX/MEM Reg = {'valid': 0, 'pc_plus4': 0, 'c': None, 'd': None, 'rd': 0, 'alu_res': 0, 'rs2_val_fwd': 0, 'mem_addr': 0, 'branch_taken': 0, 'next_pc': 0, 'wb_val_for_jumps': 0}
MEM/WB Reg = {'valid': 0, 'pc_plus4': 0, 'c': None, 'd': None, 'rd': 0, 'alu_res': 0, 'mem_data': 0, 'wb_val_for_jumps': 0}

Cycle 35
PC = 44
Stall Flag = False
Flush Flag = False
IF/ID Reg = {'valid': 1, 'pc': 40, 'instr': 659}
ID/EX Reg = {'valid': 1, 'pc': 36, 'pc_plus4': 40, 'd': {'instr': 4267888355, 'opcode': 99, 'rd': 29, 'funct3': 4, 'rs1': 5, 'rs2': 6, 'funct7': 127, 'imm_I': -26, 'imm_S': -3, 'imm_B': -4, 'imm_U': 4267884544, 'imm_J': -866330}, 'c': {'RegWrite': 0, 'MemRead': 0, 'MemWrite': 0, 'MemToReg': 0, 'ALUSrc': 0, 'Branch': 1, 'Jump': 0, 'JumpReg': 0, 'ALUOp': 'SUB', 'ImmSel': 'B', 'BrType': 'blt', 'IsNOP': 0}, 'imm': -4, 'rs1': 5, 'rs2': 6, 'rd': 29, 'rs1_val': 6, 'rs2_val': 10, 'alu_op': 'SUB'}
EX/MEM Reg = {'valid': 1, 'pc_plus4': 36, 'c': {'RegWrite': 1, 'MemRead': 0, 'MemWrite': 0, 'MemToReg': 0, 'ALUSrc': 1, 'Branch': 0, 'Jump': 0, 'JumpReg': 0, 'ALUOp': 'ADD', 'ImmSel': 'I', 'BrType': None, 'IsNOP': 0}, 'd': {'instr': 1213075, 'opcode': 19, 'rd': 5, 'funct3': 0, 'rs1': 5, 'rs2': 1, 'funct7': 0, 'imm_I': 1, 'imm_S': 5, 'imm_B': 2052, 'imm_U': 1212416, 'imm_J': 165888}, 'rd': 5, 'alu_res': 7, 'rs2_val_fwd': 0, 'mem_addr': 7, 'branch_taken': 0, 'next_pc': 0, 'wb_val_for_jumps': 36}
MEM/WB Reg = {'valid': 0, 'pc_plus4': 0, 'c': None, 'd': None, 'rd': 0, 'alu_res': 0, 'mem_data': 0, 'wb_val_for_jumps': 0}

Cycle 36
PC = 32
Stall Flag = False
Flush Flag = True
IF/ID Reg = {'valid': 0, 'pc': 0, 'instr': 0}
ID/EX Reg = {'valid': 0, 'pc': 40, 'pc_plus4': 44, 'd': {'instr': 659, 'opcode': 19, 'rd': 5, 'funct3': 0, 'rs1': 0, 'rs2': 0, 'funct7': 0, 'imm_I': 0, 'imm_S': 5, 'imm_B': 2052, 'imm_U': 0, 'imm_J': 0}, 'c': {'RegWrite': 1, 'MemRead': 0, 'MemWrite': 0, 'MemToReg': 0, 'ALUSrc': 1, 'Branch': 0, 'Jump': 0, 'JumpReg': 0, 'ALUOp': 'ADD', 'ImmSel': 'I', 'BrType': None, 'IsNOP': 0}, 'imm': 0, 'rs1': 0, 'rs2': 0, 'rd': 5, 'rs1_val': 0, 'rs2_val': 0, 'alu_op': 'ADD'}
EX/MEM Reg = {'valid': 1, 'pc_plus4': 40, 'c': {'RegWrite': 0, 'MemRead': 0, 'MemWrite': 0, 'MemToReg': 0, 'ALUSrc': 0, 'Branch': 1, 'Jump': 0, 'JumpReg': 0, 'ALUOp': 'SUB', 'ImmSel': 'B', 'BrType': 'blt', 'IsNOP': 0}, 'd': {'instr': 4267888355, 'opcode': 99, 'rd': 29, 'funct3': 4, 'rs1': 5, 'rs2': 6, 'funct7': 127, 'imm_I': -26, 'imm_S': -3, 'imm_B': -4, 'imm_U': 4267884544, 'imm_J': -866330}, 'rd': 29, 'alu_res': 4294967293, 'rs2_val_fwd': 10, 'mem_addr': 4294967293, 'branch_taken': 0, 'next_pc': 0, 'wb_val_for_jumps': 40}
MEM/WB Reg = {'valid': 1, 'pc_plus4': 36, 'c': {'RegWrite': 1, 'MemRead': 0, 'MemWrite': 0, 'MemToReg': 0, 'ALUSrc': 1, 'Branch': 0, 'Jump': 0, 'JumpReg': 0, 'ALUOp': 'ADD', 'ImmSel': 'I', 'BrType': None, 'IsNOP': 0}, 'd': {'instr': 1213075, 'opcode': 19, 'rd': 5, 'funct3': 0, 'rs1': 5, 'rs2': 1, 'funct7': 0, 'imm_I': 1, 'imm_S': 5, 'imm_B': 2052, 'imm_U': 1212416, 'imm_J': 165888}, 'rd': 5, 'alu_res': 7, 'mem_data': 0, 'wb_val_for_jumps': 36}

Cycle 37
PC = 36
Stall Flag = False
Flush Flag = False
IF/ID Reg = {'valid': 1, 'pc': 32, 'instr': 1213075}
ID/EX Reg = {'valid': 0, 'pc': 0, 'pc_plus4': 0, 'd': None, 'c': None, 'imm': 0, 'rs1': 0, 'rs2': 0, 'rd': 0, 'rs1_val': 0, 'rs2_val': 0, 'alu_op': 'ADD'}
EX/MEM Reg = {'valid': 0, 'pc_plus4': 0, 'c': None, 'd': None, 'rd': 0, 'alu_res': 0, 'rs2_val_fwd': 0, 'mem_addr': 0, 'branch_taken': 0, 'next_pc': 0, 'wb_val_for_jumps': 0}
MEM/WB Reg = {'valid': 1, 'pc_plus4': 40, 'c': {'RegWrite': 0, 'MemRead': 0, 'MemWrite': 0, 'MemToReg': 0, 'ALUSrc': 0, 'Branch': 1, 'Jump': 0, 'JumpReg': 0, 'ALUOp': 'SUB', 'ImmSel': 'B', 'BrType': 'blt', 'IsNOP': 0}, 'd': {'instr': 4267888355, 'opcode': 99, 'rd': 29, 'funct3': 4, 'rs1': 5, 'rs2': 6, 'funct7': 127, 'imm_I': -26, 'imm_S': -3, 'imm_B': -4, 'imm_U': 4267884544, 'imm_J': -866330}, 'rd': 29, 'alu_res': 4294967293, 'mem_data': 0, 'wb_val_for_jumps': 40}

Cycle 38
PC = 40
Stall Flag = False
Flush Flag = False
IF/ID Reg = {'valid': 1, 'pc': 36, 'instr': 4267888355}
ID/EX Reg = {'valid': 1, 'pc': 32, 'pc_plus4': 36, 'd': {'instr': 1213075, 'opcode': 19, 'rd': 5, 'funct3': 0, 'rs1': 5, 'rs2': 1, 'funct7': 0, 'imm_I': 1, 'imm_S': 5, 'imm_B': 2052, 'imm_U': 1212416, 'imm_J': 165888}, 'c': {'RegWrite': 1, 'MemRead': 0, 'MemWrite': 0, 'MemToReg': 0, 'ALUSrc': 1, 'Branch': 0, 'Jump': 0, 'JumpReg': 0, 'ALUOp': 'ADD', 'ImmSel': 'I', 'BrType': None, 'IsNOP': 0}, 'imm': 1, 'rs1': 5, 'rs2': 1, 'rd': 5, 'rs1_val': 7, 'rs2_val': 0, 'alu_op': 'ADD'}
EX/MEM Reg = {'valid': 0, 'pc_plus4': 0, 'c': None, 'd': None, 'rd': 0, 'alu_res': 0, 'rs2_val_fwd': 0, 'mem_addr': 0, 'branch_taken': 0, 'next_pc': 0, 'wb_val_for_jumps': 0}
MEM/WB Reg = {'valid': 0, 'pc_plus4': 0, 'c': None, 'd': None, 'rd': 0, 'alu_res': 0, 'mem_data': 0, 'wb_val_for_jumps': 0}

Cycle 39
PC = 44
Stall Flag = False
Flush Flag = False
IF/ID Reg = {'valid': 1, 'pc': 40, 'instr': 659}
ID/EX Reg = {'valid': 1, 'pc': 36, 'pc_plus4': 40, 'd': {'instr': 4267888355, 'opcode': 99, 'rd': 29, 'funct3': 4, 'rs1': 5, 'rs2': 6, 'funct7': 127, 'imm_I': -26, 'imm_S': -3, 'imm_B': -4, 'imm_U': 4267884544, 'imm_J': -866330}, 'c': {'RegWrite': 0, 'MemRead': 0, 'MemWrite': 0, 'MemToReg': 0, 'ALUSrc': 0, 'Branch': 1, 'Jump': 0, 'JumpReg': 0, 'ALUOp': 'SUB', 'ImmSel': 'B', 'BrType': 'blt', 'IsNOP': 0}, 'imm': -4, 'rs1': 5, 'rs2': 6, 'rd': 29, 'rs1_val': 7, 'rs2_val': 10, 'alu_op': 'SUB'}
EX/MEM Reg = {'valid': 1, 'pc_plus4': 36, 'c': {'RegWrite': 1, 'MemRead': 0, 'MemWrite': 0, 'MemToReg': 0, 'ALUSrc': 1, 'Branch': 0, 'Jump': 0, 'JumpReg': 0, 'ALUOp': 'ADD', 'ImmSel': 'I', 'BrType': None, 'IsNOP': 0}, 'd': {'instr': 1213075, 'opcode': 19, 'rd': 5, 'funct3': 0, 'rs1': 5, 'rs2': 1, 'funct7': 0, 'imm_I': 1, 'imm_S': 5, 'imm_B': 2052, 'imm_U': 1212416, 'imm_J': 165888}, 'rd': 5, 'alu_res': 8, 'rs2_val_fwd': 0, 'mem_addr': 8, 'branch_taken': 0, 'next_pc': 0, 'wb_val_for_jumps': 36}
MEM/WB Reg = {'valid': 0, 'pc_plus4': 0, 'c': None, 'd': None, 'rd': 0, 'alu_res': 0, 'mem_data': 0, 'wb_val_for_jumps': 0}

Cycle 40
PC = 32
Stall Flag = False
Flush Flag = True
IF/ID Reg = {'valid': 0, 'pc': 0, 'instr': 0}
ID/EX Reg = {'valid': 0, 'pc': 40, 'pc_plus4': 44, 'd': {'instr': 659, 'opcode': 19, 'rd': 5, 'funct3': 0, 'rs1': 0, 'rs2': 0, 'funct7': 0, 'imm_I': 0, 'imm_S': 5, 'imm_B': 2052, 'imm_U': 0, 'imm_J': 0}, 'c': {'RegWrite': 1, 'MemRead': 0, 'MemWrite': 0, 'MemToReg': 0, 'ALUSrc': 1, 'Branch': 0, 'Jump': 0, 'JumpReg': 0, 'ALUOp': 'ADD', 'ImmSel': 'I', 'BrType': None, 'IsNOP': 0}, 'imm': 0, 'rs1': 0, 'rs2': 0, 'rd': 5, 'rs1_val': 0, 'rs2_val': 0, 'alu_op': 'ADD'}
EX/MEM Reg = {'valid': 1, 'pc_plus4': 40, 'c': {'RegWrite': 0, 'MemRead': 0, 'MemWrite': 0, 'MemToReg': 0, 'ALUSrc': 0, 'Branch': 1, 'Jump': 0, 'JumpReg': 0, 'ALUOp': 'SUB', 'ImmSel': 'B', 'BrType': 'blt', 'IsNOP': 0}, 'd': {'instr': 4267888355, 'opcode': 99, 'rd': 29, 'funct3': 4, 'rs1': 5, 'rs2': 6, 'funct7': 127, 'imm_I': -26, 'imm_S': -3, 'imm_B': -4, 'imm_U': 4267884544, 'imm_J': -866330}, 'rd': 29, 'alu_res': 4294967294, 'rs2_val_fwd': 10, 'mem_addr': 4294967294, 'branch_taken': 0, 'next_pc': 0, 'wb_val_for_jumps': 40}
MEM/WB Reg = {'valid': 1, 'pc_plus4': 36, 'c': {'RegWrite': 1, 'MemRead': 0, 'MemWrite': 0, 'MemToReg': 0, 'ALUSrc': 1, 'Branch': 0, 'Jump': 0, 'JumpReg': 0, 'ALUOp': 'ADD', 'ImmSel': 'I', 'BrType': None, 'IsNOP': 0}, 'd': {'instr': 1213075, 'opcode': 19, 'rd': 5, 'funct3': 0, 'rs1': 5, 'rs2': 1, 'funct7': 0, 'imm_I': 1, 'imm_S': 5, 'imm_B': 2052, 'imm_U': 1212416, 'imm_J': 165888}, 'rd': 5, 'alu_res': 8, 'mem_data': 0, 'wb_val_for_jumps': 36}

Cycle 41
PC = 36
Stall Flag = False
Flush Flag = False
IF/ID Reg = {'valid': 1, 'pc': 32, 'instr': 1213075}
ID/EX Reg = {'valid': 0, 'pc': 0, 'pc_plus4': 0, 'd': None, 'c': None, 'imm': 0, 'rs1': 0, 'rs2': 0, 'rd': 0, 'rs1_val': 0, 'rs2_val': 0, 'alu_op': 'ADD'}
EX/MEM Reg = {'valid': 0, 'pc_plus4': 0, 'c': None, 'd': None, 'rd': 0, 'alu_res': 0, 'rs2_val_fwd': 0, 'mem_addr': 0, 'branch_taken': 0, 'next_pc': 0, 'wb_val_for_jumps': 0}
MEM/WB Reg = {'valid': 1, 'pc_plus4': 40, 'c': {'RegWrite': 0, 'MemRead': 0, 'MemWrite': 0, 'MemToReg': 0, 'ALUSrc': 0, 'Branch': 1, 'Jump': 0, 'JumpReg': 0, 'ALUOp': 'SUB', 'ImmSel': 'B', 'BrType': 'blt', 'IsNOP': 0}, 'd': {'instr': 4267888355, 'opcode': 99, 'rd': 29, 'funct3': 4, 'rs1': 5, 'rs2': 6, 'funct7': 127, 'imm_I': -26, 'imm_S': -3, 'imm_B': -4, 'imm_U': 4267884544, 'imm_J': -866330}, 'rd': 29, 'alu_res': 4294967294, 'mem_data': 0, 'wb_val_for_jumps': 40}

Cycle 42
PC = 40
Stall Flag = False
Flush Flag = False
IF/ID Reg = {'valid': 1, 'pc': 36, 'instr': 4267888355}
ID/EX Reg = {'valid': 1, 'pc': 32, 'pc_plus4': 36, 'd': {'instr': 1213075, 'opcode': 19, 'rd': 5, 'funct3': 0, 'rs1': 5, 'rs2': 1, 'funct7': 0, 'imm_I': 1, 'imm_S': 5, 'imm_B': 2052, 'imm_U': 1212416, 'imm_J': 165888}, 'c': {'RegWrite': 1, 'MemRead': 0, 'MemWrite': 0, 'MemToReg': 0, 'ALUSrc': 1, 'Branch': 0, 'Jump': 0, 'JumpReg': 0, 'ALUOp': 'ADD', 'ImmSel': 'I', 'BrType': None, 'IsNOP': 0}, 'imm': 1, 'rs1': 5, 'rs2': 1, 'rd': 5, 'rs1_val': 8, 'rs2_val': 0, 'alu_op': 'ADD'}
EX/MEM Reg = {'valid': 0, 'pc_plus4': 0, 'c': None, 'd': None, 'rd': 0, 'alu_res': 0, 'rs2_val_fwd': 0, 'mem_addr': 0, 'branch_taken': 0, 'next_pc': 0, 'wb_val_for_jumps': 0}
MEM/WB Reg = {'valid': 0, 'pc_plus4': 0, 'c': None, 'd': None, 'rd': 0, 'alu_res': 0, 'mem_data': 0, 'wb_val_for_jumps': 0}

Cycle 43
PC = 44
Stall Flag = False
Flush Flag = False
IF/ID Reg = {'valid': 1, 'pc': 40, 'instr': 659}
ID/EX Reg = {'valid': 1, 'pc': 36, 'pc_plus4': 40, 'd': {'instr': 4267888355, 'opcode': 99, 'rd': 29, 'funct3': 4, 'rs1': 5, 'rs2': 6, 'funct7': 127, 'imm_I': -26, 'imm_S': -3, 'imm_B': -4, 'imm_U': 4267884544, 'imm_J': -866330}, 'c': {'RegWrite': 0, 'MemRead': 0, 'MemWrite': 0, 'MemToReg': 0, 'ALUSrc': 0, 'Branch': 1, 'Jump': 0, 'JumpReg': 0, 'ALUOp': 'SUB', 'ImmSel': 'B', 'BrType': 'blt', 'IsNOP': 0}, 'imm': -4, 'rs1': 5, 'rs2': 6, 'rd': 29, 'rs1_val': 8, 'rs2_val': 10, 'alu_op': 'SUB'}
EX/MEM Reg = {'valid': 1, 'pc_plus4': 36, 'c': {'RegWrite': 1, 'MemRead': 0, 'MemWrite': 0, 'MemToReg': 0, 'ALUSrc': 1, 'Branch': 0, 'Jump': 0, 'JumpReg': 0, 'ALUOp': 'ADD', 'ImmSel': 'I', 'BrType': None, 'IsNOP': 0}, 'd': {'instr': 1213075, 'opcode': 19, 'rd': 5, 'funct3': 0, 'rs1': 5, 'rs2': 1, 'funct7': 0, 'imm_I': 1, 'imm_S': 5, 'imm_B': 2052, 'imm_U': 1212416, 'imm_J': 165888}, 'rd': 5, 'alu_res': 9, 'rs2_val_fwd': 0, 'mem_addr': 9, 'branch_taken': 0, 'next_pc': 0, 'wb_val_for_jumps': 36}
MEM/WB Reg = {'valid': 0, 'pc_plus4': 0, 'c': None, 'd': None, 'rd': 0, 'alu_res': 0, 'mem_data': 0, 'wb_val_for_jumps': 0}

Cycle 44
PC = 32
Stall Flag = False
Flush Flag = True
IF/ID Reg = {'valid': 0, 'pc': 0, 'instr': 0}
ID/EX Reg = {'valid': 0, 'pc': 40, 'pc_plus4': 44, 'd': {'instr': 659, 'opcode': 19, 'rd': 5, 'funct3': 0, 'rs1': 0, 'rs2': 0, 'funct7': 0, 'imm_I': 0, 'imm_S': 5, 'imm_B': 2052, 'imm_U': 0, 'imm_J': 0}, 'c': {'RegWrite': 1, 'MemRead': 0, 'MemWrite': 0, 'MemToReg': 0, 'ALUSrc': 1, 'Branch': 0, 'Jump': 0, 'JumpReg': 0, 'ALUOp': 'ADD', 'ImmSel': 'I', 'BrType': None, 'IsNOP': 0}, 'imm': 0, 'rs1': 0, 'rs2': 0, 'rd': 5, 'rs1_val': 0, 'rs2_val': 0, 'alu_op': 'ADD'}
EX/MEM Reg = {'valid': 1, 'pc_plus4': 40, 'c': {'RegWrite': 0, 'MemRead': 0, 'MemWrite': 0, 'MemToReg': 0, 'ALUSrc': 0, 'Branch': 1, 'Jump': 0, 'JumpReg': 0, 'ALUOp': 'SUB', 'ImmSel': 'B', 'BrType': 'blt', 'IsNOP': 0}, 'd': {'instr': 4267888355, 'opcode': 99, 'rd': 29, 'funct3': 4, 'rs1': 5, 'rs2': 6, 'funct7': 127, 'imm_I': -26, 'imm_S': -3, 'imm_B': -4, 'imm_U': 4267884544, 'imm_J': -866330}, 'rd': 29, 'alu_res': 4294967295, 'rs2_val_fwd': 10, 'mem_addr': 4294967295, 'branch_taken': 0, 'next_pc': 0, 'wb_val_for_jumps': 40}
MEM/WB Reg = {'valid': 1, 'pc_plus4': 36, 'c': {'RegWrite': 1, 'MemRead': 0, 'MemWrite': 0, 'MemToReg': 0, 'ALUSrc': 1, 'Branch': 0, 'Jump': 0, 'JumpReg': 0, 'ALUOp': 'ADD', 'ImmSel': 'I', 'BrType': None, 'IsNOP': 0}, 'd': {'instr': 1213075, 'opcode': 19, 'rd': 5, 'funct3': 0, 'rs1': 5, 'rs2': 1, 'funct7': 0, 'imm_I': 1, 'imm_S': 5, 'imm_B': 2052, 'imm_U': 1212416, 'imm_J': 165888}, 'rd': 5, 'alu_res': 9, 'mem_data': 0, 'wb_val_for_jumps': 36}

Cycle 45
PC = 36
Stall Flag = False
Flush Flag = False
IF/ID Reg = {'valid': 1, 'pc': 32, 'instr': 1213075}
ID/EX Reg = {'valid': 0, 'pc': 0, 'pc_plus4': 0, 'd': None, 'c': None, 'imm': 0, 'rs1': 0, 'rs2': 0, 'rd': 0, 'rs1_val': 0, 'rs2_val': 0, 'alu_op': 'ADD'}
EX/MEM Reg = {'valid': 0, 'pc_plus4': 0, 'c': None, 'd': None, 'rd': 0, 'alu_res': 0, 'rs2_val_fwd': 0, 'mem_addr': 0, 'branch_taken': 0, 'next_pc': 0, 'wb_val_for_jumps': 0}
MEM/WB Reg = {'valid': 1, 'pc_plus4': 40, 'c': {'RegWrite': 0, 'MemRead': 0, 'MemWrite': 0, 'MemToReg': 0, 'ALUSrc': 0, 'Branch': 1, 'Jump': 0, 'JumpReg': 0, 'ALUOp': 'SUB', 'ImmSel': 'B', 'BrType': 'blt', 'IsNOP': 0}, 'd': {'instr': 4267888355, 'opcode': 99, 'rd': 29, 'funct3': 4, 'rs1': 5, 'rs2': 6, 'funct7': 127, 'imm_I': -26, 'imm_S': -3, 'imm_B': -4, 'imm_U': 4267884544, 'imm_J': -866330}, 'rd': 29, 'alu_res': 4294967295, 'mem_data': 0, 'wb_val_for_jumps': 40}

Cycle 46
PC = 40
Stall Flag = False
Flush Flag = False
IF/ID Reg = {'valid': 1, 'pc': 36, 'instr': 4267888355}
ID/EX Reg = {'valid': 1, 'pc': 32, 'pc_plus4': 36, 'd': {'instr': 1213075, 'opcode': 19, 'rd': 5, 'funct3': 0, 'rs1': 5, 'rs2': 1, 'funct7': 0, 'imm_I': 1, 'imm_S': 5, 'imm_B': 2052, 'imm_U': 1212416, 'imm_J': 165888}, 'c': {'RegWrite': 1, 'MemRead': 0, 'MemWrite': 0, 'MemToReg': 0, 'ALUSrc': 1, 'Branch': 0, 'Jump': 0, 'JumpReg': 0, 'ALUOp': 'ADD', 'ImmSel': 'I', 'BrType': None, 'IsNOP': 0}, 'imm': 1, 'rs1': 5, 'rs2': 1, 'rd': 5, 'rs1_val': 9, 'rs2_val': 0, 'alu_op': 'ADD'}
EX/MEM Reg = {'valid': 0, 'pc_plus4': 0, 'c': None, 'd': None, 'rd': 0, 'alu_res': 0, 'rs2_val_fwd': 0, 'mem_addr': 0, 'branch_taken': 0, 'next_pc': 0, 'wb_val_for_jumps': 0}
MEM/WB Reg = {'valid': 0, 'pc_plus4': 0, 'c': None, 'd': None, 'rd': 0, 'alu_res': 0, 'mem_data': 0, 'wb_val_for_jumps': 0}

Cycle 47
PC = 44
Stall Flag = False
Flush Flag = False
IF/ID Reg = {'valid': 1, 'pc': 40, 'instr': 659}
ID/EX Reg = {'valid': 1, 'pc': 36, 'pc_plus4': 40, 'd': {'instr': 4267888355, 'opcode': 99, 'rd': 29, 'funct3': 4, 'rs1': 5, 'rs2': 6, 'funct7': 127, 'imm_I': -26, 'imm_S': -3, 'imm_B': -4, 'imm_U': 4267884544, 'imm_J': -866330}, 'c': {'RegWrite': 0, 'MemRead': 0, 'MemWrite': 0, 'MemToReg': 0, 'ALUSrc': 0, 'Branch': 1, 'Jump': 0, 'JumpReg': 0, 'ALUOp': 'SUB', 'ImmSel': 'B', 'BrType': 'blt', 'IsNOP': 0}, 'imm': -4, 'rs1': 5, 'rs2': 6, 'rd': 29, 'rs1_val': 9, 'rs2_val': 10, 'alu_op': 'SUB'}
EX/MEM Reg = {'valid': 1, 'pc_plus4': 36, 'c': {'RegWrite': 1, 'MemRead': 0, 'MemWrite': 0, 'MemToReg': 0, 'ALUSrc': 1, 'Branch': 0, 'Jump': 0, 'JumpReg': 0, 'ALUOp': 'ADD', 'ImmSel': 'I', 'BrType': None, 'IsNOP': 0}, 'd': {'instr': 1213075, 'opcode': 19, 'rd': 5, 'funct3': 0, 'rs1': 5, 'rs2': 1, 'funct7': 0, 'imm_I': 1, 'imm_S': 5, 'imm_B': 2052, 'imm_U': 1212416, 'imm_J': 165888}, 'rd': 5, 'alu_res': 10, 'rs2_val_fwd': 0, 'mem_addr': 10, 'branch_taken': 0, 'next_pc': 0, 'wb_val_for_jumps': 36}
MEM/WB Reg = {'valid': 0, 'pc_plus4': 0, 'c': None, 'd': None, 'rd': 0, 'alu_res': 0, 'mem_data': 0, 'wb_val_for_jumps': 0}

Cycle 48
PC = 48
Stall Flag = False
Flush Flag = False
IF/ID Reg = {'valid': 1, 'pc': 44, 'instr': 10486547}
ID/EX Reg = {'valid': 1, 'pc': 40, 'pc_plus4': 44, 'd': {'instr': 659, 'opcode': 19, 'rd': 5, 'funct3': 0, 'rs1': 0, 'rs2': 0, 'funct7': 0, 'imm_I': 0, 'imm_S': 5, 'imm_B': 2052, 'imm_U': 0, 'imm_J': 0}, 'c': {'RegWrite': 1, 'MemRead': 0, 'MemWrite': 0, 'MemToReg': 0, 'ALUSrc': 1, 'Branch': 0, 'Jump': 0, 'JumpReg': 0, 'ALUOp': 'ADD', 'ImmSel': 'I', 'BrType': None, 'IsNOP': 0}, 'imm': 0, 'rs1': 0, 'rs2': 0, 'rd': 5, 'rs1_val': 0, 'rs2_val': 0, 'alu_op': 'ADD'}
EX/MEM Reg = {'valid': 1, 'pc_plus4': 40, 'c': {'RegWrite': 0, 'MemRead': 0, 'MemWrite': 0, 'MemToReg': 0, 'ALUSrc': 0, 'Branch': 1, 'Jump': 0, 'JumpReg': 0, 'ALUOp': 'SUB', 'ImmSel': 'B', 'BrType': 'blt', 'IsNOP': 0}, 'd': {'instr': 4267888355, 'opcode': 99, 'rd': 29, 'funct3': 4, 'rs1': 5, 'rs2': 6, 'funct7': 127, 'imm_I': -26, 'imm_S': -3, 'imm_B': -4, 'imm_U': 4267884544, 'imm_J': -866330}, 'rd': 29, 'alu_res': 0, 'rs2_val_fwd': 10, 'mem_addr': 0, 'branch_taken': 0, 'next_pc': 0, 'wb_val_for_jumps': 40}
MEM/WB Reg = {'valid': 1, 'pc_plus4': 36, 'c': {'RegWrite': 1, 'MemRead': 0, 'MemWrite': 0, 'MemToReg': 0, 'ALUSrc': 1, 'Branch': 0, 'Jump': 0, 'JumpReg': 0, 'ALUOp': 'ADD', 'ImmSel': 'I', 'BrType': None, 'IsNOP': 0}, 'd': {'instr': 1213075, 'opcode': 19, 'rd': 5, 'funct3': 0, 'rs1': 5, 'rs2': 1, 'funct7': 0, 'imm_I': 1, 'imm_S': 5, 'imm_B': 2052, 'imm_U': 1212416, 'imm_J': 165888}, 'rd': 5, 'alu_res': 10, 'mem_data': 0, 'wb_val_for_jumps': 36}

Cycle 49
PC = 52
Stall Flag = False
Flush Flag = False
IF/ID Reg = {'valid': 1, 'pc': 48, 'instr': 915}
ID/EX Reg = {'valid': 1, 'pc': 44, 'pc_plus4': 48, 'd': {'instr': 10486547, 'opcode': 19, 'rd': 6, 'funct3': 0, 'rs1': 0, 'rs2': 10, 'funct7': 0, 'imm_I': 10, 'imm_S': 6, 'imm_B': 6, 'imm_U': 10485760, 'imm_J': 10}, 'c': {'RegWrite': 1, 'MemRead': 0, 'MemWrite': 0, 'MemToReg': 0, 'ALUSrc': 1, 'Branch': 0, 'Jump': 0, 'JumpReg': 0, 'ALUOp': 'ADD', 'ImmSel': 'I', 'BrType': None, 'IsNOP': 0}, 'imm': 10, 'rs1': 0, 'rs2': 10, 'rd': 6, 'rs1_val': 0, 'rs2_val': 0, 'alu_op': 'ADD'}
EX/MEM Reg = {'valid': 1, 'pc_plus4': 44, 'c': {'RegWrite': 1, 'MemRead': 0, 'MemWrite': 0, 'MemToReg': 0, 'ALUSrc': 1, 'Branch': 0, 'Jump': 0, 'JumpReg': 0, 'ALUOp': 'ADD', 'ImmSel': 'I', 'BrType': None, 'IsNOP': 0}, 'd': {'instr': 659, 'opcode': 19, 'rd': 5, 'funct3': 0, 'rs1': 0, 'rs2': 0, 'funct7': 0, 'imm_I': 0, 'imm_S': 5, 'imm_B': 2052, 'imm_U': 0, 'imm_J': 0}, 'rd': 5, 'alu_res': 0, 'rs2_val_fwd': 0, 'mem_addr': 0, 'branch_taken': 0, 'next_pc': 0, 'wb_val_for_jumps': 44}
MEM/WB Reg = {'valid': 1, 'pc_plus4': 40, 'c': {'RegWrite': 0, 'MemRead': 0, 'MemWrite': 0, 'MemToReg': 0, 'ALUSrc': 0, 'Branch': 1, 'Jump': 0, 'JumpReg': 0, 'ALUOp': 'SUB', 'ImmSel': 'B', 'BrType': 'blt', 'IsNOP': 0}, 'd': {'instr': 4267888355, 'opcode': 99, 'rd': 29, 'funct3': 4, 'rs1': 5, 'rs2': 6, 'funct7': 127, 'imm_I': -26, 'imm_S': -3, 'imm_B': -4, 'imm_U': 4267884544, 'imm_J': -866330}, 'rd': 29, 'alu_res': 0, 'mem_data': 0, 'wb_val_for_jumps': 40}

Cycle 50
PC = 56
Stall Flag = False
Flush Flag = False
IF/ID Reg = {'valid': 1, 'pc': 52, 'instr': 1278867}
ID/EX Reg = {'valid': 1, 'pc': 48, 'pc_plus4': 52, 'd': {'instr': 915, 'opcode': 19, 'rd': 7, 'funct3': 0, 'rs1': 0, 'rs2': 0, 'funct7': 0, 'imm_I': 0, 'imm_S': 7, 'imm_B': 2054, 'imm_U': 0, 'imm_J': 0}, 'c': {'RegWrite': 1, 'MemRead': 0, 'MemWrite': 0, 'MemToReg': 0, 'ALUSrc': 1, 'Branch': 0, 'Jump': 0, 'JumpReg': 0, 'ALUOp': 'ADD', 'ImmSel': 'I', 'BrType': None, 'IsNOP': 0}, 'imm': 0, 'rs1': 0, 'rs2': 0, 'rd': 7, 'rs1_val': 0, 'rs2_val': 0, 'alu_op': 'ADD'}
EX/MEM Reg = {'valid': 1, 'pc_plus4': 48, 'c': {'RegWrite': 1, 'MemRead': 0, 'MemWrite': 0, 'MemToReg': 0, 'ALUSrc': 1, 'Branch': 0, 'Jump': 0, 'JumpReg': 0, 'ALUOp': 'ADD', 'ImmSel': 'I', 'BrType': None, 'IsNOP': 0}, 'd': {'instr': 10486547, 'opcode': 19, 'rd': 6, 'funct3': 0, 'rs1': 0, 'rs2': 10, 'funct7': 0, 'imm_I': 10, 'imm_S': 6, 'imm_B': 6, 'imm_U': 10485760, 'imm_J': 10}, 'rd': 6, 'alu_res': 10, 'rs2_val_fwd': 0, 'mem_addr': 10, 'branch_taken': 0, 'next_pc': 0, 'wb_val_for_jumps': 48}
MEM/WB Reg = {'valid': 1, 'pc_plus4': 44, 'c': {'RegWrite': 1, 'MemRead': 0, 'MemWrite': 0, 'MemToReg': 0, 'ALUSrc': 1, 'Branch': 0, 'Jump': 0, 'JumpReg': 0, 'ALUOp': 'ADD', 'ImmSel': 'I', 'BrType': None, 'IsNOP': 0}, 'd': {'instr': 659, 'opcode': 19, 'rd': 5, 'funct3': 0, 'rs1': 0, 'rs2': 0, 'funct7': 0, 'imm_I': 0, 'imm_S': 5, 'imm_B': 2052, 'imm_U': 0, 'imm_J': 0}, 'rd': 5, 'alu_res': 0, 'mem_data': 0, 'wb_val_for_jumps': 44}

Cycle 51
PC = 60
Stall Flag = False
Flush Flag = False
IF/ID Reg = {'valid': 1, 'pc': 56, 'instr': 4267953891}
ID/EX Reg = {'valid': 1, 'pc': 52, 'pc_plus4': 56, 'd': {'instr': 1278867, 'opcode': 19, 'rd': 7, 'funct3': 0, 'rs1': 7, 'rs2': 1, 'funct7': 0, 'imm_I': 1, 'imm_S': 7, 'imm_B': 2054, 'imm_U': 1277952, 'imm_J': 231424}, 'c': {'RegWrite': 1, 'MemRead': 0, 'MemWrite': 0, 'MemToReg': 0, 'ALUSrc': 1, 'Branch': 0, 'Jump': 0, 'JumpReg': 0, 'ALUOp': 'ADD', 'ImmSel': 'I', 'BrType': None, 'IsNOP': 0}, 'imm': 1, 'rs1': 7, 'rs2': 1, 'rd': 7, 'rs1_val': 0, 'rs2_val': 0, 'alu_op': 'ADD'}
EX/MEM Reg = {'valid': 1, 'pc_plus4': 52, 'c': {'RegWrite': 1, 'MemRead': 0, 'MemWrite': 0, 'MemToReg': 0, 'ALUSrc': 1, 'Branch': 0, 'Jump': 0, 'JumpReg': 0, 'ALUOp': 'ADD', 'ImmSel': 'I', 'BrType': None, 'IsNOP': 0}, 'd': {'instr': 915, 'opcode': 19, 'rd': 7, 'funct3': 0, 'rs1': 0, 'rs2': 0, 'funct7': 0, 'imm_I': 0, 'imm_S': 7, 'imm_B': 2054, 'imm_U': 0, 'imm_J': 0}, 'rd': 7, 'alu_res': 0, 'rs2_val_fwd': 0, 'mem_addr': 0, 'branch_taken': 0, 'next_pc': 0, 'wb_val_for_jumps': 52}
MEM/WB Reg = {'valid': 1, 'pc_plus4': 48, 'c': {'RegWrite': 1, 'MemRead': 0, 'MemWrite': 0, 'MemToReg': 0, 'ALUSrc': 1, 'Branch': 0, 'Jump': 0, 'JumpReg': 0, 'ALUOp': 'ADD', 'ImmSel': 'I', 'BrType': None, 'IsNOP': 0}, 'd': {'instr': 10486547, 'opcode': 19, 'rd': 6, 'funct3': 0, 'rs1': 0, 'rs2': 10, 'funct7': 0, 'imm_I': 10, 'imm_S': 6, 'imm_B': 6, 'imm_U': 10485760, 'imm_J': 10}, 'rd': 6, 'alu_res': 10, 'mem_data': 0, 'wb_val_for_jumps': 48}

Cycle 52
PC = 64
Stall Flag = False
Flush Flag = False
IF/ID Reg = {'valid': 1, 'pc': 60, 'instr': 1213075}
ID/EX Reg = {'valid': 1, 'pc': 56, 'pc_plus4': 60, 'd': {'instr': 4267953891, 'opcode': 99, 'rd': 29, 'funct3': 4, 'rs1': 7, 'rs2': 6, 'funct7': 127, 'imm_I': -26, 'imm_S': -3, 'imm_B': -4, 'imm_U': 4267950080, 'imm_J': -800794}, 'c': {'RegWrite': 0, 'MemRead': 0, 'MemWrite': 0, 'MemToReg': 0, 'ALUSrc': 0, 'Branch': 1, 'Jump': 0, 'JumpReg': 0, 'ALUOp': 'SUB', 'ImmSel': 'B', 'BrType': 'blt', 'IsNOP': 0}, 'imm': -4, 'rs1': 7, 'rs2': 6, 'rd': 29, 'rs1_val': 0, 'rs2_val': 10, 'alu_op': 'SUB'}
EX/MEM Reg = {'valid': 1, 'pc_plus4': 56, 'c': {'RegWrite': 1, 'MemRead': 0, 'MemWrite': 0, 'MemToReg': 0, 'ALUSrc': 1, 'Branch': 0, 'Jump': 0, 'JumpReg': 0, 'ALUOp': 'ADD', 'ImmSel': 'I', 'BrType': None, 'IsNOP': 0}, 'd': {'instr': 1278867, 'opcode': 19, 'rd': 7, 'funct3': 0, 'rs1': 7, 'rs2': 1, 'funct7': 0, 'imm_I': 1, 'imm_S': 7, 'imm_B': 2054, 'imm_U': 1277952, 'imm_J': 231424}, 'rd': 7, 'alu_res': 1, 'rs2_val_fwd': 0, 'mem_addr': 1, 'branch_taken': 0, 'next_pc': 0, 'wb_val_for_jumps': 56}
MEM/WB Reg = {'valid': 1, 'pc_plus4': 52, 'c': {'RegWrite': 1, 'MemRead': 0, 'MemWrite': 0, 'MemToReg': 0, 'ALUSrc': 1, 'Branch': 0, 'Jump': 0, 'JumpReg': 0, 'ALUOp': 'ADD', 'ImmSel': 'I', 'BrType': None, 'IsNOP': 0}, 'd': {'instr': 915, 'opcode': 19, 'rd': 7, 'funct3': 0, 'rs1': 0, 'rs2': 0, 'funct7': 0, 'imm_I': 0, 'imm_S': 7, 'imm_B': 2054, 'imm_U': 0, 'imm_J': 0}, 'rd': 7, 'alu_res': 0, 'mem_data': 0, 'wb_val_for_jumps': 52}

Cycle 53
PC = 52
Stall Flag = False
Flush Flag = True
IF/ID Reg = {'valid': 0, 'pc': 0, 'instr': 0}
ID/EX Reg = {'valid': 0, 'pc': 60, 'pc_plus4': 64, 'd': {'instr': 1213075, 'opcode': 19, 'rd': 5, 'funct3': 0, 'rs1': 5, 'rs2': 1, 'funct7': 0, 'imm_I': 1, 'imm_S': 5, 'imm_B': 2052, 'imm_U': 1212416, 'imm_J': 165888}, 'c': {'RegWrite': 1, 'MemRead': 0, 'MemWrite': 0, 'MemToReg': 0, 'ALUSrc': 1, 'Branch': 0, 'Jump': 0, 'JumpReg': 0, 'ALUOp': 'ADD', 'ImmSel': 'I', 'BrType': None, 'IsNOP': 0}, 'imm': 1, 'rs1': 5, 'rs2': 1, 'rd': 5, 'rs1_val': 0, 'rs2_val': 0, 'alu_op': 'ADD'}
EX/MEM Reg = {'valid': 1, 'pc_plus4': 60, 'c': {'RegWrite': 0, 'MemRead': 0, 'MemWrite': 0, 'MemToReg': 0, 'ALUSrc': 0, 'Branch': 1, 'Jump': 0, 'JumpReg': 0, 'ALUOp': 'SUB', 'ImmSel': 'B', 'BrType': 'blt', 'IsNOP': 0}, 'd': {'instr': 4267953891, 'opcode': 99, 'rd': 29, 'funct3': 4, 'rs1': 7, 'rs2': 6, 'funct7': 127, 'imm_I': -26, 'imm_S': -3, 'imm_B': -4, 'imm_U': 4267950080, 'imm_J': -800794}, 'rd': 29, 'alu_res': 4294967287, 'rs2_val_fwd': 10, 'mem_addr': 4294967287, 'branch_taken': 0, 'next_pc': 0, 'wb_val_for_jumps': 60}
MEM/WB Reg = {'valid': 1, 'pc_plus4': 56, 'c': {'RegWrite': 1, 'MemRead': 0, 'MemWrite': 0, 'MemToReg': 0, 'ALUSrc': 1, 'Branch': 0, 'Jump': 0, 'JumpReg': 0, 'ALUOp': 'ADD', 'ImmSel': 'I', 'BrType': None, 'IsNOP': 0}, 'd': {'instr': 1278867, 'opcode': 19, 'rd': 7, 'funct3': 0, 'rs1': 7, 'rs2': 1, 'funct7': 0, 'imm_I': 1, 'imm_S': 7, 'imm_B': 2054, 'imm_U': 1277952, 'imm_J': 231424}, 'rd': 7, 'alu_res': 1, 'mem_data': 0, 'wb_val_for_jumps': 56}

Cycle 54
PC = 56
Stall Flag = False
Flush Flag = False
IF/ID Reg = {'valid': 1, 'pc': 52, 'instr': 1278867}
ID/EX Reg = {'valid': 0, 'pc': 0, 'pc_plus4': 0, 'd': None, 'c': None, 'imm': 0, 'rs1': 0, 'rs2': 0, 'rd': 0, 'rs1_val': 0, 'rs2_val': 0, 'alu_op': 'ADD'}
EX/MEM Reg = {'valid': 0, 'pc_plus4': 0, 'c': None, 'd': None, 'rd': 0, 'alu_res': 0, 'rs2_val_fwd': 0, 'mem_addr': 0, 'branch_taken': 0, 'next_pc': 0, 'wb_val_for_jumps': 0}
MEM/WB Reg = {'valid': 1, 'pc_plus4': 60, 'c': {'RegWrite': 0, 'MemRead': 0, 'MemWrite': 0, 'MemToReg': 0, 'ALUSrc': 0, 'Branch': 1, 'Jump': 0, 'JumpReg': 0, 'ALUOp': 'SUB', 'ImmSel': 'B', 'BrType': 'blt', 'IsNOP': 0}, 'd': {'instr': 4267953891, 'opcode': 99, 'rd': 29, 'funct3': 4, 'rs1': 7, 'rs2': 6, 'funct7': 127, 'imm_I': -26, 'imm_S': -3, 'imm_B': -4, 'imm_U': 4267950080, 'imm_J': -800794}, 'rd': 29, 'alu_res': 4294967287, 'mem_data': 0, 'wb_val_for_jumps': 60}

Cycle 55
PC = 60
Stall Flag = False
Flush Flag = False
IF/ID Reg = {'valid': 1, 'pc': 56, 'instr': 4267953891}
ID/EX Reg = {'valid': 1, 'pc': 52, 'pc_plus4': 56, 'd': {'instr': 1278867, 'opcode': 19, 'rd': 7, 'funct3': 0, 'rs1': 7, 'rs2': 1, 'funct7': 0, 'imm_I': 1, 'imm_S': 7, 'imm_B': 2054, 'imm_U': 1277952, 'imm_J': 231424}, 'c': {'RegWrite': 1, 'MemRead': 0, 'MemWrite': 0, 'MemToReg': 0, 'ALUSrc': 1, 'Branch': 0, 'Jump': 0, 'JumpReg': 0, 'ALUOp': 'ADD', 'ImmSel': 'I', 'BrType': None, 'IsNOP': 0}, 'imm': 1, 'rs1': 7, 'rs2': 1, 'rd': 7, 'rs1_val': 1, 'rs2_val': 0, 'alu_op': 'ADD'}
EX/MEM Reg = {'valid': 0, 'pc_plus4': 0, 'c': None, 'd': None, 'rd': 0, 'alu_res': 0, 'rs2_val_fwd': 0, 'mem_addr': 0, 'branch_taken': 0, 'next_pc': 0, 'wb_val_for_jumps': 0}
MEM/WB Reg = {'valid': 0, 'pc_plus4': 0, 'c': None, 'd': None, 'rd': 0, 'alu_res': 0, 'mem_data': 0, 'wb_val_for_jumps': 0}

Cycle 56
PC = 64
Stall Flag = False
Flush Flag = False
IF/ID Reg = {'valid': 1, 'pc': 60, 'instr': 1213075}
ID/EX Reg = {'valid': 1, 'pc': 56, 'pc_plus4': 60, 'd': {'instr': 4267953891, 'opcode': 99, 'rd': 29, 'funct3': 4, 'rs1': 7, 'rs2': 6, 'funct7': 127, 'imm_I': -26, 'imm_S': -3, 'imm_B': -4, 'imm_U': 4267950080, 'imm_J': -800794}, 'c': {'RegWrite': 0, 'MemRead': 0, 'MemWrite': 0, 'MemToReg': 0, 'ALUSrc': 0, 'Branch': 1, 'Jump': 0, 'JumpReg': 0, 'ALUOp': 'SUB', 'ImmSel': 'B', 'BrType': 'blt', 'IsNOP': 0}, 'imm': -4, 'rs1': 7, 'rs2': 6, 'rd': 29, 'rs1_val': 1, 'rs2_val': 10, 'alu_op': 'SUB'}
EX/MEM Reg = {'valid': 1, 'pc_plus4': 56, 'c': {'RegWrite': 1, 'MemRead': 0, 'MemWrite': 0, 'MemToReg': 0, 'ALUSrc': 1, 'Branch': 0, 'Jump': 0, 'JumpReg': 0, 'ALUOp': 'ADD', 'ImmSel': 'I', 'BrType': None, 'IsNOP': 0}, 'd': {'instr': 1278867, 'opcode': 19, 'rd': 7, 'funct3': 0, 'rs1': 7, 'rs2': 1, 'funct7': 0, 'imm_I': 1, 'imm_S': 7, 'imm_B': 2054, 'imm_U': 1277952, 'imm_J': 231424}, 'rd': 7, 'alu_res': 2, 'rs2_val_fwd': 0, 'mem_addr': 2, 'branch_taken': 0, 'next_pc': 0, 'wb_val_for_jumps': 56}
MEM/WB Reg = {'valid': 0, 'pc_plus4': 0, 'c': None, 'd': None, 'rd': 0, 'alu_res': 0, 'mem_data': 0, 'wb_val_for_jumps': 0}

Cycle 57
PC = 52
Stall Flag = False
Flush Flag = True
IF/ID Reg = {'valid': 0, 'pc': 0, 'instr': 0}
ID/EX Reg = {'valid': 0, 'pc': 60, 'pc_plus4': 64, 'd': {'instr': 1213075, 'opcode': 19, 'rd': 5, 'funct3': 0, 'rs1': 5, 'rs2': 1, 'funct7': 0, 'imm_I': 1, 'imm_S': 5, 'imm_B': 2052, 'imm_U': 1212416, 'imm_J': 165888}, 'c': {'RegWrite': 1, 'MemRead': 0, 'MemWrite': 0, 'MemToReg': 0, 'ALUSrc': 1, 'Branch': 0, 'Jump': 0, 'JumpReg': 0, 'ALUOp': 'ADD', 'ImmSel': 'I', 'BrType': None, 'IsNOP': 0}, 'imm': 1, 'rs1': 5, 'rs2': 1, 'rd': 5, 'rs1_val': 0, 'rs2_val': 0, 'alu_op': 'ADD'}
EX/MEM Reg = {'valid': 1, 'pc_plus4': 60, 'c': {'RegWrite': 0, 'MemRead': 0, 'MemWrite': 0, 'MemToReg': 0, 'ALUSrc': 0, 'Branch': 1, 'Jump': 0, 'JumpReg': 0, 'ALUOp': 'SUB', 'ImmSel': 'B', 'BrType': 'blt', 'IsNOP': 0}, 'd': {'instr': 4267953891, 'opcode': 99, 'rd': 29, 'funct3': 4, 'rs1': 7, 'rs2': 6, 'funct7': 127, 'imm_I': -26, 'imm_S': -3, 'imm_B': -4, 'imm_U': 4267950080, 'imm_J': -800794}, 'rd': 29, 'alu_res': 4294967288, 'rs2_val_fwd': 10, 'mem_addr': 4294967288, 'branch_taken': 0, 'next_pc': 0, 'wb_val_for_jumps': 60}
MEM/WB Reg = {'valid': 1, 'pc_plus4': 56, 'c': {'RegWrite': 1, 'MemRead': 0, 'MemWrite': 0, 'MemToReg': 0, 'ALUSrc': 1, 'Branch': 0, 'Jump': 0, 'JumpReg': 0, 'ALUOp': 'ADD', 'ImmSel': 'I', 'BrType': None, 'IsNOP': 0}, 'd': {'instr': 1278867, 'opcode': 19, 'rd': 7, 'funct3': 0, 'rs1': 7, 'rs2': 1, 'funct7': 0, 'imm_I': 1, 'imm_S': 7, 'imm_B': 2054, 'imm_U': 1277952, 'imm_J': 231424}, 'rd': 7, 'alu_res': 2, 'mem_data': 0, 'wb_val_for_jumps': 56}

Cycle 58
PC = 56
Stall Flag = False
Flush Flag = False
IF/ID Reg = {'valid': 1, 'pc': 52, 'instr': 1278867}
ID/EX Reg = {'valid': 0, 'pc': 0, 'pc_plus4': 0, 'd': None, 'c': None, 'imm': 0, 'rs1': 0, 'rs2': 0, 'rd': 0, 'rs1_val': 0, 'rs2_val': 0, 'alu_op': 'ADD'}
EX/MEM Reg = {'valid': 0, 'pc_plus4': 0, 'c': None, 'd': None, 'rd': 0, 'alu_res': 0, 'rs2_val_fwd': 0, 'mem_addr': 0, 'branch_taken': 0, 'next_pc': 0, 'wb_val_for_jumps': 0}
MEM/WB Reg = {'valid': 1, 'pc_plus4': 60, 'c': {'RegWrite': 0, 'MemRead': 0, 'MemWrite': 0, 'MemToReg': 0, 'ALUSrc': 0, 'Branch': 1, 'Jump': 0, 'JumpReg': 0, 'ALUOp': 'SUB', 'ImmSel': 'B', 'BrType': 'blt', 'IsNOP': 0}, 'd': {'instr': 4267953891, 'opcode': 99, 'rd': 29, 'funct3': 4, 'rs1': 7, 'rs2': 6, 'funct7': 127, 'imm_I': -26, 'imm_S': -3, 'imm_B': -4, 'imm_U': 4267950080, 'imm_J': -800794}, 'rd': 29, 'alu_res': 4294967288, 'mem_data': 0, 'wb_val_for_jumps': 60}

Cycle 59
PC = 60
Stall Flag = False
Flush Flag = False
IF/ID Reg = {'valid': 1, 'pc': 56, 'instr': 4267953891}
ID/EX Reg = {'valid': 1, 'pc': 52, 'pc_plus4': 56, 'd': {'instr': 1278867, 'opcode': 19, 'rd': 7, 'funct3': 0, 'rs1': 7, 'rs2': 1, 'funct7': 0, 'imm_I': 1, 'imm_S': 7, 'imm_B': 2054, 'imm_U': 1277952, 'imm_J': 231424}, 'c': {'RegWrite': 1, 'MemRead': 0, 'MemWrite': 0, 'MemToReg': 0, 'ALUSrc': 1, 'Branch': 0, 'Jump': 0, 'JumpReg': 0, 'ALUOp': 'ADD', 'ImmSel': 'I', 'BrType': None, 'IsNOP': 0}, 'imm': 1, 'rs1': 7, 'rs2': 1, 'rd': 7, 'rs1_val': 2, 'rs2_val': 0, 'alu_op': 'ADD'}
EX/MEM Reg = {'valid': 0, 'pc_plus4': 0, 'c': None, 'd': None, 'rd': 0, 'alu_res': 0, 'rs2_val_fwd': 0, 'mem_addr': 0, 'branch_taken': 0, 'next_pc': 0, 'wb_val_for_jumps': 0}
MEM/WB Reg = {'valid': 0, 'pc_plus4': 0, 'c': None, 'd': None, 'rd': 0, 'alu_res': 0, 'mem_data': 0, 'wb_val_for_jumps': 0}

Cycle 60
PC = 64
Stall Flag = False
Flush Flag = False
IF/ID Reg = {'valid': 1, 'pc': 60, 'instr': 1213075}
ID/EX Reg = {'valid': 1, 'pc': 56, 'pc_plus4': 60, 'd': {'instr': 4267953891, 'opcode': 99, 'rd': 29, 'funct3': 4, 'rs1': 7, 'rs2': 6, 'funct7': 127, 'imm_I': -26, 'imm_S': -3, 'imm_B': -4, 'imm_U': 4267950080, 'imm_J': -800794}, 'c': {'RegWrite': 0, 'MemRead': 0, 'MemWrite': 0, 'MemToReg': 0, 'ALUSrc': 0, 'Branch': 1, 'Jump': 0, 'JumpReg': 0, 'ALUOp': 'SUB', 'ImmSel': 'B', 'BrType': 'blt', 'IsNOP': 0}, 'imm': -4, 'rs1': 7, 'rs2': 6, 'rd': 29, 'rs1_val': 2, 'rs2_val': 10, 'alu_op': 'SUB'}
EX/MEM Reg = {'valid': 1, 'pc_plus4': 56, 'c': {'RegWrite': 1, 'MemRead': 0, 'MemWrite': 0, 'MemToReg': 0, 'ALUSrc': 1, 'Branch': 0, 'Jump': 0, 'JumpReg': 0, 'ALUOp': 'ADD', 'ImmSel': 'I', 'BrType': None, 'IsNOP': 0}, 'd': {'instr': 1278867, 'opcode': 19, 'rd': 7, 'funct3': 0, 'rs1': 7, 'rs2': 1, 'funct7': 0, 'imm_I': 1, 'imm_S': 7, 'imm_B': 2054, 'imm_U': 1277952, 'imm_J': 231424}, 'rd': 7, 'alu_res': 3, 'rs2_val_fwd': 0, 'mem_addr': 3, 'branch_taken': 0, 'next_pc': 0, 'wb_val_for_jumps': 56}
MEM/WB Reg = {'valid': 0, 'pc_plus4': 0, 'c': None, 'd': None, 'rd': 0, 'alu_res': 0, 'mem_data': 0, 'wb_val_for_jumps': 0}

Cycle 61
PC = 52
Stall Flag = False
Flush Flag = True
IF/ID Reg = {'valid': 0, 'pc': 0, 'instr': 0}
ID/EX Reg = {'valid': 0, 'pc': 60, 'pc_plus4': 64, 'd': {'instr': 1213075, 'opcode': 19, 'rd': 5, 'funct3': 0, 'rs1': 5, 'rs2': 1, 'funct7': 0, 'imm_I': 1, 'imm_S': 5, 'imm_B': 2052, 'imm_U': 1212416, 'imm_J': 165888}, 'c': {'RegWrite': 1, 'MemRead': 0, 'MemWrite': 0, 'MemToReg': 0, 'ALUSrc': 1, 'Branch': 0, 'Jump': 0, 'JumpReg': 0, 'ALUOp': 'ADD', 'ImmSel': 'I', 'BrType': None, 'IsNOP': 0}, 'imm': 1, 'rs1': 5, 'rs2': 1, 'rd': 5, 'rs1_val': 0, 'rs2_val': 0, 'alu_op': 'ADD'}
EX/MEM Reg = {'valid': 1, 'pc_plus4': 60, 'c': {'RegWrite': 0, 'MemRead': 0, 'MemWrite': 0, 'MemToReg': 0, 'ALUSrc': 0, 'Branch': 1, 'Jump': 0, 'JumpReg': 0, 'ALUOp': 'SUB', 'ImmSel': 'B', 'BrType': 'blt', 'IsNOP': 0}, 'd': {'instr': 4267953891, 'opcode': 99, 'rd': 29, 'funct3': 4, 'rs1': 7, 'rs2': 6, 'funct7': 127, 'imm_I': -26, 'imm_S': -3, 'imm_B': -4, 'imm_U': 4267950080, 'imm_J': -800794}, 'rd': 29, 'alu_res': 4294967289, 'rs2_val_fwd': 10, 'mem_addr': 4294967289, 'branch_taken': 0, 'next_pc': 0, 'wb_val_for_jumps': 60}
MEM/WB Reg = {'valid': 1, 'pc_plus4': 56, 'c': {'RegWrite': 1, 'MemRead': 0, 'MemWrite': 0, 'MemToReg': 0, 'ALUSrc': 1, 'Branch': 0, 'Jump': 0, 'JumpReg': 0, 'ALUOp': 'ADD', 'ImmSel': 'I', 'BrType': None, 'IsNOP': 0}, 'd': {'instr': 1278867, 'opcode': 19, 'rd': 7, 'funct3': 0, 'rs1': 7, 'rs2': 1, 'funct7': 0, 'imm_I': 1, 'imm_S': 7, 'imm_B': 2054, 'imm_U': 1277952, 'imm_J': 231424}, 'rd': 7, 'alu_res': 3, 'mem_data': 0, 'wb_val_for_jumps': 56}

Cycle 62
PC = 56
Stall Flag = False
Flush Flag = False
IF/ID Reg = {'valid': 1, 'pc': 52, 'instr': 1278867}
ID/EX Reg = {'valid': 0, 'pc': 0, 'pc_plus4': 0, 'd': None, 'c': None, 'imm': 0, 'rs1': 0, 'rs2': 0, 'rd': 0, 'rs1_val': 0, 'rs2_val': 0, 'alu_op': 'ADD'}
EX/MEM Reg = {'valid': 0, 'pc_plus4': 0, 'c': None, 'd': None, 'rd': 0, 'alu_res': 0, 'rs2_val_fwd': 0, 'mem_addr': 0, 'branch_taken': 0, 'next_pc': 0, 'wb_val_for_jumps': 0}
MEM/WB Reg = {'valid': 1, 'pc_plus4': 60, 'c': {'RegWrite': 0, 'MemRead': 0, 'MemWrite': 0, 'MemToReg': 0, 'ALUSrc': 0, 'Branch': 1, 'Jump': 0, 'JumpReg': 0, 'ALUOp': 'SUB', 'ImmSel': 'B', 'BrType': 'blt', 'IsNOP': 0}, 'd': {'instr': 4267953891, 'opcode': 99, 'rd': 29, 'funct3': 4, 'rs1': 7, 'rs2': 6, 'funct7': 127, 'imm_I': -26, 'imm_S': -3, 'imm_B': -4, 'imm_U': 4267950080, 'imm_J': -800794}, 'rd': 29, 'alu_res': 4294967289, 'mem_data': 0, 'wb_val_for_jumps': 60}

Cycle 63
PC = 60
Stall Flag = False
Flush Flag = False
IF/ID Reg = {'valid': 1, 'pc': 56, 'instr': 4267953891}
ID/EX Reg = {'valid': 1, 'pc': 52, 'pc_plus4': 56, 'd': {'instr': 1278867, 'opcode': 19, 'rd': 7, 'funct3': 0, 'rs1': 7, 'rs2': 1, 'funct7': 0, 'imm_I': 1, 'imm_S': 7, 'imm_B': 2054, 'imm_U': 1277952, 'imm_J': 231424}, 'c': {'RegWrite': 1, 'MemRead': 0, 'MemWrite': 0, 'MemToReg': 0, 'ALUSrc': 1, 'Branch': 0, 'Jump': 0, 'JumpReg': 0, 'ALUOp': 'ADD', 'ImmSel': 'I', 'BrType': None, 'IsNOP': 0}, 'imm': 1, 'rs1': 7, 'rs2': 1, 'rd': 7, 'rs1_val': 3, 'rs2_val': 0, 'alu_op': 'ADD'}
EX/MEM Reg = {'valid': 0, 'pc_plus4': 0, 'c': None, 'd': None, 'rd': 0, 'alu_res': 0, 'rs2_val_fwd': 0, 'mem_addr': 0, 'branch_taken': 0, 'next_pc': 0, 'wb_val_for_jumps': 0}
MEM/WB Reg = {'valid': 0, 'pc_plus4': 0, 'c': None, 'd': None, 'rd': 0, 'alu_res': 0, 'mem_data': 0, 'wb_val_for_jumps': 0}

Cycle 64
PC = 64
Stall Flag = False
Flush Flag = False
IF/ID Reg = {'valid': 1, 'pc': 60, 'instr': 1213075}
ID/EX Reg = {'valid': 1, 'pc': 56, 'pc_plus4': 60, 'd': {'instr': 4267953891, 'opcode': 99, 'rd': 29, 'funct3': 4, 'rs1': 7, 'rs2': 6, 'funct7': 127, 'imm_I': -26, 'imm_S': -3, 'imm_B': -4, 'imm_U': 4267950080, 'imm_J': -800794}, 'c': {'RegWrite': 0, 'MemRead': 0, 'MemWrite': 0, 'MemToReg': 0, 'ALUSrc': 0, 'Branch': 1, 'Jump': 0, 'JumpReg': 0, 'ALUOp': 'SUB', 'ImmSel': 'B', 'BrType': 'blt', 'IsNOP': 0}, 'imm': -4, 'rs1': 7, 'rs2': 6, 'rd': 29, 'rs1_val': 3, 'rs2_val': 10, 'alu_op': 'SUB'}
EX/MEM Reg = {'valid': 1, 'pc_plus4': 56, 'c': {'RegWrite': 1, 'MemRead': 0, 'MemWrite': 0, 'MemToReg': 0, 'ALUSrc': 1, 'Branch': 0, 'Jump': 0, 'JumpReg': 0, 'ALUOp': 'ADD', 'ImmSel': 'I', 'BrType': None, 'IsNOP': 0}, 'd': {'instr': 1278867, 'opcode': 19, 'rd': 7, 'funct3': 0, 'rs1': 7, 'rs2': 1, 'funct7': 0, 'imm_I': 1, 'imm_S': 7, 'imm_B': 2054, 'imm_U': 1277952, 'imm_J': 231424}, 'rd': 7, 'alu_res': 4, 'rs2_val_fwd': 0, 'mem_addr': 4, 'branch_taken': 0, 'next_pc': 0, 'wb_val_for_jumps': 56}
MEM/WB Reg = {'valid': 0, 'pc_plus4': 0, 'c': None, 'd': None, 'rd': 0, 'alu_res': 0, 'mem_data': 0, 'wb_val_for_jumps': 0}

Cycle 65
PC = 52
Stall Flag = False
Flush Flag = True
IF/ID Reg = {'valid': 0, 'pc': 0, 'instr': 0}
ID/EX Reg = {'valid': 0, 'pc': 60, 'pc_plus4': 64, 'd': {'instr': 1213075, 'opcode': 19, 'rd': 5, 'funct3': 0, 'rs1': 5, 'rs2': 1, 'funct7': 0, 'imm_I': 1, 'imm_S': 5, 'imm_B': 2052, 'imm_U': 1212416, 'imm_J': 165888}, 'c': {'RegWrite': 1, 'MemRead': 0, 'MemWrite': 0, 'MemToReg': 0, 'ALUSrc': 1, 'Branch': 0, 'Jump': 0, 'JumpReg': 0, 'ALUOp': 'ADD', 'ImmSel': 'I', 'BrType': None, 'IsNOP': 0}, 'imm': 1, 'rs1': 5, 'rs2': 1, 'rd': 5, 'rs1_val': 0, 'rs2_val': 0, 'alu_op': 'ADD'}
EX/MEM Reg = {'valid': 1, 'pc_plus4': 60, 'c': {'RegWrite': 0, 'MemRead': 0, 'MemWrite': 0, 'MemToReg': 0, 'ALUSrc': 0, 'Branch': 1, 'Jump': 0, 'JumpReg': 0, 'ALUOp': 'SUB', 'ImmSel': 'B', 'BrType': 'blt', 'IsNOP': 0}, 'd': {'instr': 4267953891, 'opcode': 99, 'rd': 29, 'funct3': 4, 'rs1': 7, 'rs2': 6, 'funct7': 127, 'imm_I': -26, 'imm_S': -3, 'imm_B': -4, 'imm_U': 4267950080, 'imm_J': -800794}, 'rd': 29, 'alu_res': 4294967290, 'rs2_val_fwd': 10, 'mem_addr': 4294967290, 'branch_taken': 0, 'next_pc': 0, 'wb_val_for_jumps': 60}
MEM/WB Reg = {'valid': 1, 'pc_plus4': 56, 'c': {'RegWrite': 1, 'MemRead': 0, 'MemWrite': 0, 'MemToReg': 0, 'ALUSrc': 1, 'Branch': 0, 'Jump': 0, 'JumpReg': 0, 'ALUOp': 'ADD', 'ImmSel': 'I', 'BrType': None, 'IsNOP': 0}, 'd': {'instr': 1278867, 'opcode': 19, 'rd': 7, 'funct3': 0, 'rs1': 7, 'rs2': 1, 'funct7': 0, 'imm_I': 1, 'imm_S': 7, 'imm_B': 2054, 'imm_U': 1277952, 'imm_J': 231424}, 'rd': 7, 'alu_res': 4, 'mem_data': 0, 'wb_val_for_jumps': 56}

Cycle 66
PC = 56
Stall Flag = False
Flush Flag = False
IF/ID Reg = {'valid': 1, 'pc': 52, 'instr': 1278867}
ID/EX Reg = {'valid': 0, 'pc': 0, 'pc_plus4': 0, 'd': None, 'c': None, 'imm': 0, 'rs1': 0, 'rs2': 0, 'rd': 0, 'rs1_val': 0, 'rs2_val': 0, 'alu_op': 'ADD'}
EX/MEM Reg = {'valid': 0, 'pc_plus4': 0, 'c': None, 'd': None, 'rd': 0, 'alu_res': 0, 'rs2_val_fwd': 0, 'mem_addr': 0, 'branch_taken': 0, 'next_pc': 0, 'wb_val_for_jumps': 0}
MEM/WB Reg = {'valid': 1, 'pc_plus4': 60, 'c': {'RegWrite': 0, 'MemRead': 0, 'MemWrite': 0, 'MemToReg': 0, 'ALUSrc': 0, 'Branch': 1, 'Jump': 0, 'JumpReg': 0, 'ALUOp': 'SUB', 'ImmSel': 'B', 'BrType': 'blt', 'IsNOP': 0}, 'd': {'instr': 4267953891, 'opcode': 99, 'rd': 29, 'funct3': 4, 'rs1': 7, 'rs2': 6, 'funct7': 127, 'imm_I': -26, 'imm_S': -3, 'imm_B': -4, 'imm_U': 4267950080, 'imm_J': -800794}, 'rd': 29, 'alu_res': 4294967290, 'mem_data': 0, 'wb_val_for_jumps': 60}

Cycle 67
PC = 60
Stall Flag = False
Flush Flag = False
IF/ID Reg = {'valid': 1, 'pc': 56, 'instr': 4267953891}
ID/EX Reg = {'valid': 1, 'pc': 52, 'pc_plus4': 56, 'd': {'instr': 1278867, 'opcode': 19, 'rd': 7, 'funct3': 0, 'rs1': 7, 'rs2': 1, 'funct7': 0, 'imm_I': 1, 'imm_S': 7, 'imm_B': 2054, 'imm_U': 1277952, 'imm_J': 231424}, 'c': {'RegWrite': 1, 'MemRead': 0, 'MemWrite': 0, 'MemToReg': 0, 'ALUSrc': 1, 'Branch': 0, 'Jump': 0, 'JumpReg': 0, 'ALUOp': 'ADD', 'ImmSel': 'I', 'BrType': None, 'IsNOP': 0}, 'imm': 1, 'rs1': 7, 'rs2': 1, 'rd': 7, 'rs1_val': 4, 'rs2_val': 0, 'alu_op': 'ADD'}
EX/MEM Reg = {'valid': 0, 'pc_plus4': 0, 'c': None, 'd': None, 'rd': 0, 'alu_res': 0, 'rs2_val_fwd': 0, 'mem_addr': 0, 'branch_taken': 0, 'next_pc': 0, 'wb_val_for_jumps': 0}
MEM/WB Reg = {'valid': 0, 'pc_plus4': 0, 'c': None, 'd': None, 'rd': 0, 'alu_res': 0, 'mem_data': 0, 'wb_val_for_jumps': 0}

Cycle 68
PC = 64
Stall Flag = False
Flush Flag = False
IF/ID Reg = {'valid': 1, 'pc': 60, 'instr': 1213075}
ID/EX Reg = {'valid': 1, 'pc': 56, 'pc_plus4': 60, 'd': {'instr': 4267953891, 'opcode': 99, 'rd': 29, 'funct3': 4, 'rs1': 7, 'rs2': 6, 'funct7': 127, 'imm_I': -26, 'imm_S': -3, 'imm_B': -4, 'imm_U': 4267950080, 'imm_J': -800794}, 'c': {'RegWrite': 0, 'MemRead': 0, 'MemWrite': 0, 'MemToReg': 0, 'ALUSrc': 0, 'Branch': 1, 'Jump': 0, 'JumpReg': 0, 'ALUOp': 'SUB', 'ImmSel': 'B', 'BrType': 'blt', 'IsNOP': 0}, 'imm': -4, 'rs1': 7, 'rs2': 6, 'rd': 29, 'rs1_val': 4, 'rs2_val': 10, 'alu_op': 'SUB'}
EX/MEM Reg = {'valid': 1, 'pc_plus4': 56, 'c': {'RegWrite': 1, 'MemRead': 0, 'MemWrite': 0, 'MemToReg': 0, 'ALUSrc': 1, 'Branch': 0, 'Jump': 0, 'JumpReg': 0, 'ALUOp': 'ADD', 'ImmSel': 'I', 'BrType': None, 'IsNOP': 0}, 'd': {'instr': 1278867, 'opcode': 19, 'rd': 7, 'funct3': 0, 'rs1': 7, 'rs2': 1, 'funct7': 0, 'imm_I': 1, 'imm_S': 7, 'imm_B': 2054, 'imm_U': 1277952, 'imm_J': 231424}, 'rd': 7, 'alu_res': 5, 'rs2_val_fwd': 0, 'mem_addr': 5, 'branch_taken': 0, 'next_pc': 0, 'wb_val_for_jumps': 56}
MEM/WB Reg = {'valid': 0, 'pc_plus4': 0, 'c': None, 'd': None, 'rd': 0, 'alu_res': 0, 'mem_data': 0, 'wb_val_for_jumps': 0}

Cycle 69
PC = 52
Stall Flag = False
Flush Flag = True
IF/ID Reg = {'valid': 0, 'pc': 0, 'instr': 0}
ID/EX Reg = {'valid': 0, 'pc': 60, 'pc_plus4': 64, 'd': {'instr': 1213075, 'opcode': 19, 'rd': 5, 'funct3': 0, 'rs1': 5, 'rs2': 1, 'funct7': 0, 'imm_I': 1, 'imm_S': 5, 'imm_B': 2052, 'imm_U': 1212416, 'imm_J': 165888}, 'c': {'RegWrite': 1, 'MemRead': 0, 'MemWrite': 0, 'MemToReg': 0, 'ALUSrc': 1, 'Branch': 0, 'Jump': 0, 'JumpReg': 0, 'ALUOp': 'ADD', 'ImmSel': 'I', 'BrType': None, 'IsNOP': 0}, 'imm': 1, 'rs1': 5, 'rs2': 1, 'rd': 5, 'rs1_val': 0, 'rs2_val': 0, 'alu_op': 'ADD'}
EX/MEM Reg = {'valid': 1, 'pc_plus4': 60, 'c': {'RegWrite': 0, 'MemRead': 0, 'MemWrite': 0, 'MemToReg': 0, 'ALUSrc': 0, 'Branch': 1, 'Jump': 0, 'JumpReg': 0, 'ALUOp': 'SUB', 'ImmSel': 'B', 'BrType': 'blt', 'IsNOP': 0}, 'd': {'instr': 4267953891, 'opcode': 99, 'rd': 29, 'funct3': 4, 'rs1': 7, 'rs2': 6, 'funct7': 127, 'imm_I': -26, 'imm_S': -3, 'imm_B': -4, 'imm_U': 4267950080, 'imm_J': -800794}, 'rd': 29, 'alu_res': 4294967291, 'rs2_val_fwd': 10, 'mem_addr': 4294967291, 'branch_taken': 0, 'next_pc': 0, 'wb_val_for_jumps': 60}
MEM/WB Reg = {'valid': 1, 'pc_plus4': 56, 'c': {'RegWrite': 1, 'MemRead': 0, 'MemWrite': 0, 'MemToReg': 0, 'ALUSrc': 1, 'Branch': 0, 'Jump': 0, 'JumpReg': 0, 'ALUOp': 'ADD', 'ImmSel': 'I', 'BrType': None, 'IsNOP': 0}, 'd': {'instr': 1278867, 'opcode': 19, 'rd': 7, 'funct3': 0, 'rs1': 7, 'rs2': 1, 'funct7': 0, 'imm_I': 1, 'imm_S': 7, 'imm_B': 2054, 'imm_U': 1277952, 'imm_J': 231424}, 'rd': 7, 'alu_res': 5, 'mem_data': 0, 'wb_val_for_jumps': 56}

Cycle 70
PC = 56
Stall Flag = False
Flush Flag = False
IF/ID Reg = {'valid': 1, 'pc': 52, 'instr': 1278867}
ID/EX Reg = {'valid': 0, 'pc': 0, 'pc_plus4': 0, 'd': None, 'c': None, 'imm': 0, 'rs1': 0, 'rs2': 0, 'rd': 0, 'rs1_val': 0, 'rs2_val': 0, 'alu_op': 'ADD'}
EX/MEM Reg = {'valid': 0, 'pc_plus4': 0, 'c': None, 'd': None, 'rd': 0, 'alu_res': 0, 'rs2_val_fwd': 0, 'mem_addr': 0, 'branch_taken': 0, 'next_pc': 0, 'wb_val_for_jumps': 0}
MEM/WB Reg = {'valid': 1, 'pc_plus4': 60, 'c': {'RegWrite': 0, 'MemRead': 0, 'MemWrite': 0, 'MemToReg': 0, 'ALUSrc': 0, 'Branch': 1, 'Jump': 0, 'JumpReg': 0, 'ALUOp': 'SUB', 'ImmSel': 'B', 'BrType': 'blt', 'IsNOP': 0}, 'd': {'instr': 4267953891, 'opcode': 99, 'rd': 29, 'funct3': 4, 'rs1': 7, 'rs2': 6, 'funct7': 127, 'imm_I': -26, 'imm_S': -3, 'imm_B': -4, 'imm_U': 4267950080, 'imm_J': -800794}, 'rd': 29, 'alu_res': 4294967291, 'mem_data': 0, 'wb_val_for_jumps': 60}

Cycle 71
PC = 60
Stall Flag = False
Flush Flag = False
IF/ID Reg = {'valid': 1, 'pc': 56, 'instr': 4267953891}
ID/EX Reg = {'valid': 1, 'pc': 52, 'pc_plus4': 56, 'd': {'instr': 1278867, 'opcode': 19, 'rd': 7, 'funct3': 0, 'rs1': 7, 'rs2': 1, 'funct7': 0, 'imm_I': 1, 'imm_S': 7, 'imm_B': 2054, 'imm_U': 1277952, 'imm_J': 231424}, 'c': {'RegWrite': 1, 'MemRead': 0, 'MemWrite': 0, 'MemToReg': 0, 'ALUSrc': 1, 'Branch': 0, 'Jump': 0, 'JumpReg': 0, 'ALUOp': 'ADD', 'ImmSel': 'I', 'BrType': None, 'IsNOP': 0}, 'imm': 1, 'rs1': 7, 'rs2': 1, 'rd': 7, 'rs1_val': 5, 'rs2_val': 0, 'alu_op': 'ADD'}
EX/MEM Reg = {'valid': 0, 'pc_plus4': 0, 'c': None, 'd': None, 'rd': 0, 'alu_res': 0, 'rs2_val_fwd': 0, 'mem_addr': 0, 'branch_taken': 0, 'next_pc': 0, 'wb_val_for_jumps': 0}
MEM/WB Reg = {'valid': 0, 'pc_plus4': 0, 'c': None, 'd': None, 'rd': 0, 'alu_res': 0, 'mem_data': 0, 'wb_val_for_jumps': 0}

Cycle 72
PC = 64
Stall Flag = False
Flush Flag = False
IF/ID Reg = {'valid': 1, 'pc': 60, 'instr': 1213075}
ID/EX Reg = {'valid': 1, 'pc': 56, 'pc_plus4': 60, 'd': {'instr': 4267953891, 'opcode': 99, 'rd': 29, 'funct3': 4, 'rs1': 7, 'rs2': 6, 'funct7': 127, 'imm_I': -26, 'imm_S': -3, 'imm_B': -4, 'imm_U': 4267950080, 'imm_J': -800794}, 'c': {'RegWrite': 0, 'MemRead': 0, 'MemWrite': 0, 'MemToReg': 0, 'ALUSrc': 0, 'Branch': 1, 'Jump': 0, 'JumpReg': 0, 'ALUOp': 'SUB', 'ImmSel': 'B', 'BrType': 'blt', 'IsNOP': 0}, 'imm': -4, 'rs1': 7, 'rs2': 6, 'rd': 29, 'rs1_val': 5, 'rs2_val': 10, 'alu_op': 'SUB'}
EX/MEM Reg = {'valid': 1, 'pc_plus4': 56, 'c': {'RegWrite': 1, 'MemRead': 0, 'MemWrite': 0, 'MemToReg': 0, 'ALUSrc': 1, 'Branch': 0, 'Jump': 0, 'JumpReg': 0, 'ALUOp': 'ADD', 'ImmSel': 'I', 'BrType': None, 'IsNOP': 0}, 'd': {'instr': 1278867, 'opcode': 19, 'rd': 7, 'funct3': 0, 'rs1': 7, 'rs2': 1, 'funct7': 0, 'imm_I': 1, 'imm_S': 7, 'imm_B': 2054, 'imm_U': 1277952, 'imm_J': 231424}, 'rd': 7, 'alu_res': 6, 'rs2_val_fwd': 0, 'mem_addr': 6, 'branch_taken': 0, 'next_pc': 0, 'wb_val_for_jumps': 56}
MEM/WB Reg = {'valid': 0, 'pc_plus4': 0, 'c': None, 'd': None, 'rd': 0, 'alu_res': 0, 'mem_data': 0, 'wb_val_for_jumps': 0}

Cycle 73
PC = 52
Stall Flag = False
Flush Flag = True
IF/ID Reg = {'valid': 0, 'pc': 0, 'instr': 0}
ID/EX Reg = {'valid': 0, 'pc': 60, 'pc_plus4': 64, 'd': {'instr': 1213075, 'opcode': 19, 'rd': 5, 'funct3': 0, 'rs1': 5, 'rs2': 1, 'funct7': 0, 'imm_I': 1, 'imm_S': 5, 'imm_B': 2052, 'imm_U': 1212416, 'imm_J': 165888}, 'c': {'RegWrite': 1, 'MemRead': 0, 'MemWrite': 0, 'MemToReg': 0, 'ALUSrc': 1, 'Branch': 0, 'Jump': 0, 'JumpReg': 0, 'ALUOp': 'ADD', 'ImmSel': 'I', 'BrType': None, 'IsNOP': 0}, 'imm': 1, 'rs1': 5, 'rs2': 1, 'rd': 5, 'rs1_val': 0, 'rs2_val': 0, 'alu_op': 'ADD'}
EX/MEM Reg = {'valid': 1, 'pc_plus4': 60, 'c': {'RegWrite': 0, 'MemRead': 0, 'MemWrite': 0, 'MemToReg': 0, 'ALUSrc': 0, 'Branch': 1, 'Jump': 0, 'JumpReg': 0, 'ALUOp': 'SUB', 'ImmSel': 'B', 'BrType': 'blt', 'IsNOP': 0}, 'd': {'instr': 4267953891, 'opcode': 99, 'rd': 29, 'funct3': 4, 'rs1': 7, 'rs2': 6, 'funct7': 127, 'imm_I': -26, 'imm_S': -3, 'imm_B': -4, 'imm_U': 4267950080, 'imm_J': -800794}, 'rd': 29, 'alu_res': 4294967292, 'rs2_val_fwd': 10, 'mem_addr': 4294967292, 'branch_taken': 0, 'next_pc': 0, 'wb_val_for_jumps': 60}
MEM/WB Reg = {'valid': 1, 'pc_plus4': 56, 'c': {'RegWrite': 1, 'MemRead': 0, 'MemWrite': 0, 'MemToReg': 0, 'ALUSrc': 1, 'Branch': 0, 'Jump': 0, 'JumpReg': 0, 'ALUOp': 'ADD', 'ImmSel': 'I', 'BrType': None, 'IsNOP': 0}, 'd': {'instr': 1278867, 'opcode': 19, 'rd': 7, 'funct3': 0, 'rs1': 7, 'rs2': 1, 'funct7': 0, 'imm_I': 1, 'imm_S': 7, 'imm_B': 2054, 'imm_U': 1277952, 'imm_J': 231424}, 'rd': 7, 'alu_res': 6, 'mem_data': 0, 'wb_val_for_jumps': 56}

Cycle 74
PC = 56
Stall Flag = False
Flush Flag = False
IF/ID Reg = {'valid': 1, 'pc': 52, 'instr': 1278867}
ID/EX Reg = {'valid': 0, 'pc': 0, 'pc_plus4': 0, 'd': None, 'c': None, 'imm': 0, 'rs1': 0, 'rs2': 0, 'rd': 0, 'rs1_val': 0, 'rs2_val': 0, 'alu_op': 'ADD'}
EX/MEM Reg = {'valid': 0, 'pc_plus4': 0, 'c': None, 'd': None, 'rd': 0, 'alu_res': 0, 'rs2_val_fwd': 0, 'mem_addr': 0, 'branch_taken': 0, 'next_pc': 0, 'wb_val_for_jumps': 0}
MEM/WB Reg = {'valid': 1, 'pc_plus4': 60, 'c': {'RegWrite': 0, 'MemRead': 0, 'MemWrite': 0, 'MemToReg': 0, 'ALUSrc': 0, 'Branch': 1, 'Jump': 0, 'JumpReg': 0, 'ALUOp': 'SUB', 'ImmSel': 'B', 'BrType': 'blt', 'IsNOP': 0}, 'd': {'instr': 4267953891, 'opcode': 99, 'rd': 29, 'funct3': 4, 'rs1': 7, 'rs2': 6, 'funct7': 127, 'imm_I': -26, 'imm_S': -3, 'imm_B': -4, 'imm_U': 4267950080, 'imm_J': -800794}, 'rd': 29, 'alu_res': 4294967292, 'mem_data': 0, 'wb_val_for_jumps': 60}

Cycle 75
PC = 60
Stall Flag = False
Flush Flag = False
IF/ID Reg = {'valid': 1, 'pc': 56, 'instr': 4267953891}
ID/EX Reg = {'valid': 1, 'pc': 52, 'pc_plus4': 56, 'd': {'instr': 1278867, 'opcode': 19, 'rd': 7, 'funct3': 0, 'rs1': 7, 'rs2': 1, 'funct7': 0, 'imm_I': 1, 'imm_S': 7, 'imm_B': 2054, 'imm_U': 1277952, 'imm_J': 231424}, 'c': {'RegWrite': 1, 'MemRead': 0, 'MemWrite': 0, 'MemToReg': 0, 'ALUSrc': 1, 'Branch': 0, 'Jump': 0, 'JumpReg': 0, 'ALUOp': 'ADD', 'ImmSel': 'I', 'BrType': None, 'IsNOP': 0}, 'imm': 1, 'rs1': 7, 'rs2': 1, 'rd': 7, 'rs1_val': 6, 'rs2_val': 0, 'alu_op': 'ADD'}
EX/MEM Reg = {'valid': 0, 'pc_plus4': 0, 'c': None, 'd': None, 'rd': 0, 'alu_res': 0, 'rs2_val_fwd': 0, 'mem_addr': 0, 'branch_taken': 0, 'next_pc': 0, 'wb_val_for_jumps': 0}
MEM/WB Reg = {'valid': 0, 'pc_plus4': 0, 'c': None, 'd': None, 'rd': 0, 'alu_res': 0, 'mem_data': 0, 'wb_val_for_jumps': 0}

Cycle 76
PC = 64
Stall Flag = False
Flush Flag = False
IF/ID Reg = {'valid': 1, 'pc': 60, 'instr': 1213075}
ID/EX Reg = {'valid': 1, 'pc': 56, 'pc_plus4': 60, 'd': {'instr': 4267953891, 'opcode': 99, 'rd': 29, 'funct3': 4, 'rs1': 7, 'rs2': 6, 'funct7': 127, 'imm_I': -26, 'imm_S': -3, 'imm_B': -4, 'imm_U': 4267950080, 'imm_J': -800794}, 'c': {'RegWrite': 0, 'MemRead': 0, 'MemWrite': 0, 'MemToReg': 0, 'ALUSrc': 0, 'Branch': 1, 'Jump': 0, 'JumpReg': 0, 'ALUOp': 'SUB', 'ImmSel': 'B', 'BrType': 'blt', 'IsNOP': 0}, 'imm': -4, 'rs1': 7, 'rs2': 6, 'rd': 29, 'rs1_val': 6, 'rs2_val': 10, 'alu_op': 'SUB'}
EX/MEM Reg = {'valid': 1, 'pc_plus4': 56, 'c': {'RegWrite': 1, 'MemRead': 0, 'MemWrite': 0, 'MemToReg': 0, 'ALUSrc': 1, 'Branch': 0, 'Jump': 0, 'JumpReg': 0, 'ALUOp': 'ADD', 'ImmSel': 'I', 'BrType': None, 'IsNOP': 0}, 'd': {'instr': 1278867, 'opcode': 19, 'rd': 7, 'funct3': 0, 'rs1': 7, 'rs2': 1, 'funct7': 0, 'imm_I': 1, 'imm_S': 7, 'imm_B': 2054, 'imm_U': 1277952, 'imm_J': 231424}, 'rd': 7, 'alu_res': 7, 'rs2_val_fwd': 0, 'mem_addr': 7, 'branch_taken': 0, 'next_pc': 0, 'wb_val_for_jumps': 56}
MEM/WB Reg = {'valid': 0, 'pc_plus4': 0, 'c': None, 'd': None, 'rd': 0, 'alu_res': 0, 'mem_data': 0, 'wb_val_for_jumps': 0}

Cycle 77
PC = 52
Stall Flag = False
Flush Flag = True
IF/ID Reg = {'valid': 0, 'pc': 0, 'instr': 0}
ID/EX Reg = {'valid': 0, 'pc': 60, 'pc_plus4': 64, 'd': {'instr': 1213075, 'opcode': 19, 'rd': 5, 'funct3': 0, 'rs1': 5, 'rs2': 1, 'funct7': 0, 'imm_I': 1, 'imm_S': 5, 'imm_B': 2052, 'imm_U': 1212416, 'imm_J': 165888}, 'c': {'RegWrite': 1, 'MemRead': 0, 'MemWrite': 0, 'MemToReg': 0, 'ALUSrc': 1, 'Branch': 0, 'Jump': 0, 'JumpReg': 0, 'ALUOp': 'ADD', 'ImmSel': 'I', 'BrType': None, 'IsNOP': 0}, 'imm': 1, 'rs1': 5, 'rs2': 1, 'rd': 5, 'rs1_val': 0, 'rs2_val': 0, 'alu_op': 'ADD'}
EX/MEM Reg = {'valid': 1, 'pc_plus4': 60, 'c': {'RegWrite': 0, 'MemRead': 0, 'MemWrite': 0, 'MemToReg': 0, 'ALUSrc': 0, 'Branch': 1, 'Jump': 0, 'JumpReg': 0, 'ALUOp': 'SUB', 'ImmSel': 'B', 'BrType': 'blt', 'IsNOP': 0}, 'd': {'instr': 4267953891, 'opcode': 99, 'rd': 29, 'funct3': 4, 'rs1': 7, 'rs2': 6, 'funct7': 127, 'imm_I': -26, 'imm_S': -3, 'imm_B': -4, 'imm_U': 4267950080, 'imm_J': -800794}, 'rd': 29, 'alu_res': 4294967293, 'rs2_val_fwd': 10, 'mem_addr': 4294967293, 'branch_taken': 0, 'next_pc': 0, 'wb_val_for_jumps': 60}
MEM/WB Reg = {'valid': 1, 'pc_plus4': 56, 'c': {'RegWrite': 1, 'MemRead': 0, 'MemWrite': 0, 'MemToReg': 0, 'ALUSrc': 1, 'Branch': 0, 'Jump': 0, 'JumpReg': 0, 'ALUOp': 'ADD', 'ImmSel': 'I', 'BrType': None, 'IsNOP': 0}, 'd': {'instr': 1278867, 'opcode': 19, 'rd': 7, 'funct3': 0, 'rs1': 7, 'rs2': 1, 'funct7': 0, 'imm_I': 1, 'imm_S': 7, 'imm_B': 2054, 'imm_U': 1277952, 'imm_J': 231424}, 'rd': 7, 'alu_res': 7, 'mem_data': 0, 'wb_val_for_jumps': 56}

Cycle 78
PC = 56
Stall Flag = False
Flush Flag = False
IF/ID Reg = {'valid': 1, 'pc': 52, 'instr': 1278867}
ID/EX Reg = {'valid': 0, 'pc': 0, 'pc_plus4': 0, 'd': None, 'c': None, 'imm': 0, 'rs1': 0, 'rs2': 0, 'rd': 0, 'rs1_val': 0, 'rs2_val': 0, 'alu_op': 'ADD'}
EX/MEM Reg = {'valid': 0, 'pc_plus4': 0, 'c': None, 'd': None, 'rd': 0, 'alu_res': 0, 'rs2_val_fwd': 0, 'mem_addr': 0, 'branch_taken': 0, 'next_pc': 0, 'wb_val_for_jumps': 0}
MEM/WB Reg = {'valid': 1, 'pc_plus4': 60, 'c': {'RegWrite': 0, 'MemRead': 0, 'MemWrite': 0, 'MemToReg': 0, 'ALUSrc': 0, 'Branch': 1, 'Jump': 0, 'JumpReg': 0, 'ALUOp': 'SUB', 'ImmSel': 'B', 'BrType': 'blt', 'IsNOP': 0}, 'd': {'instr': 4267953891, 'opcode': 99, 'rd': 29, 'funct3': 4, 'rs1': 7, 'rs2': 6, 'funct7': 127, 'imm_I': -26, 'imm_S': -3, 'imm_B': -4, 'imm_U': 4267950080, 'imm_J': -800794}, 'rd': 29, 'alu_res': 4294967293, 'mem_data': 0, 'wb_val_for_jumps': 60}

Cycle 79
PC = 60
Stall Flag = False
Flush Flag = False
IF/ID Reg = {'valid': 1, 'pc': 56, 'instr': 4267953891}
ID/EX Reg = {'valid': 1, 'pc': 52, 'pc_plus4': 56, 'd': {'instr': 1278867, 'opcode': 19, 'rd': 7, 'funct3': 0, 'rs1': 7, 'rs2': 1, 'funct7': 0, 'imm_I': 1, 'imm_S': 7, 'imm_B': 2054, 'imm_U': 1277952, 'imm_J': 231424}, 'c': {'RegWrite': 1, 'MemRead': 0, 'MemWrite': 0, 'MemToReg': 0, 'ALUSrc': 1, 'Branch': 0, 'Jump': 0, 'JumpReg': 0, 'ALUOp': 'ADD', 'ImmSel': 'I', 'BrType': None, 'IsNOP': 0}, 'imm': 1, 'rs1': 7, 'rs2': 1, 'rd': 7, 'rs1_val': 7, 'rs2_val': 0, 'alu_op': 'ADD'}
EX/MEM Reg = {'valid': 0, 'pc_plus4': 0, 'c': None, 'd': None, 'rd': 0, 'alu_res': 0, 'rs2_val_fwd': 0, 'mem_addr': 0, 'branch_taken': 0, 'next_pc': 0, 'wb_val_for_jumps': 0}
MEM/WB Reg = {'valid': 0, 'pc_plus4': 0, 'c': None, 'd': None, 'rd': 0, 'alu_res': 0, 'mem_data': 0, 'wb_val_for_jumps': 0}

Cycle 80
PC = 64
Stall Flag = False
Flush Flag = False
IF/ID Reg = {'valid': 1, 'pc': 60, 'instr': 1213075}
ID/EX Reg = {'valid': 1, 'pc': 56, 'pc_plus4': 60, 'd': {'instr': 4267953891, 'opcode': 99, 'rd': 29, 'funct3': 4, 'rs1': 7, 'rs2': 6, 'funct7': 127, 'imm_I': -26, 'imm_S': -3, 'imm_B': -4, 'imm_U': 4267950080, 'imm_J': -800794}, 'c': {'RegWrite': 0, 'MemRead': 0, 'MemWrite': 0, 'MemToReg': 0, 'ALUSrc': 0, 'Branch': 1, 'Jump': 0, 'JumpReg': 0, 'ALUOp': 'SUB', 'ImmSel': 'B', 'BrType': 'blt', 'IsNOP': 0}, 'imm': -4, 'rs1': 7, 'rs2': 6, 'rd': 29, 'rs1_val': 7, 'rs2_val': 10, 'alu_op': 'SUB'}
EX/MEM Reg = {'valid': 1, 'pc_plus4': 56, 'c': {'RegWrite': 1, 'MemRead': 0, 'MemWrite': 0, 'MemToReg': 0, 'ALUSrc': 1, 'Branch': 0, 'Jump': 0, 'JumpReg': 0, 'ALUOp': 'ADD', 'ImmSel': 'I', 'BrType': None, 'IsNOP': 0}, 'd': {'instr': 1278867, 'opcode': 19, 'rd': 7, 'funct3': 0, 'rs1': 7, 'rs2': 1, 'funct7': 0, 'imm_I': 1, 'imm_S': 7, 'imm_B': 2054, 'imm_U': 1277952, 'imm_J': 231424}, 'rd': 7, 'alu_res': 8, 'rs2_val_fwd': 0, 'mem_addr': 8, 'branch_taken': 0, 'next_pc': 0, 'wb_val_for_jumps': 56}
MEM/WB Reg = {'valid': 0, 'pc_plus4': 0, 'c': None, 'd': None, 'rd': 0, 'alu_res': 0, 'mem_data': 0, 'wb_val_for_jumps': 0}

Cycle 81
PC = 52
Stall Flag = False
Flush Flag = True
IF/ID Reg = {'valid': 0, 'pc': 0, 'instr': 0}
ID/EX Reg = {'valid': 0, 'pc': 60, 'pc_plus4': 64, 'd': {'instr': 1213075, 'opcode': 19, 'rd': 5, 'funct3': 0, 'rs1': 5, 'rs2': 1, 'funct7': 0, 'imm_I': 1, 'imm_S': 5, 'imm_B': 2052, 'imm_U': 1212416, 'imm_J': 165888}, 'c': {'RegWrite': 1, 'MemRead': 0, 'MemWrite': 0, 'MemToReg': 0, 'ALUSrc': 1, 'Branch': 0, 'Jump': 0, 'JumpReg': 0, 'ALUOp': 'ADD', 'ImmSel': 'I', 'BrType': None, 'IsNOP': 0}, 'imm': 1, 'rs1': 5, 'rs2': 1, 'rd': 5, 'rs1_val': 0, 'rs2_val': 0, 'alu_op': 'ADD'}
EX/MEM Reg = {'valid': 1, 'pc_plus4': 60, 'c': {'RegWrite': 0, 'MemRead': 0, 'MemWrite': 0, 'MemToReg': 0, 'ALUSrc': 0, 'Branch': 1, 'Jump': 0, 'JumpReg': 0, 'ALUOp': 'SUB', 'ImmSel': 'B', 'BrType': 'blt', 'IsNOP': 0}, 'd': {'instr': 4267953891, 'opcode': 99, 'rd': 29, 'funct3': 4, 'rs1': 7, 'rs2': 6, 'funct7': 127, 'imm_I': -26, 'imm_S': -3, 'imm_B': -4, 'imm_U': 4267950080, 'imm_J': -800794}, 'rd': 29, 'alu_res': 4294967294, 'rs2_val_fwd': 10, 'mem_addr': 4294967294, 'branch_taken': 0, 'next_pc': 0, 'wb_val_for_jumps': 60}
MEM/WB Reg = {'valid': 1, 'pc_plus4': 56, 'c': {'RegWrite': 1, 'MemRead': 0, 'MemWrite': 0, 'MemToReg': 0, 'ALUSrc': 1, 'Branch': 0, 'Jump': 0, 'JumpReg': 0, 'ALUOp': 'ADD', 'ImmSel': 'I', 'BrType': None, 'IsNOP': 0}, 'd': {'instr': 1278867, 'opcode': 19, 'rd': 7, 'funct3': 0, 'rs1': 7, 'rs2': 1, 'funct7': 0, 'imm_I': 1, 'imm_S': 7, 'imm_B': 2054, 'imm_U': 1277952, 'imm_J': 231424}, 'rd': 7, 'alu_res': 8, 'mem_data': 0, 'wb_val_for_jumps': 56}

Cycle 82
PC = 56
Stall Flag = False
Flush Flag = False
IF/ID Reg = {'valid': 1, 'pc': 52, 'instr': 1278867}
ID/EX Reg = {'valid': 0, 'pc': 0, 'pc_plus4': 0, 'd': None, 'c': None, 'imm': 0, 'rs1': 0, 'rs2': 0, 'rd': 0, 'rs1_val': 0, 'rs2_val': 0, 'alu_op': 'ADD'}
EX/MEM Reg = {'valid': 0, 'pc_plus4': 0, 'c': None, 'd': None, 'rd': 0, 'alu_res': 0, 'rs2_val_fwd': 0, 'mem_addr': 0, 'branch_taken': 0, 'next_pc': 0, 'wb_val_for_jumps': 0}
MEM/WB Reg = {'valid': 1, 'pc_plus4': 60, 'c': {'RegWrite': 0, 'MemRead': 0, 'MemWrite': 0, 'MemToReg': 0, 'ALUSrc': 0, 'Branch': 1, 'Jump': 0, 'JumpReg': 0, 'ALUOp': 'SUB', 'ImmSel': 'B', 'BrType': 'blt', 'IsNOP': 0}, 'd': {'instr': 4267953891, 'opcode': 99, 'rd': 29, 'funct3': 4, 'rs1': 7, 'rs2': 6, 'funct7': 127, 'imm_I': -26, 'imm_S': -3, 'imm_B': -4, 'imm_U': 4267950080, 'imm_J': -800794}, 'rd': 29, 'alu_res': 4294967294, 'mem_data': 0, 'wb_val_for_jumps': 60}

Cycle 83
PC = 60
Stall Flag = False
Flush Flag = False
IF/ID Reg = {'valid': 1, 'pc': 56, 'instr': 4267953891}
ID/EX Reg = {'valid': 1, 'pc': 52, 'pc_plus4': 56, 'd': {'instr': 1278867, 'opcode': 19, 'rd': 7, 'funct3': 0, 'rs1': 7, 'rs2': 1, 'funct7': 0, 'imm_I': 1, 'imm_S': 7, 'imm_B': 2054, 'imm_U': 1277952, 'imm_J': 231424}, 'c': {'RegWrite': 1, 'MemRead': 0, 'MemWrite': 0, 'MemToReg': 0, 'ALUSrc': 1, 'Branch': 0, 'Jump': 0, 'JumpReg': 0, 'ALUOp': 'ADD', 'ImmSel': 'I', 'BrType': None, 'IsNOP': 0}, 'imm': 1, 'rs1': 7, 'rs2': 1, 'rd': 7, 'rs1_val': 8, 'rs2_val': 0, 'alu_op': 'ADD'}
EX/MEM Reg = {'valid': 0, 'pc_plus4': 0, 'c': None, 'd': None, 'rd': 0, 'alu_res': 0, 'rs2_val_fwd': 0, 'mem_addr': 0, 'branch_taken': 0, 'next_pc': 0, 'wb_val_for_jumps': 0}
MEM/WB Reg = {'valid': 0, 'pc_plus4': 0, 'c': None, 'd': None, 'rd': 0, 'alu_res': 0, 'mem_data': 0, 'wb_val_for_jumps': 0}

Cycle 84
PC = 64
Stall Flag = False
Flush Flag = False
IF/ID Reg = {'valid': 1, 'pc': 60, 'instr': 1213075}
ID/EX Reg = {'valid': 1, 'pc': 56, 'pc_plus4': 60, 'd': {'instr': 4267953891, 'opcode': 99, 'rd': 29, 'funct3': 4, 'rs1': 7, 'rs2': 6, 'funct7': 127, 'imm_I': -26, 'imm_S': -3, 'imm_B': -4, 'imm_U': 4267950080, 'imm_J': -800794}, 'c': {'RegWrite': 0, 'MemRead': 0, 'MemWrite': 0, 'MemToReg': 0, 'ALUSrc': 0, 'Branch': 1, 'Jump': 0, 'JumpReg': 0, 'ALUOp': 'SUB', 'ImmSel': 'B', 'BrType': 'blt', 'IsNOP': 0}, 'imm': -4, 'rs1': 7, 'rs2': 6, 'rd': 29, 'rs1_val': 8, 'rs2_val': 10, 'alu_op': 'SUB'}
EX/MEM Reg = {'valid': 1, 'pc_plus4': 56, 'c': {'RegWrite': 1, 'MemRead': 0, 'MemWrite': 0, 'MemToReg': 0, 'ALUSrc': 1, 'Branch': 0, 'Jump': 0, 'JumpReg': 0, 'ALUOp': 'ADD', 'ImmSel': 'I', 'BrType': None, 'IsNOP': 0}, 'd': {'instr': 1278867, 'opcode': 19, 'rd': 7, 'funct3': 0, 'rs1': 7, 'rs2': 1, 'funct7': 0, 'imm_I': 1, 'imm_S': 7, 'imm_B': 2054, 'imm_U': 1277952, 'imm_J': 231424}, 'rd': 7, 'alu_res': 9, 'rs2_val_fwd': 0, 'mem_addr': 9, 'branch_taken': 0, 'next_pc': 0, 'wb_val_for_jumps': 56}
MEM/WB Reg = {'valid': 0, 'pc_plus4': 0, 'c': None, 'd': None, 'rd': 0, 'alu_res': 0, 'mem_data': 0, 'wb_val_for_jumps': 0}

Cycle 85
PC = 52
Stall Flag = False
Flush Flag = True
IF/ID Reg = {'valid': 0, 'pc': 0, 'instr': 0}
ID/EX Reg = {'valid': 0, 'pc': 60, 'pc_plus4': 64, 'd': {'instr': 1213075, 'opcode': 19, 'rd': 5, 'funct3': 0, 'rs1': 5, 'rs2': 1, 'funct7': 0, 'imm_I': 1, 'imm_S': 5, 'imm_B': 2052, 'imm_U': 1212416, 'imm_J': 165888}, 'c': {'RegWrite': 1, 'MemRead': 0, 'MemWrite': 0, 'MemToReg': 0, 'ALUSrc': 1, 'Branch': 0, 'Jump': 0, 'JumpReg': 0, 'ALUOp': 'ADD', 'ImmSel': 'I', 'BrType': None, 'IsNOP': 0}, 'imm': 1, 'rs1': 5, 'rs2': 1, 'rd': 5, 'rs1_val': 0, 'rs2_val': 0, 'alu_op': 'ADD'}
EX/MEM Reg = {'valid': 1, 'pc_plus4': 60, 'c': {'RegWrite': 0, 'MemRead': 0, 'MemWrite': 0, 'MemToReg': 0, 'ALUSrc': 0, 'Branch': 1, 'Jump': 0, 'JumpReg': 0, 'ALUOp': 'SUB', 'ImmSel': 'B', 'BrType': 'blt', 'IsNOP': 0}, 'd': {'instr': 4267953891, 'opcode': 99, 'rd': 29, 'funct3': 4, 'rs1': 7, 'rs2': 6, 'funct7': 127, 'imm_I': -26, 'imm_S': -3, 'imm_B': -4, 'imm_U': 4267950080, 'imm_J': -800794}, 'rd': 29, 'alu_res': 4294967295, 'rs2_val_fwd': 10, 'mem_addr': 4294967295, 'branch_taken': 0, 'next_pc': 0, 'wb_val_for_jumps': 60}
MEM/WB Reg = {'valid': 1, 'pc_plus4': 56, 'c': {'RegWrite': 1, 'MemRead': 0, 'MemWrite': 0, 'MemToReg': 0, 'ALUSrc': 1, 'Branch': 0, 'Jump': 0, 'JumpReg': 0, 'ALUOp': 'ADD', 'ImmSel': 'I', 'BrType': None, 'IsNOP': 0}, 'd': {'instr': 1278867, 'opcode': 19, 'rd': 7, 'funct3': 0, 'rs1': 7, 'rs2': 1, 'funct7': 0, 'imm_I': 1, 'imm_S': 7, 'imm_B': 2054, 'imm_U': 1277952, 'imm_J': 231424}, 'rd': 7, 'alu_res': 9, 'mem_data': 0, 'wb_val_for_jumps': 56}

Cycle 86
PC = 56
Stall Flag = False
Flush Flag = False
IF/ID Reg = {'valid': 1, 'pc': 52, 'instr': 1278867}
ID/EX Reg = {'valid': 0, 'pc': 0, 'pc_plus4': 0, 'd': None, 'c': None, 'imm': 0, 'rs1': 0, 'rs2': 0, 'rd': 0, 'rs1_val': 0, 'rs2_val': 0, 'alu_op': 'ADD'}
EX/MEM Reg = {'valid': 0, 'pc_plus4': 0, 'c': None, 'd': None, 'rd': 0, 'alu_res': 0, 'rs2_val_fwd': 0, 'mem_addr': 0, 'branch_taken': 0, 'next_pc': 0, 'wb_val_for_jumps': 0}
MEM/WB Reg = {'valid': 1, 'pc_plus4': 60, 'c': {'RegWrite': 0, 'MemRead': 0, 'MemWrite': 0, 'MemToReg': 0, 'ALUSrc': 0, 'Branch': 1, 'Jump': 0, 'JumpReg': 0, 'ALUOp': 'SUB', 'ImmSel': 'B', 'BrType': 'blt', 'IsNOP': 0}, 'd': {'instr': 4267953891, 'opcode': 99, 'rd': 29, 'funct3': 4, 'rs1': 7, 'rs2': 6, 'funct7': 127, 'imm_I': -26, 'imm_S': -3, 'imm_B': -4, 'imm_U': 4267950080, 'imm_J': -800794}, 'rd': 29, 'alu_res': 4294967295, 'mem_data': 0, 'wb_val_for_jumps': 60}

Cycle 87
PC = 60
Stall Flag = False
Flush Flag = False
IF/ID Reg = {'valid': 1, 'pc': 56, 'instr': 4267953891}
ID/EX Reg = {'valid': 1, 'pc': 52, 'pc_plus4': 56, 'd': {'instr': 1278867, 'opcode': 19, 'rd': 7, 'funct3': 0, 'rs1': 7, 'rs2': 1, 'funct7': 0, 'imm_I': 1, 'imm_S': 7, 'imm_B': 2054, 'imm_U': 1277952, 'imm_J': 231424}, 'c': {'RegWrite': 1, 'MemRead': 0, 'MemWrite': 0, 'MemToReg': 0, 'ALUSrc': 1, 'Branch': 0, 'Jump': 0, 'JumpReg': 0, 'ALUOp': 'ADD', 'ImmSel': 'I', 'BrType': None, 'IsNOP': 0}, 'imm': 1, 'rs1': 7, 'rs2': 1, 'rd': 7, 'rs1_val': 9, 'rs2_val': 0, 'alu_op': 'ADD'}
EX/MEM Reg = {'valid': 0, 'pc_plus4': 0, 'c': None, 'd': None, 'rd': 0, 'alu_res': 0, 'rs2_val_fwd': 0, 'mem_addr': 0, 'branch_taken': 0, 'next_pc': 0, 'wb_val_for_jumps': 0}
MEM/WB Reg = {'valid': 0, 'pc_plus4': 0, 'c': None, 'd': None, 'rd': 0, 'alu_res': 0, 'mem_data': 0, 'wb_val_for_jumps': 0}

Cycle 88
PC = 64
Stall Flag = False
Flush Flag = False
IF/ID Reg = {'valid': 1, 'pc': 60, 'instr': 1213075}
ID/EX Reg = {'valid': 1, 'pc': 56, 'pc_plus4': 60, 'd': {'instr': 4267953891, 'opcode': 99, 'rd': 29, 'funct3': 4, 'rs1': 7, 'rs2': 6, 'funct7': 127, 'imm_I': -26, 'imm_S': -3, 'imm_B': -4, 'imm_U': 4267950080, 'imm_J': -800794}, 'c': {'RegWrite': 0, 'MemRead': 0, 'MemWrite': 0, 'MemToReg': 0, 'ALUSrc': 0, 'Branch': 1, 'Jump': 0, 'JumpReg': 0, 'ALUOp': 'SUB', 'ImmSel': 'B', 'BrType': 'blt', 'IsNOP': 0}, 'imm': -4, 'rs1': 7, 'rs2': 6, 'rd': 29, 'rs1_val': 9, 'rs2_val': 10, 'alu_op': 'SUB'}
EX/MEM Reg = {'valid': 1, 'pc_plus4': 56, 'c': {'RegWrite': 1, 'MemRead': 0, 'MemWrite': 0, 'MemToReg': 0, 'ALUSrc': 1, 'Branch': 0, 'Jump': 0, 'JumpReg': 0, 'ALUOp': 'ADD', 'ImmSel': 'I', 'BrType': None, 'IsNOP': 0}, 'd': {'instr': 1278867, 'opcode': 19, 'rd': 7, 'funct3': 0, 'rs1': 7, 'rs2': 1, 'funct7': 0, 'imm_I': 1, 'imm_S': 7, 'imm_B': 2054, 'imm_U': 1277952, 'imm_J': 231424}, 'rd': 7, 'alu_res': 10, 'rs2_val_fwd': 0, 'mem_addr': 10, 'branch_taken': 0, 'next_pc': 0, 'wb_val_for_jumps': 56}
MEM/WB Reg = {'valid': 0, 'pc_plus4': 0, 'c': None, 'd': None, 'rd': 0, 'alu_res': 0, 'mem_data': 0, 'wb_val_for_jumps': 0}

Cycle 89
PC = 68
Stall Flag = False
Flush Flag = False
IF/ID Reg = {'valid': 1, 'pc': 64, 'instr': 4267886819}
ID/EX Reg = {'valid': 1, 'pc': 60, 'pc_plus4': 64, 'd': {'instr': 1213075, 'opcode': 19, 'rd': 5, 'funct3': 0, 'rs1': 5, 'rs2': 1, 'funct7': 0, 'imm_I': 1, 'imm_S': 5, 'imm_B': 2052, 'imm_U': 1212416, 'imm_J': 165888}, 'c': {'RegWrite': 1, 'MemRead': 0, 'MemWrite': 0, 'MemToReg': 0, 'ALUSrc': 1, 'Branch': 0, 'Jump': 0, 'JumpReg': 0, 'ALUOp': 'ADD', 'ImmSel': 'I', 'BrType': None, 'IsNOP': 0}, 'imm': 1, 'rs1': 5, 'rs2': 1, 'rd': 5, 'rs1_val': 0, 'rs2_val': 0, 'alu_op': 'ADD'}
EX/MEM Reg = {'valid': 1, 'pc_plus4': 60, 'c': {'RegWrite': 0, 'MemRead': 0, 'MemWrite': 0, 'MemToReg': 0, 'ALUSrc': 0, 'Branch': 1, 'Jump': 0, 'JumpReg': 0, 'ALUOp': 'SUB', 'ImmSel': 'B', 'BrType': 'blt', 'IsNOP': 0}, 'd': {'instr': 4267953891, 'opcode': 99, 'rd': 29, 'funct3': 4, 'rs1': 7, 'rs2': 6, 'funct7': 127, 'imm_I': -26, 'imm_S': -3, 'imm_B': -4, 'imm_U': 4267950080, 'imm_J': -800794}, 'rd': 29, 'alu_res': 0, 'rs2_val_fwd': 10, 'mem_addr': 0, 'branch_taken': 0, 'next_pc': 0, 'wb_val_for_jumps': 60}
MEM/WB Reg = {'valid': 1, 'pc_plus4': 56, 'c': {'RegWrite': 1, 'MemRead': 0, 'MemWrite': 0, 'MemToReg': 0, 'ALUSrc': 1, 'Branch': 0, 'Jump': 0, 'JumpReg': 0, 'ALUOp': 'ADD', 'ImmSel': 'I', 'BrType': None, 'IsNOP': 0}, 'd': {'instr': 1278867, 'opcode': 19, 'rd': 7, 'funct3': 0, 'rs1': 7, 'rs2': 1, 'funct7': 0, 'imm_I': 1, 'imm_S': 7, 'imm_B': 2054, 'imm_U': 1277952, 'imm_J': 231424}, 'rd': 7, 'alu_res': 10, 'mem_data': 0, 'wb_val_for_jumps': 56}

Cycle 90
PC = 72
Stall Flag = False
Flush Flag = False
IF/ID Reg = {'valid': 1, 'pc': 68, 'instr': 1049235}
ID/EX Reg = {'valid': 1, 'pc': 64, 'pc_plus4': 68, 'd': {'instr': 4267886819, 'opcode': 99, 'rd': 17, 'funct3': 4, 'rs1': 5, 'rs2': 6, 'funct7': 127, 'imm_I': -26, 'imm_S': -15, 'imm_B': -16, 'imm_U': 4267884544, 'imm_J': -866330}, 'c': {'RegWrite': 0, 'MemRead': 0, 'MemWrite': 0, 'MemToReg': 0, 'ALUSrc': 0, 'Branch': 1, 'Jump': 0, 'JumpReg': 0, 'ALUOp': 'SUB', 'ImmSel': 'B', 'BrType': 'blt', 'IsNOP': 0}, 'imm': -16, 'rs1': 5, 'rs2': 6, 'rd': 17, 'rs1_val': 0, 'rs2_val': 10, 'alu_op': 'SUB'}
EX/MEM Reg = {'valid': 1, 'pc_plus4': 64, 'c': {'RegWrite': 1, 'MemRead': 0, 'MemWrite': 0, 'MemToReg': 0, 'ALUSrc': 1, 'Branch': 0, 'Jump': 0, 'JumpReg': 0, 'ALUOp': 'ADD', 'ImmSel': 'I', 'BrType': None, 'IsNOP': 0}, 'd': {'instr': 1213075, 'opcode': 19, 'rd': 5, 'funct3': 0, 'rs1': 5, 'rs2': 1, 'funct7': 0, 'imm_I': 1, 'imm_S': 5, 'imm_B': 2052, 'imm_U': 1212416, 'imm_J': 165888}, 'rd': 5, 'alu_res': 1, 'rs2_val_fwd': 0, 'mem_addr': 1, 'branch_taken': 0, 'next_pc': 0, 'wb_val_for_jumps': 64}
MEM/WB Reg = {'valid': 1, 'pc_plus4': 60, 'c': {'RegWrite': 0, 'MemRead': 0, 'MemWrite': 0, 'MemToReg': 0, 'ALUSrc': 0, 'Branch': 1, 'Jump': 0, 'JumpReg': 0, 'ALUOp': 'SUB', 'ImmSel': 'B', 'BrType': 'blt', 'IsNOP': 0}, 'd': {'instr': 4267953891, 'opcode': 99, 'rd': 29, 'funct3': 4, 'rs1': 7, 'rs2': 6, 'funct7': 127, 'imm_I': -26, 'imm_S': -3, 'imm_B': -4, 'imm_U': 4267950080, 'imm_J': -800794}, 'rd': 29, 'alu_res': 0, 'mem_data': 0, 'wb_val_for_jumps': 60}

Cycle 91
PC = 48
Stall Flag = False
Flush Flag = True
IF/ID Reg = {'valid': 0, 'pc': 0, 'instr': 0}
ID/EX Reg = {'valid': 0, 'pc': 68, 'pc_plus4': 72, 'd': {'instr': 1049235, 'opcode': 19, 'rd': 5, 'funct3': 0, 'rs1': 0, 'rs2': 1, 'funct7': 0, 'imm_I': 1, 'imm_S': 5, 'imm_B': 2052, 'imm_U': 1048576, 'imm_J': 2048}, 'c': {'RegWrite': 1, 'MemRead': 0, 'MemWrite': 0, 'MemToReg': 0, 'ALUSrc': 1, 'Branch': 0, 'Jump': 0, 'JumpReg': 0, 'ALUOp': 'ADD', 'ImmSel': 'I', 'BrType': None, 'IsNOP': 0}, 'imm': 1, 'rs1': 0, 'rs2': 1, 'rd': 5, 'rs1_val': 0, 'rs2_val': 0, 'alu_op': 'ADD'}
EX/MEM Reg = {'valid': 1, 'pc_plus4': 68, 'c': {'RegWrite': 0, 'MemRead': 0, 'MemWrite': 0, 'MemToReg': 0, 'ALUSrc': 0, 'Branch': 1, 'Jump': 0, 'JumpReg': 0, 'ALUOp': 'SUB', 'ImmSel': 'B', 'BrType': 'blt', 'IsNOP': 0}, 'd': {'instr': 4267886819, 'opcode': 99, 'rd': 17, 'funct3': 4, 'rs1': 5, 'rs2': 6, 'funct7': 127, 'imm_I': -26, 'imm_S': -15, 'imm_B': -16, 'imm_U': 4267884544, 'imm_J': -866330}, 'rd': 17, 'alu_res': 4294967287, 'rs2_val_fwd': 10, 'mem_addr': 4294967287, 'branch_taken': 0, 'next_pc': 0, 'wb_val_for_jumps': 68}
MEM/WB Reg = {'valid': 1, 'pc_plus4': 64, 'c': {'RegWrite': 1, 'MemRead': 0, 'MemWrite': 0, 'MemToReg': 0, 'ALUSrc': 1, 'Branch': 0, 'Jump': 0, 'JumpReg': 0, 'ALUOp': 'ADD', 'ImmSel': 'I', 'BrType': None, 'IsNOP': 0}, 'd': {'instr': 1213075, 'opcode': 19, 'rd': 5, 'funct3': 0, 'rs1': 5, 'rs2': 1, 'funct7': 0, 'imm_I': 1, 'imm_S': 5, 'imm_B': 2052, 'imm_U': 1212416, 'imm_J': 165888}, 'rd': 5, 'alu_res': 1, 'mem_data': 0, 'wb_val_for_jumps': 64}

Cycle 92
PC = 52
Stall Flag = False
Flush Flag = False
IF/ID Reg = {'valid': 1, 'pc': 48, 'instr': 915}
ID/EX Reg = {'valid': 0, 'pc': 0, 'pc_plus4': 0, 'd': None, 'c': None, 'imm': 0, 'rs1': 0, 'rs2': 0, 'rd': 0, 'rs1_val': 0, 'rs2_val': 0, 'alu_op': 'ADD'}
EX/MEM Reg = {'valid': 0, 'pc_plus4': 0, 'c': None, 'd': None, 'rd': 0, 'alu_res': 0, 'rs2_val_fwd': 0, 'mem_addr': 0, 'branch_taken': 0, 'next_pc': 0, 'wb_val_for_jumps': 0}
MEM/WB Reg = {'valid': 1, 'pc_plus4': 68, 'c': {'RegWrite': 0, 'MemRead': 0, 'MemWrite': 0, 'MemToReg': 0, 'ALUSrc': 0, 'Branch': 1, 'Jump': 0, 'JumpReg': 0, 'ALUOp': 'SUB', 'ImmSel': 'B', 'BrType': 'blt', 'IsNOP': 0}, 'd': {'instr': 4267886819, 'opcode': 99, 'rd': 17, 'funct3': 4, 'rs1': 5, 'rs2': 6, 'funct7': 127, 'imm_I': -26, 'imm_S': -15, 'imm_B': -16, 'imm_U': 4267884544, 'imm_J': -866330}, 'rd': 17, 'alu_res': 4294967287, 'mem_data': 0, 'wb_val_for_jumps': 68}

Cycle 93
PC = 56
Stall Flag = False
Flush Flag = False
IF/ID Reg = {'valid': 1, 'pc': 52, 'instr': 1278867}
ID/EX Reg = {'valid': 1, 'pc': 48, 'pc_plus4': 52, 'd': {'instr': 915, 'opcode': 19, 'rd': 7, 'funct3': 0, 'rs1': 0, 'rs2': 0, 'funct7': 0, 'imm_I': 0, 'imm_S': 7, 'imm_B': 2054, 'imm_U': 0, 'imm_J': 0}, 'c': {'RegWrite': 1, 'MemRead': 0, 'MemWrite': 0, 'MemToReg': 0, 'ALUSrc': 1, 'Branch': 0, 'Jump': 0, 'JumpReg': 0, 'ALUOp': 'ADD', 'ImmSel': 'I', 'BrType': None, 'IsNOP': 0}, 'imm': 0, 'rs1': 0, 'rs2': 0, 'rd': 7, 'rs1_val': 0, 'rs2_val': 0, 'alu_op': 'ADD'}
EX/MEM Reg = {'valid': 0, 'pc_plus4': 0, 'c': None, 'd': None, 'rd': 0, 'alu_res': 0, 'rs2_val_fwd': 0, 'mem_addr': 0, 'branch_taken': 0, 'next_pc': 0, 'wb_val_for_jumps': 0}
MEM/WB Reg = {'valid': 0, 'pc_plus4': 0, 'c': None, 'd': None, 'rd': 0, 'alu_res': 0, 'mem_data': 0, 'wb_val_for_jumps': 0}

Cycle 94
PC = 60
Stall Flag = False
Flush Flag = False
IF/ID Reg = {'valid': 1, 'pc': 56, 'instr': 4267953891}
ID/EX Reg = {'valid': 1, 'pc': 52, 'pc_plus4': 56, 'd': {'instr': 1278867, 'opcode': 19, 'rd': 7, 'funct3': 0, 'rs1': 7, 'rs2': 1, 'funct7': 0, 'imm_I': 1, 'imm_S': 7, 'imm_B': 2054, 'imm_U': 1277952, 'imm_J': 231424}, 'c': {'RegWrite': 1, 'MemRead': 0, 'MemWrite': 0, 'MemToReg': 0, 'ALUSrc': 1, 'Branch': 0, 'Jump': 0, 'JumpReg': 0, 'ALUOp': 'ADD', 'ImmSel': 'I', 'BrType': None, 'IsNOP': 0}, 'imm': 1, 'rs1': 7, 'rs2': 1, 'rd': 7, 'rs1_val': 10, 'rs2_val': 0, 'alu_op': 'ADD'}
EX/MEM Reg = {'valid': 1, 'pc_plus4': 52, 'c': {'RegWrite': 1, 'MemRead': 0, 'MemWrite': 0, 'MemToReg': 0, 'ALUSrc': 1, 'Branch': 0, 'Jump': 0, 'JumpReg': 0, 'ALUOp': 'ADD', 'ImmSel': 'I', 'BrType': None, 'IsNOP': 0}, 'd': {'instr': 915, 'opcode': 19, 'rd': 7, 'funct3': 0, 'rs1': 0, 'rs2': 0, 'funct7': 0, 'imm_I': 0, 'imm_S': 7, 'imm_B': 2054, 'imm_U': 0, 'imm_J': 0}, 'rd': 7, 'alu_res': 0, 'rs2_val_fwd': 0, 'mem_addr': 0, 'branch_taken': 0, 'next_pc': 0, 'wb_val_for_jumps': 52}
MEM/WB Reg = {'valid': 0, 'pc_plus4': 0, 'c': None, 'd': None, 'rd': 0, 'alu_res': 0, 'mem_data': 0, 'wb_val_for_jumps': 0}

Cycle 95
PC = 64
Stall Flag = False
Flush Flag = False
IF/ID Reg = {'valid': 1, 'pc': 60, 'instr': 1213075}
ID/EX Reg = {'valid': 1, 'pc': 56, 'pc_plus4': 60, 'd': {'instr': 4267953891, 'opcode': 99, 'rd': 29, 'funct3': 4, 'rs1': 7, 'rs2': 6, 'funct7': 127, 'imm_I': -26, 'imm_S': -3, 'imm_B': -4, 'imm_U': 4267950080, 'imm_J': -800794}, 'c': {'RegWrite': 0, 'MemRead': 0, 'MemWrite': 0, 'MemToReg': 0, 'ALUSrc': 0, 'Branch': 1, 'Jump': 0, 'JumpReg': 0, 'ALUOp': 'SUB', 'ImmSel': 'B', 'BrType': 'blt', 'IsNOP': 0}, 'imm': -4, 'rs1': 7, 'rs2': 6, 'rd': 29, 'rs1_val': 10, 'rs2_val': 10, 'alu_op': 'SUB'}
EX/MEM Reg = {'valid': 1, 'pc_plus4': 56, 'c': {'RegWrite': 1, 'MemRead': 0, 'MemWrite': 0, 'MemToReg': 0, 'ALUSrc': 1, 'Branch': 0, 'Jump': 0, 'JumpReg': 0, 'ALUOp': 'ADD', 'ImmSel': 'I', 'BrType': None, 'IsNOP': 0}, 'd': {'instr': 1278867, 'opcode': 19, 'rd': 7, 'funct3': 0, 'rs1': 7, 'rs2': 1, 'funct7': 0, 'imm_I': 1, 'imm_S': 7, 'imm_B': 2054, 'imm_U': 1277952, 'imm_J': 231424}, 'rd': 7, 'alu_res': 1, 'rs2_val_fwd': 0, 'mem_addr': 1, 'branch_taken': 0, 'next_pc': 0, 'wb_val_for_jumps': 56}
MEM/WB Reg = {'valid': 1, 'pc_plus4': 52, 'c': {'RegWrite': 1, 'MemRead': 0, 'MemWrite': 0, 'MemToReg': 0, 'ALUSrc': 1, 'Branch': 0, 'Jump': 0, 'JumpReg': 0, 'ALUOp': 'ADD', 'ImmSel': 'I', 'BrType': None, 'IsNOP': 0}, 'd': {'instr': 915, 'opcode': 19, 'rd': 7, 'funct3': 0, 'rs1': 0, 'rs2': 0, 'funct7': 0, 'imm_I': 0, 'imm_S': 7, 'imm_B': 2054, 'imm_U': 0, 'imm_J': 0}, 'rd': 7, 'alu_res': 0, 'mem_data': 0, 'wb_val_for_jumps': 52}

Cycle 96
PC = 52
Stall Flag = False
Flush Flag = True
IF/ID Reg = {'valid': 0, 'pc': 0, 'instr': 0}
ID/EX Reg = {'valid': 0, 'pc': 60, 'pc_plus4': 64, 'd': {'instr': 1213075, 'opcode': 19, 'rd': 5, 'funct3': 0, 'rs1': 5, 'rs2': 1, 'funct7': 0, 'imm_I': 1, 'imm_S': 5, 'imm_B': 2052, 'imm_U': 1212416, 'imm_J': 165888}, 'c': {'RegWrite': 1, 'MemRead': 0, 'MemWrite': 0, 'MemToReg': 0, 'ALUSrc': 1, 'Branch': 0, 'Jump': 0, 'JumpReg': 0, 'ALUOp': 'ADD', 'ImmSel': 'I', 'BrType': None, 'IsNOP': 0}, 'imm': 1, 'rs1': 5, 'rs2': 1, 'rd': 5, 'rs1_val': 1, 'rs2_val': 0, 'alu_op': 'ADD'}
EX/MEM Reg = {'valid': 1, 'pc_plus4': 60, 'c': {'RegWrite': 0, 'MemRead': 0, 'MemWrite': 0, 'MemToReg': 0, 'ALUSrc': 0, 'Branch': 1, 'Jump': 0, 'JumpReg': 0, 'ALUOp': 'SUB', 'ImmSel': 'B', 'BrType': 'blt', 'IsNOP': 0}, 'd': {'instr': 4267953891, 'opcode': 99, 'rd': 29, 'funct3': 4, 'rs1': 7, 'rs2': 6, 'funct7': 127, 'imm_I': -26, 'imm_S': -3, 'imm_B': -4, 'imm_U': 4267950080, 'imm_J': -800794}, 'rd': 29, 'alu_res': 4294967287, 'rs2_val_fwd': 10, 'mem_addr': 4294967287, 'branch_taken': 0, 'next_pc': 0, 'wb_val_for_jumps': 60}
MEM/WB Reg = {'valid': 1, 'pc_plus4': 56, 'c': {'RegWrite': 1, 'MemRead': 0, 'MemWrite': 0, 'MemToReg': 0, 'ALUSrc': 1, 'Branch': 0, 'Jump': 0, 'JumpReg': 0, 'ALUOp': 'ADD', 'ImmSel': 'I', 'BrType': None, 'IsNOP': 0}, 'd': {'instr': 1278867, 'opcode': 19, 'rd': 7, 'funct3': 0, 'rs1': 7, 'rs2': 1, 'funct7': 0, 'imm_I': 1, 'imm_S': 7, 'imm_B': 2054, 'imm_U': 1277952, 'imm_J': 231424}, 'rd': 7, 'alu_res': 1, 'mem_data': 0, 'wb_val_for_jumps': 56}

Cycle 97
PC = 56
Stall Flag = False
Flush Flag = False
IF/ID Reg = {'valid': 1, 'pc': 52, 'instr': 1278867}
ID/EX Reg = {'valid': 0, 'pc': 0, 'pc_plus4': 0, 'd': None, 'c': None, 'imm': 0, 'rs1': 0, 'rs2': 0, 'rd': 0, 'rs1_val': 0, 'rs2_val': 0, 'alu_op': 'ADD'}
EX/MEM Reg = {'valid': 0, 'pc_plus4': 0, 'c': None, 'd': None, 'rd': 0, 'alu_res': 0, 'rs2_val_fwd': 0, 'mem_addr': 0, 'branch_taken': 0, 'next_pc': 0, 'wb_val_for_jumps': 0}
MEM/WB Reg = {'valid': 1, 'pc_plus4': 60, 'c': {'RegWrite': 0, 'MemRead': 0, 'MemWrite': 0, 'MemToReg': 0, 'ALUSrc': 0, 'Branch': 1, 'Jump': 0, 'JumpReg': 0, 'ALUOp': 'SUB', 'ImmSel': 'B', 'BrType': 'blt', 'IsNOP': 0}, 'd': {'instr': 4267953891, 'opcode': 99, 'rd': 29, 'funct3': 4, 'rs1': 7, 'rs2': 6, 'funct7': 127, 'imm_I': -26, 'imm_S': -3, 'imm_B': -4, 'imm_U': 4267950080, 'imm_J': -800794}, 'rd': 29, 'alu_res': 4294967287, 'mem_data': 0, 'wb_val_for_jumps': 60}

Cycle 98
PC = 60
Stall Flag = False
Flush Flag = False
IF/ID Reg = {'valid': 1, 'pc': 56, 'instr': 4267953891}
ID/EX Reg = {'valid': 1, 'pc': 52, 'pc_plus4': 56, 'd': {'instr': 1278867, 'opcode': 19, 'rd': 7, 'funct3': 0, 'rs1': 7, 'rs2': 1, 'funct7': 0, 'imm_I': 1, 'imm_S': 7, 'imm_B': 2054, 'imm_U': 1277952, 'imm_J': 231424}, 'c': {'RegWrite': 1, 'MemRead': 0, 'MemWrite': 0, 'MemToReg': 0, 'ALUSrc': 1, 'Branch': 0, 'Jump': 0, 'JumpReg': 0, 'ALUOp': 'ADD', 'ImmSel': 'I', 'BrType': None, 'IsNOP': 0}, 'imm': 1, 'rs1': 7, 'rs2': 1, 'rd': 7, 'rs1_val': 1, 'rs2_val': 0, 'alu_op': 'ADD'}
EX/MEM Reg = {'valid': 0, 'pc_plus4': 0, 'c': None, 'd': None, 'rd': 0, 'alu_res': 0, 'rs2_val_fwd': 0, 'mem_addr': 0, 'branch_taken': 0, 'next_pc': 0, 'wb_val_for_jumps': 0}
MEM/WB Reg = {'valid': 0, 'pc_plus4': 0, 'c': None, 'd': None, 'rd': 0, 'alu_res': 0, 'mem_data': 0, 'wb_val_for_jumps': 0}

Cycle 99
PC = 64
Stall Flag = False
Flush Flag = False
IF/ID Reg = {'valid': 1, 'pc': 60, 'instr': 1213075}
ID/EX Reg = {'valid': 1, 'pc': 56, 'pc_plus4': 60, 'd': {'instr': 4267953891, 'opcode': 99, 'rd': 29, 'funct3': 4, 'rs1': 7, 'rs2': 6, 'funct7': 127, 'imm_I': -26, 'imm_S': -3, 'imm_B': -4, 'imm_U': 4267950080, 'imm_J': -800794}, 'c': {'RegWrite': 0, 'MemRead': 0, 'MemWrite': 0, 'MemToReg': 0, 'ALUSrc': 0, 'Branch': 1, 'Jump': 0, 'JumpReg': 0, 'ALUOp': 'SUB', 'ImmSel': 'B', 'BrType': 'blt', 'IsNOP': 0}, 'imm': -4, 'rs1': 7, 'rs2': 6, 'rd': 29, 'rs1_val': 1, 'rs2_val': 10, 'alu_op': 'SUB'}
EX/MEM Reg = {'valid': 1, 'pc_plus4': 56, 'c': {'RegWrite': 1, 'MemRead': 0, 'MemWrite': 0, 'MemToReg': 0, 'ALUSrc': 1, 'Branch': 0, 'Jump': 0, 'JumpReg': 0, 'ALUOp': 'ADD', 'ImmSel': 'I', 'BrType': None, 'IsNOP': 0}, 'd': {'instr': 1278867, 'opcode': 19, 'rd': 7, 'funct3': 0, 'rs1': 7, 'rs2': 1, 'funct7': 0, 'imm_I': 1, 'imm_S': 7, 'imm_B': 2054, 'imm_U': 1277952, 'imm_J': 231424}, 'rd': 7, 'alu_res': 2, 'rs2_val_fwd': 0, 'mem_addr': 2, 'branch_taken': 0, 'next_pc': 0, 'wb_val_for_jumps': 56}
MEM/WB Reg = {'valid': 0, 'pc_plus4': 0, 'c': None, 'd': None, 'rd': 0, 'alu_res': 0, 'mem_data': 0, 'wb_val_for_jumps': 0}

Cycle 100
PC = 52
Stall Flag = False
Flush Flag = True
IF/ID Reg = {'valid': 0, 'pc': 0, 'instr': 0}
ID/EX Reg = {'valid': 0, 'pc': 60, 'pc_plus4': 64, 'd': {'instr': 1213075, 'opcode': 19, 'rd': 5, 'funct3': 0, 'rs1': 5, 'rs2': 1, 'funct7': 0, 'imm_I': 1, 'imm_S': 5, 'imm_B': 2052, 'imm_U': 1212416, 'imm_J': 165888}, 'c': {'RegWrite': 1, 'MemRead': 0, 'MemWrite': 0, 'MemToReg': 0, 'ALUSrc': 1, 'Branch': 0, 'Jump': 0, 'JumpReg': 0, 'ALUOp': 'ADD', 'ImmSel': 'I', 'BrType': None, 'IsNOP': 0}, 'imm': 1, 'rs1': 5, 'rs2': 1, 'rd': 5, 'rs1_val': 1, 'rs2_val': 0, 'alu_op': 'ADD'}
EX/MEM Reg = {'valid': 1, 'pc_plus4': 60, 'c': {'RegWrite': 0, 'MemRead': 0, 'MemWrite': 0, 'MemToReg': 0, 'ALUSrc': 0, 'Branch': 1, 'Jump': 0, 'JumpReg': 0, 'ALUOp': 'SUB', 'ImmSel': 'B', 'BrType': 'blt', 'IsNOP': 0}, 'd': {'instr': 4267953891, 'opcode': 99, 'rd': 29, 'funct3': 4, 'rs1': 7, 'rs2': 6, 'funct7': 127, 'imm_I': -26, 'imm_S': -3, 'imm_B': -4, 'imm_U': 4267950080, 'imm_J': -800794}, 'rd': 29, 'alu_res': 4294967288, 'rs2_val_fwd': 10, 'mem_addr': 4294967288, 'branch_taken': 0, 'next_pc': 0, 'wb_val_for_jumps': 60}
MEM/WB Reg = {'valid': 1, 'pc_plus4': 56, 'c': {'RegWrite': 1, 'MemRead': 0, 'MemWrite': 0, 'MemToReg': 0, 'ALUSrc': 1, 'Branch': 0, 'Jump': 0, 'JumpReg': 0, 'ALUOp': 'ADD', 'ImmSel': 'I', 'BrType': None, 'IsNOP': 0}, 'd': {'instr': 1278867, 'opcode': 19, 'rd': 7, 'funct3': 0, 'rs1': 7, 'rs2': 1, 'funct7': 0, 'imm_I': 1, 'imm_S': 7, 'imm_B': 2054, 'imm_U': 1277952, 'imm_J': 231424}, 'rd': 7, 'alu_res': 2, 'mem_data': 0, 'wb_val_for_jumps': 56}

Cycle 101
PC = 56
Stall Flag = False
Flush Flag = False
IF/ID Reg = {'valid': 1, 'pc': 52, 'instr': 1278867}
ID/EX Reg = {'valid': 0, 'pc': 0, 'pc_plus4': 0, 'd': None, 'c': None, 'imm': 0, 'rs1': 0, 'rs2': 0, 'rd': 0, 'rs1_val': 0, 'rs2_val': 0, 'alu_op': 'ADD'}
EX/MEM Reg = {'valid': 0, 'pc_plus4': 0, 'c': None, 'd': None, 'rd': 0, 'alu_res': 0, 'rs2_val_fwd': 0, 'mem_addr': 0, 'branch_taken': 0, 'next_pc': 0, 'wb_val_for_jumps': 0}
MEM/WB Reg = {'valid': 1, 'pc_plus4': 60, 'c': {'RegWrite': 0, 'MemRead': 0, 'MemWrite': 0, 'MemToReg': 0, 'ALUSrc': 0, 'Branch': 1, 'Jump': 0, 'JumpReg': 0, 'ALUOp': 'SUB', 'ImmSel': 'B', 'BrType': 'blt', 'IsNOP': 0}, 'd': {'instr': 4267953891, 'opcode': 99, 'rd': 29, 'funct3': 4, 'rs1': 7, 'rs2': 6, 'funct7': 127, 'imm_I': -26, 'imm_S': -3, 'imm_B': -4, 'imm_U': 4267950080, 'imm_J': -800794}, 'rd': 29, 'alu_res': 4294967288, 'mem_data': 0, 'wb_val_for_jumps': 60}

Cycle 102
PC = 60
Stall Flag = False
Flush Flag = False
IF/ID Reg = {'valid': 1, 'pc': 56, 'instr': 4267953891}
ID/EX Reg = {'valid': 1, 'pc': 52, 'pc_plus4': 56, 'd': {'instr': 1278867, 'opcode': 19, 'rd': 7, 'funct3': 0, 'rs1': 7, 'rs2': 1, 'funct7': 0, 'imm_I': 1, 'imm_S': 7, 'imm_B': 2054, 'imm_U': 1277952, 'imm_J': 231424}, 'c': {'RegWrite': 1, 'MemRead': 0, 'MemWrite': 0, 'MemToReg': 0, 'ALUSrc': 1, 'Branch': 0, 'Jump': 0, 'JumpReg': 0, 'ALUOp': 'ADD', 'ImmSel': 'I', 'BrType': None, 'IsNOP': 0}, 'imm': 1, 'rs1': 7, 'rs2': 1, 'rd': 7, 'rs1_val': 2, 'rs2_val': 0, 'alu_op': 'ADD'}
EX/MEM Reg = {'valid': 0, 'pc_plus4': 0, 'c': None, 'd': None, 'rd': 0, 'alu_res': 0, 'rs2_val_fwd': 0, 'mem_addr': 0, 'branch_taken': 0, 'next_pc': 0, 'wb_val_for_jumps': 0}
MEM/WB Reg = {'valid': 0, 'pc_plus4': 0, 'c': None, 'd': None, 'rd': 0, 'alu_res': 0, 'mem_data': 0, 'wb_val_for_jumps': 0}

Cycle 103
PC = 64
Stall Flag = False
Flush Flag = False
IF/ID Reg = {'valid': 1, 'pc': 60, 'instr': 1213075}
ID/EX Reg = {'valid': 1, 'pc': 56, 'pc_plus4': 60, 'd': {'instr': 4267953891, 'opcode': 99, 'rd': 29, 'funct3': 4, 'rs1': 7, 'rs2': 6, 'funct7': 127, 'imm_I': -26, 'imm_S': -3, 'imm_B': -4, 'imm_U': 4267950080, 'imm_J': -800794}, 'c': {'RegWrite': 0, 'MemRead': 0, 'MemWrite': 0, 'MemToReg': 0, 'ALUSrc': 0, 'Branch': 1, 'Jump': 0, 'JumpReg': 0, 'ALUOp': 'SUB', 'ImmSel': 'B', 'BrType': 'blt', 'IsNOP': 0}, 'imm': -4, 'rs1': 7, 'rs2': 6, 'rd': 29, 'rs1_val': 2, 'rs2_val': 10, 'alu_op': 'SUB'}
EX/MEM Reg = {'valid': 1, 'pc_plus4': 56, 'c': {'RegWrite': 1, 'MemRead': 0, 'MemWrite': 0, 'MemToReg': 0, 'ALUSrc': 1, 'Branch': 0, 'Jump': 0, 'JumpReg': 0, 'ALUOp': 'ADD', 'ImmSel': 'I', 'BrType': None, 'IsNOP': 0}, 'd': {'instr': 1278867, 'opcode': 19, 'rd': 7, 'funct3': 0, 'rs1': 7, 'rs2': 1, 'funct7': 0, 'imm_I': 1, 'imm_S': 7, 'imm_B': 2054, 'imm_U': 1277952, 'imm_J': 231424}, 'rd': 7, 'alu_res': 3, 'rs2_val_fwd': 0, 'mem_addr': 3, 'branch_taken': 0, 'next_pc': 0, 'wb_val_for_jumps': 56}
MEM/WB Reg = {'valid': 0, 'pc_plus4': 0, 'c': None, 'd': None, 'rd': 0, 'alu_res': 0, 'mem_data': 0, 'wb_val_for_jumps': 0}

Cycle 104
PC = 52
Stall Flag = False
Flush Flag = True
IF/ID Reg = {'valid': 0, 'pc': 0, 'instr': 0}
ID/EX Reg = {'valid': 0, 'pc': 60, 'pc_plus4': 64, 'd': {'instr': 1213075, 'opcode': 19, 'rd': 5, 'funct3': 0, 'rs1': 5, 'rs2': 1, 'funct7': 0, 'imm_I': 1, 'imm_S': 5, 'imm_B': 2052, 'imm_U': 1212416, 'imm_J': 165888}, 'c': {'RegWrite': 1, 'MemRead': 0, 'MemWrite': 0, 'MemToReg': 0, 'ALUSrc': 1, 'Branch': 0, 'Jump': 0, 'JumpReg': 0, 'ALUOp': 'ADD', 'ImmSel': 'I', 'BrType': None, 'IsNOP': 0}, 'imm': 1, 'rs1': 5, 'rs2': 1, 'rd': 5, 'rs1_val': 1, 'rs2_val': 0, 'alu_op': 'ADD'}
EX/MEM Reg = {'valid': 1, 'pc_plus4': 60, 'c': {'RegWrite': 0, 'MemRead': 0, 'MemWrite': 0, 'MemToReg': 0, 'ALUSrc': 0, 'Branch': 1, 'Jump': 0, 'JumpReg': 0, 'ALUOp': 'SUB', 'ImmSel': 'B', 'BrType': 'blt', 'IsNOP': 0}, 'd': {'instr': 4267953891, 'opcode': 99, 'rd': 29, 'funct3': 4, 'rs1': 7, 'rs2': 6, 'funct7': 127, 'imm_I': -26, 'imm_S': -3, 'imm_B': -4, 'imm_U': 4267950080, 'imm_J': -800794}, 'rd': 29, 'alu_res': 4294967289, 'rs2_val_fwd': 10, 'mem_addr': 4294967289, 'branch_taken': 0, 'next_pc': 0, 'wb_val_for_jumps': 60}
MEM/WB Reg = {'valid': 1, 'pc_plus4': 56, 'c': {'RegWrite': 1, 'MemRead': 0, 'MemWrite': 0, 'MemToReg': 0, 'ALUSrc': 1, 'Branch': 0, 'Jump': 0, 'JumpReg': 0, 'ALUOp': 'ADD', 'ImmSel': 'I', 'BrType': None, 'IsNOP': 0}, 'd': {'instr': 1278867, 'opcode': 19, 'rd': 7, 'funct3': 0, 'rs1': 7, 'rs2': 1, 'funct7': 0, 'imm_I': 1, 'imm_S': 7, 'imm_B': 2054, 'imm_U': 1277952, 'imm_J': 231424}, 'rd': 7, 'alu_res': 3, 'mem_data': 0, 'wb_val_for_jumps': 56}

Cycle 105
PC = 56
Stall Flag = False
Flush Flag = False
IF/ID Reg = {'valid': 1, 'pc': 52, 'instr': 1278867}
ID/EX Reg = {'valid': 0, 'pc': 0, 'pc_plus4': 0, 'd': None, 'c': None, 'imm': 0, 'rs1': 0, 'rs2': 0, 'rd': 0, 'rs1_val': 0, 'rs2_val': 0, 'alu_op': 'ADD'}
EX/MEM Reg = {'valid': 0, 'pc_plus4': 0, 'c': None, 'd': None, 'rd': 0, 'alu_res': 0, 'rs2_val_fwd': 0, 'mem_addr': 0, 'branch_taken': 0, 'next_pc': 0, 'wb_val_for_jumps': 0}
MEM/WB Reg = {'valid': 1, 'pc_plus4': 60, 'c': {'RegWrite': 0, 'MemRead': 0, 'MemWrite': 0, 'MemToReg': 0, 'ALUSrc': 0, 'Branch': 1, 'Jump': 0, 'JumpReg': 0, 'ALUOp': 'SUB', 'ImmSel': 'B', 'BrType': 'blt', 'IsNOP': 0}, 'd': {'instr': 4267953891, 'opcode': 99, 'rd': 29, 'funct3': 4, 'rs1': 7, 'rs2': 6, 'funct7': 127, 'imm_I': -26, 'imm_S': -3, 'imm_B': -4, 'imm_U': 4267950080, 'imm_J': -800794}, 'rd': 29, 'alu_res': 4294967289, 'mem_data': 0, 'wb_val_for_jumps': 60}

Cycle 106
PC = 60
Stall Flag = False
Flush Flag = False
IF/ID Reg = {'valid': 1, 'pc': 56, 'instr': 4267953891}
ID/EX Reg = {'valid': 1, 'pc': 52, 'pc_plus4': 56, 'd': {'instr': 1278867, 'opcode': 19, 'rd': 7, 'funct3': 0, 'rs1': 7, 'rs2': 1, 'funct7': 0, 'imm_I': 1, 'imm_S': 7, 'imm_B': 2054, 'imm_U': 1277952, 'imm_J': 231424}, 'c': {'RegWrite': 1, 'MemRead': 0, 'MemWrite': 0, 'MemToReg': 0, 'ALUSrc': 1, 'Branch': 0, 'Jump': 0, 'JumpReg': 0, 'ALUOp': 'ADD', 'ImmSel': 'I', 'BrType': None, 'IsNOP': 0}, 'imm': 1, 'rs1': 7, 'rs2': 1, 'rd': 7, 'rs1_val': 3, 'rs2_val': 0, 'alu_op': 'ADD'}
EX/MEM Reg = {'valid': 0, 'pc_plus4': 0, 'c': None, 'd': None, 'rd': 0, 'alu_res': 0, 'rs2_val_fwd': 0, 'mem_addr': 0, 'branch_taken': 0, 'next_pc': 0, 'wb_val_for_jumps': 0}
MEM/WB Reg = {'valid': 0, 'pc_plus4': 0, 'c': None, 'd': None, 'rd': 0, 'alu_res': 0, 'mem_data': 0, 'wb_val_for_jumps': 0}

Cycle 107
PC = 64
Stall Flag = False
Flush Flag = False
IF/ID Reg = {'valid': 1, 'pc': 60, 'instr': 1213075}
ID/EX Reg = {'valid': 1, 'pc': 56, 'pc_plus4': 60, 'd': {'instr': 4267953891, 'opcode': 99, 'rd': 29, 'funct3': 4, 'rs1': 7, 'rs2': 6, 'funct7': 127, 'imm_I': -26, 'imm_S': -3, 'imm_B': -4, 'imm_U': 4267950080, 'imm_J': -800794}, 'c': {'RegWrite': 0, 'MemRead': 0, 'MemWrite': 0, 'MemToReg': 0, 'ALUSrc': 0, 'Branch': 1, 'Jump': 0, 'JumpReg': 0, 'ALUOp': 'SUB', 'ImmSel': 'B', 'BrType': 'blt', 'IsNOP': 0}, 'imm': -4, 'rs1': 7, 'rs2': 6, 'rd': 29, 'rs1_val': 3, 'rs2_val': 10, 'alu_op': 'SUB'}
EX/MEM Reg = {'valid': 1, 'pc_plus4': 56, 'c': {'RegWrite': 1, 'MemRead': 0, 'MemWrite': 0, 'MemToReg': 0, 'ALUSrc': 1, 'Branch': 0, 'Jump': 0, 'JumpReg': 0, 'ALUOp': 'ADD', 'ImmSel': 'I', 'BrType': None, 'IsNOP': 0}, 'd': {'instr': 1278867, 'opcode': 19, 'rd': 7, 'funct3': 0, 'rs1': 7, 'rs2': 1, 'funct7': 0, 'imm_I': 1, 'imm_S': 7, 'imm_B': 2054, 'imm_U': 1277952, 'imm_J': 231424}, 'rd': 7, 'alu_res': 4, 'rs2_val_fwd': 0, 'mem_addr': 4, 'branch_taken': 0, 'next_pc': 0, 'wb_val_for_jumps': 56}
MEM/WB Reg = {'valid': 0, 'pc_plus4': 0, 'c': None, 'd': None, 'rd': 0, 'alu_res': 0, 'mem_data': 0, 'wb_val_for_jumps': 0}

Cycle 108
PC = 52
Stall Flag = False
Flush Flag = True
IF/ID Reg = {'valid': 0, 'pc': 0, 'instr': 0}
ID/EX Reg = {'valid': 0, 'pc': 60, 'pc_plus4': 64, 'd': {'instr': 1213075, 'opcode': 19, 'rd': 5, 'funct3': 0, 'rs1': 5, 'rs2': 1, 'funct7': 0, 'imm_I': 1, 'imm_S': 5, 'imm_B': 2052, 'imm_U': 1212416, 'imm_J': 165888}, 'c': {'RegWrite': 1, 'MemRead': 0, 'MemWrite': 0, 'MemToReg': 0, 'ALUSrc': 1, 'Branch': 0, 'Jump': 0, 'JumpReg': 0, 'ALUOp': 'ADD', 'ImmSel': 'I', 'BrType': None, 'IsNOP': 0}, 'imm': 1, 'rs1': 5, 'rs2': 1, 'rd': 5, 'rs1_val': 1, 'rs2_val': 0, 'alu_op': 'ADD'}
EX/MEM Reg = {'valid': 1, 'pc_plus4': 60, 'c': {'RegWrite': 0, 'MemRead': 0, 'MemWrite': 0, 'MemToReg': 0, 'ALUSrc': 0, 'Branch': 1, 'Jump': 0, 'JumpReg': 0, 'ALUOp': 'SUB', 'ImmSel': 'B', 'BrType': 'blt', 'IsNOP': 0}, 'd': {'instr': 4267953891, 'opcode': 99, 'rd': 29, 'funct3': 4, 'rs1': 7, 'rs2': 6, 'funct7': 127, 'imm_I': -26, 'imm_S': -3, 'imm_B': -4, 'imm_U': 4267950080, 'imm_J': -800794}, 'rd': 29, 'alu_res': 4294967290, 'rs2_val_fwd': 10, 'mem_addr': 4294967290, 'branch_taken': 0, 'next_pc': 0, 'wb_val_for_jumps': 60}
MEM/WB Reg = {'valid': 1, 'pc_plus4': 56, 'c': {'RegWrite': 1, 'MemRead': 0, 'MemWrite': 0, 'MemToReg': 0, 'ALUSrc': 1, 'Branch': 0, 'Jump': 0, 'JumpReg': 0, 'ALUOp': 'ADD', 'ImmSel': 'I', 'BrType': None, 'IsNOP': 0}, 'd': {'instr': 1278867, 'opcode': 19, 'rd': 7, 'funct3': 0, 'rs1': 7, 'rs2': 1, 'funct7': 0, 'imm_I': 1, 'imm_S': 7, 'imm_B': 2054, 'imm_U': 1277952, 'imm_J': 231424}, 'rd': 7, 'alu_res': 4, 'mem_data': 0, 'wb_val_for_jumps': 56}

Cycle 109
PC = 56
Stall Flag = False
Flush Flag = False
IF/ID Reg = {'valid': 1, 'pc': 52, 'instr': 1278867}
ID/EX Reg = {'valid': 0, 'pc': 0, 'pc_plus4': 0, 'd': None, 'c': None, 'imm': 0, 'rs1': 0, 'rs2': 0, 'rd': 0, 'rs1_val': 0, 'rs2_val': 0, 'alu_op': 'ADD'}
EX/MEM Reg = {'valid': 0, 'pc_plus4': 0, 'c': None, 'd': None, 'rd': 0, 'alu_res': 0, 'rs2_val_fwd': 0, 'mem_addr': 0, 'branch_taken': 0, 'next_pc': 0, 'wb_val_for_jumps': 0}
MEM/WB Reg = {'valid': 1, 'pc_plus4': 60, 'c': {'RegWrite': 0, 'MemRead': 0, 'MemWrite': 0, 'MemToReg': 0, 'ALUSrc': 0, 'Branch': 1, 'Jump': 0, 'JumpReg': 0, 'ALUOp': 'SUB', 'ImmSel': 'B', 'BrType': 'blt', 'IsNOP': 0}, 'd': {'instr': 4267953891, 'opcode': 99, 'rd': 29, 'funct3': 4, 'rs1': 7, 'rs2': 6, 'funct7': 127, 'imm_I': -26, 'imm_S': -3, 'imm_B': -4, 'imm_U': 4267950080, 'imm_J': -800794}, 'rd': 29, 'alu_res': 4294967290, 'mem_data': 0, 'wb_val_for_jumps': 60}

Cycle 110
PC = 60
Stall Flag = False
Flush Flag = False
IF/ID Reg = {'valid': 1, 'pc': 56, 'instr': 4267953891}
ID/EX Reg = {'valid': 1, 'pc': 52, 'pc_plus4': 56, 'd': {'instr': 1278867, 'opcode': 19, 'rd': 7, 'funct3': 0, 'rs1': 7, 'rs2': 1, 'funct7': 0, 'imm_I': 1, 'imm_S': 7, 'imm_B': 2054, 'imm_U': 1277952, 'imm_J': 231424}, 'c': {'RegWrite': 1, 'MemRead': 0, 'MemWrite': 0, 'MemToReg': 0, 'ALUSrc': 1, 'Branch': 0, 'Jump': 0, 'JumpReg': 0, 'ALUOp': 'ADD', 'ImmSel': 'I', 'BrType': None, 'IsNOP': 0}, 'imm': 1, 'rs1': 7, 'rs2': 1, 'rd': 7, 'rs1_val': 4, 'rs2_val': 0, 'alu_op': 'ADD'}
EX/MEM Reg = {'valid': 0, 'pc_plus4': 0, 'c': None, 'd': None, 'rd': 0, 'alu_res': 0, 'rs2_val_fwd': 0, 'mem_addr': 0, 'branch_taken': 0, 'next_pc': 0, 'wb_val_for_jumps': 0}
MEM/WB Reg = {'valid': 0, 'pc_plus4': 0, 'c': None, 'd': None, 'rd': 0, 'alu_res': 0, 'mem_data': 0, 'wb_val_for_jumps': 0}

Cycle 111
PC = 64
Stall Flag = False
Flush Flag = False
IF/ID Reg = {'valid': 1, 'pc': 60, 'instr': 1213075}
ID/EX Reg = {'valid': 1, 'pc': 56, 'pc_plus4': 60, 'd': {'instr': 4267953891, 'opcode': 99, 'rd': 29, 'funct3': 4, 'rs1': 7, 'rs2': 6, 'funct7': 127, 'imm_I': -26, 'imm_S': -3, 'imm_B': -4, 'imm_U': 4267950080, 'imm_J': -800794}, 'c': {'RegWrite': 0, 'MemRead': 0, 'MemWrite': 0, 'MemToReg': 0, 'ALUSrc': 0, 'Branch': 1, 'Jump': 0, 'JumpReg': 0, 'ALUOp': 'SUB', 'ImmSel': 'B', 'BrType': 'blt', 'IsNOP': 0}, 'imm': -4, 'rs1': 7, 'rs2': 6, 'rd': 29, 'rs1_val': 4, 'rs2_val': 10, 'alu_op': 'SUB'}
EX/MEM Reg = {'valid': 1, 'pc_plus4': 56, 'c': {'RegWrite': 1, 'MemRead': 0, 'MemWrite': 0, 'MemToReg': 0, 'ALUSrc': 1, 'Branch': 0, 'Jump': 0, 'JumpReg': 0, 'ALUOp': 'ADD', 'ImmSel': 'I', 'BrType': None, 'IsNOP': 0}, 'd': {'instr': 1278867, 'opcode': 19, 'rd': 7, 'funct3': 0, 'rs1': 7, 'rs2': 1, 'funct7': 0, 'imm_I': 1, 'imm_S': 7, 'imm_B': 2054, 'imm_U': 1277952, 'imm_J': 231424}, 'rd': 7, 'alu_res': 5, 'rs2_val_fwd': 0, 'mem_addr': 5, 'branch_taken': 0, 'next_pc': 0, 'wb_val_for_jumps': 56}
MEM/WB Reg = {'valid': 0, 'pc_plus4': 0, 'c': None, 'd': None, 'rd': 0, 'alu_res': 0, 'mem_data': 0, 'wb_val_for_jumps': 0}

Cycle 112
PC = 52
Stall Flag = False
Flush Flag = True
IF/ID Reg = {'valid': 0, 'pc': 0, 'instr': 0}
ID/EX Reg = {'valid': 0, 'pc': 60, 'pc_plus4': 64, 'd': {'instr': 1213075, 'opcode': 19, 'rd': 5, 'funct3': 0, 'rs1': 5, 'rs2': 1, 'funct7': 0, 'imm_I': 1, 'imm_S': 5, 'imm_B': 2052, 'imm_U': 1212416, 'imm_J': 165888}, 'c': {'RegWrite': 1, 'MemRead': 0, 'MemWrite': 0, 'MemToReg': 0, 'ALUSrc': 1, 'Branch': 0, 'Jump': 0, 'JumpReg': 0, 'ALUOp': 'ADD', 'ImmSel': 'I', 'BrType': None, 'IsNOP': 0}, 'imm': 1, 'rs1': 5, 'rs2': 1, 'rd': 5, 'rs1_val': 1, 'rs2_val': 0, 'alu_op': 'ADD'}
EX/MEM Reg = {'valid': 1, 'pc_plus4': 60, 'c': {'RegWrite': 0, 'MemRead': 0, 'MemWrite': 0, 'MemToReg': 0, 'ALUSrc': 0, 'Branch': 1, 'Jump': 0, 'JumpReg': 0, 'ALUOp': 'SUB', 'ImmSel': 'B', 'BrType': 'blt', 'IsNOP': 0}, 'd': {'instr': 4267953891, 'opcode': 99, 'rd': 29, 'funct3': 4, 'rs1': 7, 'rs2': 6, 'funct7': 127, 'imm_I': -26, 'imm_S': -3, 'imm_B': -4, 'imm_U': 4267950080, 'imm_J': -800794}, 'rd': 29, 'alu_res': 4294967291, 'rs2_val_fwd': 10, 'mem_addr': 4294967291, 'branch_taken': 0, 'next_pc': 0, 'wb_val_for_jumps': 60}
MEM/WB Reg = {'valid': 1, 'pc_plus4': 56, 'c': {'RegWrite': 1, 'MemRead': 0, 'MemWrite': 0, 'MemToReg': 0, 'ALUSrc': 1, 'Branch': 0, 'Jump': 0, 'JumpReg': 0, 'ALUOp': 'ADD', 'ImmSel': 'I', 'BrType': None, 'IsNOP': 0}, 'd': {'instr': 1278867, 'opcode': 19, 'rd': 7, 'funct3': 0, 'rs1': 7, 'rs2': 1, 'funct7': 0, 'imm_I': 1, 'imm_S': 7, 'imm_B': 2054, 'imm_U': 1277952, 'imm_J': 231424}, 'rd': 7, 'alu_res': 5, 'mem_data': 0, 'wb_val_for_jumps': 56}

Cycle 113
PC = 56
Stall Flag = False
Flush Flag = False
IF/ID Reg = {'valid': 1, 'pc': 52, 'instr': 1278867}
ID/EX Reg = {'valid': 0, 'pc': 0, 'pc_plus4': 0, 'd': None, 'c': None, 'imm': 0, 'rs1': 0, 'rs2': 0, 'rd': 0, 'rs1_val': 0, 'rs2_val': 0, 'alu_op': 'ADD'}
EX/MEM Reg = {'valid': 0, 'pc_plus4': 0, 'c': None, 'd': None, 'rd': 0, 'alu_res': 0, 'rs2_val_fwd': 0, 'mem_addr': 0, 'branch_taken': 0, 'next_pc': 0, 'wb_val_for_jumps': 0}
MEM/WB Reg = {'valid': 1, 'pc_plus4': 60, 'c': {'RegWrite': 0, 'MemRead': 0, 'MemWrite': 0, 'MemToReg': 0, 'ALUSrc': 0, 'Branch': 1, 'Jump': 0, 'JumpReg': 0, 'ALUOp': 'SUB', 'ImmSel': 'B', 'BrType': 'blt', 'IsNOP': 0}, 'd': {'instr': 4267953891, 'opcode': 99, 'rd': 29, 'funct3': 4, 'rs1': 7, 'rs2': 6, 'funct7': 127, 'imm_I': -26, 'imm_S': -3, 'imm_B': -4, 'imm_U': 4267950080, 'imm_J': -800794}, 'rd': 29, 'alu_res': 4294967291, 'mem_data': 0, 'wb_val_for_jumps': 60}

Cycle 114
PC = 60
Stall Flag = False
Flush Flag = False
IF/ID Reg = {'valid': 1, 'pc': 56, 'instr': 4267953891}
ID/EX Reg = {'valid': 1, 'pc': 52, 'pc_plus4': 56, 'd': {'instr': 1278867, 'opcode': 19, 'rd': 7, 'funct3': 0, 'rs1': 7, 'rs2': 1, 'funct7': 0, 'imm_I': 1, 'imm_S': 7, 'imm_B': 2054, 'imm_U': 1277952, 'imm_J': 231424}, 'c': {'RegWrite': 1, 'MemRead': 0, 'MemWrite': 0, 'MemToReg': 0, 'ALUSrc': 1, 'Branch': 0, 'Jump': 0, 'JumpReg': 0, 'ALUOp': 'ADD', 'ImmSel': 'I', 'BrType': None, 'IsNOP': 0}, 'imm': 1, 'rs1': 7, 'rs2': 1, 'rd': 7, 'rs1_val': 5, 'rs2_val': 0, 'alu_op': 'ADD'}
EX/MEM Reg = {'valid': 0, 'pc_plus4': 0, 'c': None, 'd': None, 'rd': 0, 'alu_res': 0, 'rs2_val_fwd': 0, 'mem_addr': 0, 'branch_taken': 0, 'next_pc': 0, 'wb_val_for_jumps': 0}
MEM/WB Reg = {'valid': 0, 'pc_plus4': 0, 'c': None, 'd': None, 'rd': 0, 'alu_res': 0, 'mem_data': 0, 'wb_val_for_jumps': 0}

Cycle 115
PC = 64
Stall Flag = False
Flush Flag = False
IF/ID Reg = {'valid': 1, 'pc': 60, 'instr': 1213075}
ID/EX Reg = {'valid': 1, 'pc': 56, 'pc_plus4': 60, 'd': {'instr': 4267953891, 'opcode': 99, 'rd': 29, 'funct3': 4, 'rs1': 7, 'rs2': 6, 'funct7': 127, 'imm_I': -26, 'imm_S': -3, 'imm_B': -4, 'imm_U': 4267950080, 'imm_J': -800794}, 'c': {'RegWrite': 0, 'MemRead': 0, 'MemWrite': 0, 'MemToReg': 0, 'ALUSrc': 0, 'Branch': 1, 'Jump': 0, 'JumpReg': 0, 'ALUOp': 'SUB', 'ImmSel': 'B', 'BrType': 'blt', 'IsNOP': 0}, 'imm': -4, 'rs1': 7, 'rs2': 6, 'rd': 29, 'rs1_val': 5, 'rs2_val': 10, 'alu_op': 'SUB'}
EX/MEM Reg = {'valid': 1, 'pc_plus4': 56, 'c': {'RegWrite': 1, 'MemRead': 0, 'MemWrite': 0, 'MemToReg': 0, 'ALUSrc': 1, 'Branch': 0, 'Jump': 0, 'JumpReg': 0, 'ALUOp': 'ADD', 'ImmSel': 'I', 'BrType': None, 'IsNOP': 0}, 'd': {'instr': 1278867, 'opcode': 19, 'rd': 7, 'funct3': 0, 'rs1': 7, 'rs2': 1, 'funct7': 0, 'imm_I': 1, 'imm_S': 7, 'imm_B': 2054, 'imm_U': 1277952, 'imm_J': 231424}, 'rd': 7, 'alu_res': 6, 'rs2_val_fwd': 0, 'mem_addr': 6, 'branch_taken': 0, 'next_pc': 0, 'wb_val_for_jumps': 56}
MEM/WB Reg = {'valid': 0, 'pc_plus4': 0, 'c': None, 'd': None, 'rd': 0, 'alu_res': 0, 'mem_data': 0, 'wb_val_for_jumps': 0}

Cycle 116
PC = 52
Stall Flag = False
Flush Flag = True
IF/ID Reg = {'valid': 0, 'pc': 0, 'instr': 0}
ID/EX Reg = {'valid': 0, 'pc': 60, 'pc_plus4': 64, 'd': {'instr': 1213075, 'opcode': 19, 'rd': 5, 'funct3': 0, 'rs1': 5, 'rs2': 1, 'funct7': 0, 'imm_I': 1, 'imm_S': 5, 'imm_B': 2052, 'imm_U': 1212416, 'imm_J': 165888}, 'c': {'RegWrite': 1, 'MemRead': 0, 'MemWrite': 0, 'MemToReg': 0, 'ALUSrc': 1, 'Branch': 0, 'Jump': 0, 'JumpReg': 0, 'ALUOp': 'ADD', 'ImmSel': 'I', 'BrType': None, 'IsNOP': 0}, 'imm': 1, 'rs1': 5, 'rs2': 1, 'rd': 5, 'rs1_val': 1, 'rs2_val': 0, 'alu_op': 'ADD'}
EX/MEM Reg = {'valid': 1, 'pc_plus4': 60, 'c': {'RegWrite': 0, 'MemRead': 0, 'MemWrite': 0, 'MemToReg': 0, 'ALUSrc': 0, 'Branch': 1, 'Jump': 0, 'JumpReg': 0, 'ALUOp': 'SUB', 'ImmSel': 'B', 'BrType': 'blt', 'IsNOP': 0}, 'd': {'instr': 4267953891, 'opcode': 99, 'rd': 29, 'funct3': 4, 'rs1': 7, 'rs2': 6, 'funct7': 127, 'imm_I': -26, 'imm_S': -3, 'imm_B': -4, 'imm_U': 4267950080, 'imm_J': -800794}, 'rd': 29, 'alu_res': 4294967292, 'rs2_val_fwd': 10, 'mem_addr': 4294967292, 'branch_taken': 0, 'next_pc': 0, 'wb_val_for_jumps': 60}
MEM/WB Reg = {'valid': 1, 'pc_plus4': 56, 'c': {'RegWrite': 1, 'MemRead': 0, 'MemWrite': 0, 'MemToReg': 0, 'ALUSrc': 1, 'Branch': 0, 'Jump': 0, 'JumpReg': 0, 'ALUOp': 'ADD', 'ImmSel': 'I', 'BrType': None, 'IsNOP': 0}, 'd': {'instr': 1278867, 'opcode': 19, 'rd': 7, 'funct3': 0, 'rs1': 7, 'rs2': 1, 'funct7': 0, 'imm_I': 1, 'imm_S': 7, 'imm_B': 2054, 'imm_U': 1277952, 'imm_J': 231424}, 'rd': 7, 'alu_res': 6, 'mem_data': 0, 'wb_val_for_jumps': 56}

Cycle 117
PC = 56
Stall Flag = False
Flush Flag = False
IF/ID Reg = {'valid': 1, 'pc': 52, 'instr': 1278867}
ID/EX Reg = {'valid': 0, 'pc': 0, 'pc_plus4': 0, 'd': None, 'c': None, 'imm': 0, 'rs1': 0, 'rs2': 0, 'rd': 0, 'rs1_val': 0, 'rs2_val': 0, 'alu_op': 'ADD'}
EX/MEM Reg = {'valid': 0, 'pc_plus4': 0, 'c': None, 'd': None, 'rd': 0, 'alu_res': 0, 'rs2_val_fwd': 0, 'mem_addr': 0, 'branch_taken': 0, 'next_pc': 0, 'wb_val_for_jumps': 0}
MEM/WB Reg = {'valid': 1, 'pc_plus4': 60, 'c': {'RegWrite': 0, 'MemRead': 0, 'MemWrite': 0, 'MemToReg': 0, 'ALUSrc': 0, 'Branch': 1, 'Jump': 0, 'JumpReg': 0, 'ALUOp': 'SUB', 'ImmSel': 'B', 'BrType': 'blt', 'IsNOP': 0}, 'd': {'instr': 4267953891, 'opcode': 99, 'rd': 29, 'funct3': 4, 'rs1': 7, 'rs2': 6, 'funct7': 127, 'imm_I': -26, 'imm_S': -3, 'imm_B': -4, 'imm_U': 4267950080, 'imm_J': -800794}, 'rd': 29, 'alu_res': 4294967292, 'mem_data': 0, 'wb_val_for_jumps': 60}

Cycle 118
PC = 60
Stall Flag = False
Flush Flag = False
IF/ID Reg = {'valid': 1, 'pc': 56, 'instr': 4267953891}
ID/EX Reg = {'valid': 1, 'pc': 52, 'pc_plus4': 56, 'd': {'instr': 1278867, 'opcode': 19, 'rd': 7, 'funct3': 0, 'rs1': 7, 'rs2': 1, 'funct7': 0, 'imm_I': 1, 'imm_S': 7, 'imm_B': 2054, 'imm_U': 1277952, 'imm_J': 231424}, 'c': {'RegWrite': 1, 'MemRead': 0, 'MemWrite': 0, 'MemToReg': 0, 'ALUSrc': 1, 'Branch': 0, 'Jump': 0, 'JumpReg': 0, 'ALUOp': 'ADD', 'ImmSel': 'I', 'BrType': None, 'IsNOP': 0}, 'imm': 1, 'rs1': 7, 'rs2': 1, 'rd': 7, 'rs1_val': 6, 'rs2_val': 0, 'alu_op': 'ADD'}
EX/MEM Reg = {'valid': 0, 'pc_plus4': 0, 'c': None, 'd': None, 'rd': 0, 'alu_res': 0, 'rs2_val_fwd': 0, 'mem_addr': 0, 'branch_taken': 0, 'next_pc': 0, 'wb_val_for_jumps': 0}
MEM/WB Reg = {'valid': 0, 'pc_plus4': 0, 'c': None, 'd': None, 'rd': 0, 'alu_res': 0, 'mem_data': 0, 'wb_val_for_jumps': 0}

Cycle 119
PC = 64
Stall Flag = False
Flush Flag = False
IF/ID Reg = {'valid': 1, 'pc': 60, 'instr': 1213075}
ID/EX Reg = {'valid': 1, 'pc': 56, 'pc_plus4': 60, 'd': {'instr': 4267953891, 'opcode': 99, 'rd': 29, 'funct3': 4, 'rs1': 7, 'rs2': 6, 'funct7': 127, 'imm_I': -26, 'imm_S': -3, 'imm_B': -4, 'imm_U': 4267950080, 'imm_J': -800794}, 'c': {'RegWrite': 0, 'MemRead': 0, 'MemWrite': 0, 'MemToReg': 0, 'ALUSrc': 0, 'Branch': 1, 'Jump': 0, 'JumpReg': 0, 'ALUOp': 'SUB', 'ImmSel': 'B', 'BrType': 'blt', 'IsNOP': 0}, 'imm': -4, 'rs1': 7, 'rs2': 6, 'rd': 29, 'rs1_val': 6, 'rs2_val': 10, 'alu_op': 'SUB'}
EX/MEM Reg = {'valid': 1, 'pc_plus4': 56, 'c': {'RegWrite': 1, 'MemRead': 0, 'MemWrite': 0, 'MemToReg': 0, 'ALUSrc': 1, 'Branch': 0, 'Jump': 0, 'JumpReg': 0, 'ALUOp': 'ADD', 'ImmSel': 'I', 'BrType': None, 'IsNOP': 0}, 'd': {'instr': 1278867, 'opcode': 19, 'rd': 7, 'funct3': 0, 'rs1': 7, 'rs2': 1, 'funct7': 0, 'imm_I': 1, 'imm_S': 7, 'imm_B': 2054, 'imm_U': 1277952, 'imm_J': 231424}, 'rd': 7, 'alu_res': 7, 'rs2_val_fwd': 0, 'mem_addr': 7, 'branch_taken': 0, 'next_pc': 0, 'wb_val_for_jumps': 56}
MEM/WB Reg = {'valid': 0, 'pc_plus4': 0, 'c': None, 'd': None, 'rd': 0, 'alu_res': 0, 'mem_data': 0, 'wb_val_for_jumps': 0}

Cycle 120
PC = 52
Stall Flag = False
Flush Flag = True
IF/ID Reg = {'valid': 0, 'pc': 0, 'instr': 0}
ID/EX Reg = {'valid': 0, 'pc': 60, 'pc_plus4': 64, 'd': {'instr': 1213075, 'opcode': 19, 'rd': 5, 'funct3': 0, 'rs1': 5, 'rs2': 1, 'funct7': 0, 'imm_I': 1, 'imm_S': 5, 'imm_B': 2052, 'imm_U': 1212416, 'imm_J': 165888}, 'c': {'RegWrite': 1, 'MemRead': 0, 'MemWrite': 0, 'MemToReg': 0, 'ALUSrc': 1, 'Branch': 0, 'Jump': 0, 'JumpReg': 0, 'ALUOp': 'ADD', 'ImmSel': 'I', 'BrType': None, 'IsNOP': 0}, 'imm': 1, 'rs1': 5, 'rs2': 1, 'rd': 5, 'rs1_val': 1, 'rs2_val': 0, 'alu_op': 'ADD'}
EX/MEM Reg = {'valid': 1, 'pc_plus4': 60, 'c': {'RegWrite': 0, 'MemRead': 0, 'MemWrite': 0, 'MemToReg': 0, 'ALUSrc': 0, 'Branch': 1, 'Jump': 0, 'JumpReg': 0, 'ALUOp': 'SUB', 'ImmSel': 'B', 'BrType': 'blt', 'IsNOP': 0}, 'd': {'instr': 4267953891, 'opcode': 99, 'rd': 29, 'funct3': 4, 'rs1': 7, 'rs2': 6, 'funct7': 127, 'imm_I': -26, 'imm_S': -3, 'imm_B': -4, 'imm_U': 4267950080, 'imm_J': -800794}, 'rd': 29, 'alu_res': 4294967293, 'rs2_val_fwd': 10, 'mem_addr': 4294967293, 'branch_taken': 0, 'next_pc': 0, 'wb_val_for_jumps': 60}
MEM/WB Reg = {'valid': 1, 'pc_plus4': 56, 'c': {'RegWrite': 1, 'MemRead': 0, 'MemWrite': 0, 'MemToReg': 0, 'ALUSrc': 1, 'Branch': 0, 'Jump': 0, 'JumpReg': 0, 'ALUOp': 'ADD', 'ImmSel': 'I', 'BrType': None, 'IsNOP': 0}, 'd': {'instr': 1278867, 'opcode': 19, 'rd': 7, 'funct3': 0, 'rs1': 7, 'rs2': 1, 'funct7': 0, 'imm_I': 1, 'imm_S': 7, 'imm_B': 2054, 'imm_U': 1277952, 'imm_J': 231424}, 'rd': 7, 'alu_res': 7, 'mem_data': 0, 'wb_val_for_jumps': 56}

Cycle 121
PC = 56
Stall Flag = False
Flush Flag = False
IF/ID Reg = {'valid': 1, 'pc': 52, 'instr': 1278867}
ID/EX Reg = {'valid': 0, 'pc': 0, 'pc_plus4': 0, 'd': None, 'c': None, 'imm': 0, 'rs1': 0, 'rs2': 0, 'rd': 0, 'rs1_val': 0, 'rs2_val': 0, 'alu_op': 'ADD'}
EX/MEM Reg = {'valid': 0, 'pc_plus4': 0, 'c': None, 'd': None, 'rd': 0, 'alu_res': 0, 'rs2_val_fwd': 0, 'mem_addr': 0, 'branch_taken': 0, 'next_pc': 0, 'wb_val_for_jumps': 0}
MEM/WB Reg = {'valid': 1, 'pc_plus4': 60, 'c': {'RegWrite': 0, 'MemRead': 0, 'MemWrite': 0, 'MemToReg': 0, 'ALUSrc': 0, 'Branch': 1, 'Jump': 0, 'JumpReg': 0, 'ALUOp': 'SUB', 'ImmSel': 'B', 'BrType': 'blt', 'IsNOP': 0}, 'd': {'instr': 4267953891, 'opcode': 99, 'rd': 29, 'funct3': 4, 'rs1': 7, 'rs2': 6, 'funct7': 127, 'imm_I': -26, 'imm_S': -3, 'imm_B': -4, 'imm_U': 4267950080, 'imm_J': -800794}, 'rd': 29, 'alu_res': 4294967293, 'mem_data': 0, 'wb_val_for_jumps': 60}

Cycle 122
PC = 60
Stall Flag = False
Flush Flag = False
IF/ID Reg = {'valid': 1, 'pc': 56, 'instr': 4267953891}
ID/EX Reg = {'valid': 1, 'pc': 52, 'pc_plus4': 56, 'd': {'instr': 1278867, 'opcode': 19, 'rd': 7, 'funct3': 0, 'rs1': 7, 'rs2': 1, 'funct7': 0, 'imm_I': 1, 'imm_S': 7, 'imm_B': 2054, 'imm_U': 1277952, 'imm_J': 231424}, 'c': {'RegWrite': 1, 'MemRead': 0, 'MemWrite': 0, 'MemToReg': 0, 'ALUSrc': 1, 'Branch': 0, 'Jump': 0, 'JumpReg': 0, 'ALUOp': 'ADD', 'ImmSel': 'I', 'BrType': None, 'IsNOP': 0}, 'imm': 1, 'rs1': 7, 'rs2': 1, 'rd': 7, 'rs1_val': 7, 'rs2_val': 0, 'alu_op': 'ADD'}
EX/MEM Reg = {'valid': 0, 'pc_plus4': 0, 'c': None, 'd': None, 'rd': 0, 'alu_res': 0, 'rs2_val_fwd': 0, 'mem_addr': 0, 'branch_taken': 0, 'next_pc': 0, 'wb_val_for_jumps': 0}
MEM/WB Reg = {'valid': 0, 'pc_plus4': 0, 'c': None, 'd': None, 'rd': 0, 'alu_res': 0, 'mem_data': 0, 'wb_val_for_jumps': 0}

Cycle 123
PC = 64
Stall Flag = False
Flush Flag = False
IF/ID Reg = {'valid': 1, 'pc': 60, 'instr': 1213075}
ID/EX Reg = {'valid': 1, 'pc': 56, 'pc_plus4': 60, 'd': {'instr': 4267953891, 'opcode': 99, 'rd': 29, 'funct3': 4, 'rs1': 7, 'rs2': 6, 'funct7': 127, 'imm_I': -26, 'imm_S': -3, 'imm_B': -4, 'imm_U': 4267950080, 'imm_J': -800794}, 'c': {'RegWrite': 0, 'MemRead': 0, 'MemWrite': 0, 'MemToReg': 0, 'ALUSrc': 0, 'Branch': 1, 'Jump': 0, 'JumpReg': 0, 'ALUOp': 'SUB', 'ImmSel': 'B', 'BrType': 'blt', 'IsNOP': 0}, 'imm': -4, 'rs1': 7, 'rs2': 6, 'rd': 29, 'rs1_val': 7, 'rs2_val': 10, 'alu_op': 'SUB'}
EX/MEM Reg = {'valid': 1, 'pc_plus4': 56, 'c': {'RegWrite': 1, 'MemRead': 0, 'MemWrite': 0, 'MemToReg': 0, 'ALUSrc': 1, 'Branch': 0, 'Jump': 0, 'JumpReg': 0, 'ALUOp': 'ADD', 'ImmSel': 'I', 'BrType': None, 'IsNOP': 0}, 'd': {'instr': 1278867, 'opcode': 19, 'rd': 7, 'funct3': 0, 'rs1': 7, 'rs2': 1, 'funct7': 0, 'imm_I': 1, 'imm_S': 7, 'imm_B': 2054, 'imm_U': 1277952, 'imm_J': 231424}, 'rd': 7, 'alu_res': 8, 'rs2_val_fwd': 0, 'mem_addr': 8, 'branch_taken': 0, 'next_pc': 0, 'wb_val_for_jumps': 56}
MEM/WB Reg = {'valid': 0, 'pc_plus4': 0, 'c': None, 'd': None, 'rd': 0, 'alu_res': 0, 'mem_data': 0, 'wb_val_for_jumps': 0}

Cycle 124
PC = 52
Stall Flag = False
Flush Flag = True
IF/ID Reg = {'valid': 0, 'pc': 0, 'instr': 0}
ID/EX Reg = {'valid': 0, 'pc': 60, 'pc_plus4': 64, 'd': {'instr': 1213075, 'opcode': 19, 'rd': 5, 'funct3': 0, 'rs1': 5, 'rs2': 1, 'funct7': 0, 'imm_I': 1, 'imm_S': 5, 'imm_B': 2052, 'imm_U': 1212416, 'imm_J': 165888}, 'c': {'RegWrite': 1, 'MemRead': 0, 'MemWrite': 0, 'MemToReg': 0, 'ALUSrc': 1, 'Branch': 0, 'Jump': 0, 'JumpReg': 0, 'ALUOp': 'ADD', 'ImmSel': 'I', 'BrType': None, 'IsNOP': 0}, 'imm': 1, 'rs1': 5, 'rs2': 1, 'rd': 5, 'rs1_val': 1, 'rs2_val': 0, 'alu_op': 'ADD'}
EX/MEM Reg = {'valid': 1, 'pc_plus4': 60, 'c': {'RegWrite': 0, 'MemRead': 0, 'MemWrite': 0, 'MemToReg': 0, 'ALUSrc': 0, 'Branch': 1, 'Jump': 0, 'JumpReg': 0, 'ALUOp': 'SUB', 'ImmSel': 'B', 'BrType': 'blt', 'IsNOP': 0}, 'd': {'instr': 4267953891, 'opcode': 99, 'rd': 29, 'funct3': 4, 'rs1': 7, 'rs2': 6, 'funct7': 127, 'imm_I': -26, 'imm_S': -3, 'imm_B': -4, 'imm_U': 4267950080, 'imm_J': -800794}, 'rd': 29, 'alu_res': 4294967294, 'rs2_val_fwd': 10, 'mem_addr': 4294967294, 'branch_taken': 0, 'next_pc': 0, 'wb_val_for_jumps': 60}
MEM/WB Reg = {'valid': 1, 'pc_plus4': 56, 'c': {'RegWrite': 1, 'MemRead': 0, 'MemWrite': 0, 'MemToReg': 0, 'ALUSrc': 1, 'Branch': 0, 'Jump': 0, 'JumpReg': 0, 'ALUOp': 'ADD', 'ImmSel': 'I', 'BrType': None, 'IsNOP': 0}, 'd': {'instr': 1278867, 'opcode': 19, 'rd': 7, 'funct3': 0, 'rs1': 7, 'rs2': 1, 'funct7': 0, 'imm_I': 1, 'imm_S': 7, 'imm_B': 2054, 'imm_U': 1277952, 'imm_J': 231424}, 'rd': 7, 'alu_res': 8, 'mem_data': 0, 'wb_val_for_jumps': 56}

Cycle 125
PC = 56
Stall Flag = False
Flush Flag = False
IF/ID Reg = {'valid': 1, 'pc': 52, 'instr': 1278867}
ID/EX Reg = {'valid': 0, 'pc': 0, 'pc_plus4': 0, 'd': None, 'c': None, 'imm': 0, 'rs1': 0, 'rs2': 0, 'rd': 0, 'rs1_val': 0, 'rs2_val': 0, 'alu_op': 'ADD'}
EX/MEM Reg = {'valid': 0, 'pc_plus4': 0, 'c': None, 'd': None, 'rd': 0, 'alu_res': 0, 'rs2_val_fwd': 0, 'mem_addr': 0, 'branch_taken': 0, 'next_pc': 0, 'wb_val_for_jumps': 0}
MEM/WB Reg = {'valid': 1, 'pc_plus4': 60, 'c': {'RegWrite': 0, 'MemRead': 0, 'MemWrite': 0, 'MemToReg': 0, 'ALUSrc': 0, 'Branch': 1, 'Jump': 0, 'JumpReg': 0, 'ALUOp': 'SUB', 'ImmSel': 'B', 'BrType': 'blt', 'IsNOP': 0}, 'd': {'instr': 4267953891, 'opcode': 99, 'rd': 29, 'funct3': 4, 'rs1': 7, 'rs2': 6, 'funct7': 127, 'imm_I': -26, 'imm_S': -3, 'imm_B': -4, 'imm_U': 4267950080, 'imm_J': -800794}, 'rd': 29, 'alu_res': 4294967294, 'mem_data': 0, 'wb_val_for_jumps': 60}

Cycle 126
PC = 60
Stall Flag = False
Flush Flag = False
IF/ID Reg = {'valid': 1, 'pc': 56, 'instr': 4267953891}
ID/EX Reg = {'valid': 1, 'pc': 52, 'pc_plus4': 56, 'd': {'instr': 1278867, 'opcode': 19, 'rd': 7, 'funct3': 0, 'rs1': 7, 'rs2': 1, 'funct7': 0, 'imm_I': 1, 'imm_S': 7, 'imm_B': 2054, 'imm_U': 1277952, 'imm_J': 231424}, 'c': {'RegWrite': 1, 'MemRead': 0, 'MemWrite': 0, 'MemToReg': 0, 'ALUSrc': 1, 'Branch': 0, 'Jump': 0, 'JumpReg': 0, 'ALUOp': 'ADD', 'ImmSel': 'I', 'BrType': None, 'IsNOP': 0}, 'imm': 1, 'rs1': 7, 'rs2': 1, 'rd': 7, 'rs1_val': 8, 'rs2_val': 0, 'alu_op': 'ADD'}
EX/MEM Reg = {'valid': 0, 'pc_plus4': 0, 'c': None, 'd': None, 'rd': 0, 'alu_res': 0, 'rs2_val_fwd': 0, 'mem_addr': 0, 'branch_taken': 0, 'next_pc': 0, 'wb_val_for_jumps': 0}
MEM/WB Reg = {'valid': 0, 'pc_plus4': 0, 'c': None, 'd': None, 'rd': 0, 'alu_res': 0, 'mem_data': 0, 'wb_val_for_jumps': 0}

Cycle 127
PC = 64
Stall Flag = False
Flush Flag = False
IF/ID Reg = {'valid': 1, 'pc': 60, 'instr': 1213075}
ID/EX Reg = {'valid': 1, 'pc': 56, 'pc_plus4': 60, 'd': {'instr': 4267953891, 'opcode': 99, 'rd': 29, 'funct3': 4, 'rs1': 7, 'rs2': 6, 'funct7': 127, 'imm_I': -26, 'imm_S': -3, 'imm_B': -4, 'imm_U': 4267950080, 'imm_J': -800794}, 'c': {'RegWrite': 0, 'MemRead': 0, 'MemWrite': 0, 'MemToReg': 0, 'ALUSrc': 0, 'Branch': 1, 'Jump': 0, 'JumpReg': 0, 'ALUOp': 'SUB', 'ImmSel': 'B', 'BrType': 'blt', 'IsNOP': 0}, 'imm': -4, 'rs1': 7, 'rs2': 6, 'rd': 29, 'rs1_val': 8, 'rs2_val': 10, 'alu_op': 'SUB'}
EX/MEM Reg = {'valid': 1, 'pc_plus4': 56, 'c': {'RegWrite': 1, 'MemRead': 0, 'MemWrite': 0, 'MemToReg': 0, 'ALUSrc': 1, 'Branch': 0, 'Jump': 0, 'JumpReg': 0, 'ALUOp': 'ADD', 'ImmSel': 'I', 'BrType': None, 'IsNOP': 0}, 'd': {'instr': 1278867, 'opcode': 19, 'rd': 7, 'funct3': 0, 'rs1': 7, 'rs2': 1, 'funct7': 0, 'imm_I': 1, 'imm_S': 7, 'imm_B': 2054, 'imm_U': 1277952, 'imm_J': 231424}, 'rd': 7, 'alu_res': 9, 'rs2_val_fwd': 0, 'mem_addr': 9, 'branch_taken': 0, 'next_pc': 0, 'wb_val_for_jumps': 56}
MEM/WB Reg = {'valid': 0, 'pc_plus4': 0, 'c': None, 'd': None, 'rd': 0, 'alu_res': 0, 'mem_data': 0, 'wb_val_for_jumps': 0}

Cycle 128
PC = 52
Stall Flag = False
Flush Flag = True
IF/ID Reg = {'valid': 0, 'pc': 0, 'instr': 0}
ID/EX Reg = {'valid': 0, 'pc': 60, 'pc_plus4': 64, 'd': {'instr': 1213075, 'opcode': 19, 'rd': 5, 'funct3': 0, 'rs1': 5, 'rs2': 1, 'funct7': 0, 'imm_I': 1, 'imm_S': 5, 'imm_B': 2052, 'imm_U': 1212416, 'imm_J': 165888}, 'c': {'RegWrite': 1, 'MemRead': 0, 'MemWrite': 0, 'MemToReg': 0, 'ALUSrc': 1, 'Branch': 0, 'Jump': 0, 'JumpReg': 0, 'ALUOp': 'ADD', 'ImmSel': 'I', 'BrType': None, 'IsNOP': 0}, 'imm': 1, 'rs1': 5, 'rs2': 1, 'rd': 5, 'rs1_val': 1, 'rs2_val': 0, 'alu_op': 'ADD'}
EX/MEM Reg = {'valid': 1, 'pc_plus4': 60, 'c': {'RegWrite': 0, 'MemRead': 0, 'MemWrite': 0, 'MemToReg': 0, 'ALUSrc': 0, 'Branch': 1, 'Jump': 0, 'JumpReg': 0, 'ALUOp': 'SUB', 'ImmSel': 'B', 'BrType': 'blt', 'IsNOP': 0}, 'd': {'instr': 4267953891, 'opcode': 99, 'rd': 29, 'funct3': 4, 'rs1': 7, 'rs2': 6, 'funct7': 127, 'imm_I': -26, 'imm_S': -3, 'imm_B': -4, 'imm_U': 4267950080, 'imm_J': -800794}, 'rd': 29, 'alu_res': 4294967295, 'rs2_val_fwd': 10, 'mem_addr': 4294967295, 'branch_taken': 0, 'next_pc': 0, 'wb_val_for_jumps': 60}
MEM/WB Reg = {'valid': 1, 'pc_plus4': 56, 'c': {'RegWrite': 1, 'MemRead': 0, 'MemWrite': 0, 'MemToReg': 0, 'ALUSrc': 1, 'Branch': 0, 'Jump': 0, 'JumpReg': 0, 'ALUOp': 'ADD', 'ImmSel': 'I', 'BrType': None, 'IsNOP': 0}, 'd': {'instr': 1278867, 'opcode': 19, 'rd': 7, 'funct3': 0, 'rs1': 7, 'rs2': 1, 'funct7': 0, 'imm_I': 1, 'imm_S': 7, 'imm_B': 2054, 'imm_U': 1277952, 'imm_J': 231424}, 'rd': 7, 'alu_res': 9, 'mem_data': 0, 'wb_val_for_jumps': 56}

Cycle 129
PC = 56
Stall Flag = False
Flush Flag = False
IF/ID Reg = {'valid': 1, 'pc': 52, 'instr': 1278867}
ID/EX Reg = {'valid': 0, 'pc': 0, 'pc_plus4': 0, 'd': None, 'c': None, 'imm': 0, 'rs1': 0, 'rs2': 0, 'rd': 0, 'rs1_val': 0, 'rs2_val': 0, 'alu_op': 'ADD'}
EX/MEM Reg = {'valid': 0, 'pc_plus4': 0, 'c': None, 'd': None, 'rd': 0, 'alu_res': 0, 'rs2_val_fwd': 0, 'mem_addr': 0, 'branch_taken': 0, 'next_pc': 0, 'wb_val_for_jumps': 0}
MEM/WB Reg = {'valid': 1, 'pc_plus4': 60, 'c': {'RegWrite': 0, 'MemRead': 0, 'MemWrite': 0, 'MemToReg': 0, 'ALUSrc': 0, 'Branch': 1, 'Jump': 0, 'JumpReg': 0, 'ALUOp': 'SUB', 'ImmSel': 'B', 'BrType': 'blt', 'IsNOP': 0}, 'd': {'instr': 4267953891, 'opcode': 99, 'rd': 29, 'funct3': 4, 'rs1': 7, 'rs2': 6, 'funct7': 127, 'imm_I': -26, 'imm_S': -3, 'imm_B': -4, 'imm_U': 4267950080, 'imm_J': -800794}, 'rd': 29, 'alu_res': 4294967295, 'mem_data': 0, 'wb_val_for_jumps': 60}

Cycle 130
PC = 60
Stall Flag = False
Flush Flag = False
IF/ID Reg = {'valid': 1, 'pc': 56, 'instr': 4267953891}
ID/EX Reg = {'valid': 1, 'pc': 52, 'pc_plus4': 56, 'd': {'instr': 1278867, 'opcode': 19, 'rd': 7, 'funct3': 0, 'rs1': 7, 'rs2': 1, 'funct7': 0, 'imm_I': 1, 'imm_S': 7, 'imm_B': 2054, 'imm_U': 1277952, 'imm_J': 231424}, 'c': {'RegWrite': 1, 'MemRead': 0, 'MemWrite': 0, 'MemToReg': 0, 'ALUSrc': 1, 'Branch': 0, 'Jump': 0, 'JumpReg': 0, 'ALUOp': 'ADD', 'ImmSel': 'I', 'BrType': None, 'IsNOP': 0}, 'imm': 1, 'rs1': 7, 'rs2': 1, 'rd': 7, 'rs1_val': 9, 'rs2_val': 0, 'alu_op': 'ADD'}
EX/MEM Reg = {'valid': 0, 'pc_plus4': 0, 'c': None, 'd': None, 'rd': 0, 'alu_res': 0, 'rs2_val_fwd': 0, 'mem_addr': 0, 'branch_taken': 0, 'next_pc': 0, 'wb_val_for_jumps': 0}
MEM/WB Reg = {'valid': 0, 'pc_plus4': 0, 'c': None, 'd': None, 'rd': 0, 'alu_res': 0, 'mem_data': 0, 'wb_val_for_jumps': 0}

Cycle 131
PC = 64
Stall Flag = False
Flush Flag = False
IF/ID Reg = {'valid': 1, 'pc': 60, 'instr': 1213075}
ID/EX Reg = {'valid': 1, 'pc': 56, 'pc_plus4': 60, 'd': {'instr': 4267953891, 'opcode': 99, 'rd': 29, 'funct3': 4, 'rs1': 7, 'rs2': 6, 'funct7': 127, 'imm_I': -26, 'imm_S': -3, 'imm_B': -4, 'imm_U': 4267950080, 'imm_J': -800794}, 'c': {'RegWrite': 0, 'MemRead': 0, 'MemWrite': 0, 'MemToReg': 0, 'ALUSrc': 0, 'Branch': 1, 'Jump': 0, 'JumpReg': 0, 'ALUOp': 'SUB', 'ImmSel': 'B', 'BrType': 'blt', 'IsNOP': 0}, 'imm': -4, 'rs1': 7, 'rs2': 6, 'rd': 29, 'rs1_val': 9, 'rs2_val': 10, 'alu_op': 'SUB'}
EX/MEM Reg = {'valid': 1, 'pc_plus4': 56, 'c': {'RegWrite': 1, 'MemRead': 0, 'MemWrite': 0, 'MemToReg': 0, 'ALUSrc': 1, 'Branch': 0, 'Jump': 0, 'JumpReg': 0, 'ALUOp': 'ADD', 'ImmSel': 'I', 'BrType': None, 'IsNOP': 0}, 'd': {'instr': 1278867, 'opcode': 19, 'rd': 7, 'funct3': 0, 'rs1': 7, 'rs2': 1, 'funct7': 0, 'imm_I': 1, 'imm_S': 7, 'imm_B': 2054, 'imm_U': 1277952, 'imm_J': 231424}, 'rd': 7, 'alu_res': 10, 'rs2_val_fwd': 0, 'mem_addr': 10, 'branch_taken': 0, 'next_pc': 0, 'wb_val_for_jumps': 56}
MEM/WB Reg = {'valid': 0, 'pc_plus4': 0, 'c': None, 'd': None, 'rd': 0, 'alu_res': 0, 'mem_data': 0, 'wb_val_for_jumps': 0}

Cycle 132
PC = 68
Stall Flag = False
Flush Flag = False
IF/ID Reg = {'valid': 1, 'pc': 64, 'instr': 4267886819}
ID/EX Reg = {'valid': 1, 'pc': 60, 'pc_plus4': 64, 'd': {'instr': 1213075, 'opcode': 19, 'rd': 5, 'funct3': 0, 'rs1': 5, 'rs2': 1, 'funct7': 0, 'imm_I': 1, 'imm_S': 5, 'imm_B': 2052, 'imm_U': 1212416, 'imm_J': 165888}, 'c': {'RegWrite': 1, 'MemRead': 0, 'MemWrite': 0, 'MemToReg': 0, 'ALUSrc': 1, 'Branch': 0, 'Jump': 0, 'JumpReg': 0, 'ALUOp': 'ADD', 'ImmSel': 'I', 'BrType': None, 'IsNOP': 0}, 'imm': 1, 'rs1': 5, 'rs2': 1, 'rd': 5, 'rs1_val': 1, 'rs2_val': 0, 'alu_op': 'ADD'}
EX/MEM Reg = {'valid': 1, 'pc_plus4': 60, 'c': {'RegWrite': 0, 'MemRead': 0, 'MemWrite': 0, 'MemToReg': 0, 'ALUSrc': 0, 'Branch': 1, 'Jump': 0, 'JumpReg': 0, 'ALUOp': 'SUB', 'ImmSel': 'B', 'BrType': 'blt', 'IsNOP': 0}, 'd': {'instr': 4267953891, 'opcode': 99, 'rd': 29, 'funct3': 4, 'rs1': 7, 'rs2': 6, 'funct7': 127, 'imm_I': -26, 'imm_S': -3, 'imm_B': -4, 'imm_U': 4267950080, 'imm_J': -800794}, 'rd': 29, 'alu_res': 0, 'rs2_val_fwd': 10, 'mem_addr': 0, 'branch_taken': 0, 'next_pc': 0, 'wb_val_for_jumps': 60}
MEM/WB Reg = {'valid': 1, 'pc_plus4': 56, 'c': {'RegWrite': 1, 'MemRead': 0, 'MemWrite': 0, 'MemToReg': 0, 'ALUSrc': 1, 'Branch': 0, 'Jump': 0, 'JumpReg': 0, 'ALUOp': 'ADD', 'ImmSel': 'I', 'BrType': None, 'IsNOP': 0}, 'd': {'instr': 1278867, 'opcode': 19, 'rd': 7, 'funct3': 0, 'rs1': 7, 'rs2': 1, 'funct7': 0, 'imm_I': 1, 'imm_S': 7, 'imm_B': 2054, 'imm_U': 1277952, 'imm_J': 231424}, 'rd': 7, 'alu_res': 10, 'mem_data': 0, 'wb_val_for_jumps': 56}

Cycle 133
PC = 72
Stall Flag = False
Flush Flag = False
IF/ID Reg = {'valid': 1, 'pc': 68, 'instr': 1049235}
ID/EX Reg = {'valid': 1, 'pc': 64, 'pc_plus4': 68, 'd': {'instr': 4267886819, 'opcode': 99, 'rd': 17, 'funct3': 4, 'rs1': 5, 'rs2': 6, 'funct7': 127, 'imm_I': -26, 'imm_S': -15, 'imm_B': -16, 'imm_U': 4267884544, 'imm_J': -866330}, 'c': {'RegWrite': 0, 'MemRead': 0, 'MemWrite': 0, 'MemToReg': 0, 'ALUSrc': 0, 'Branch': 1, 'Jump': 0, 'JumpReg': 0, 'ALUOp': 'SUB', 'ImmSel': 'B', 'BrType': 'blt', 'IsNOP': 0}, 'imm': -16, 'rs1': 5, 'rs2': 6, 'rd': 17, 'rs1_val': 1, 'rs2_val': 10, 'alu_op': 'SUB'}
EX/MEM Reg = {'valid': 1, 'pc_plus4': 64, 'c': {'RegWrite': 1, 'MemRead': 0, 'MemWrite': 0, 'MemToReg': 0, 'ALUSrc': 1, 'Branch': 0, 'Jump': 0, 'JumpReg': 0, 'ALUOp': 'ADD', 'ImmSel': 'I', 'BrType': None, 'IsNOP': 0}, 'd': {'instr': 1213075, 'opcode': 19, 'rd': 5, 'funct3': 0, 'rs1': 5, 'rs2': 1, 'funct7': 0, 'imm_I': 1, 'imm_S': 5, 'imm_B': 2052, 'imm_U': 1212416, 'imm_J': 165888}, 'rd': 5, 'alu_res': 2, 'rs2_val_fwd': 0, 'mem_addr': 2, 'branch_taken': 0, 'next_pc': 0, 'wb_val_for_jumps': 64}
MEM/WB Reg = {'valid': 1, 'pc_plus4': 60, 'c': {'RegWrite': 0, 'MemRead': 0, 'MemWrite': 0, 'MemToReg': 0, 'ALUSrc': 0, 'Branch': 1, 'Jump': 0, 'JumpReg': 0, 'ALUOp': 'SUB', 'ImmSel': 'B', 'BrType': 'blt', 'IsNOP': 0}, 'd': {'instr': 4267953891, 'opcode': 99, 'rd': 29, 'funct3': 4, 'rs1': 7, 'rs2': 6, 'funct7': 127, 'imm_I': -26, 'imm_S': -3, 'imm_B': -4, 'imm_U': 4267950080, 'imm_J': -800794}, 'rd': 29, 'alu_res': 0, 'mem_data': 0, 'wb_val_for_jumps': 60}

Cycle 134
PC = 48
Stall Flag = False
Flush Flag = True
IF/ID Reg = {'valid': 0, 'pc': 0, 'instr': 0}
ID/EX Reg = {'valid': 0, 'pc': 68, 'pc_plus4': 72, 'd': {'instr': 1049235, 'opcode': 19, 'rd': 5, 'funct3': 0, 'rs1': 0, 'rs2': 1, 'funct7': 0, 'imm_I': 1, 'imm_S': 5, 'imm_B': 2052, 'imm_U': 1048576, 'imm_J': 2048}, 'c': {'RegWrite': 1, 'MemRead': 0, 'MemWrite': 0, 'MemToReg': 0, 'ALUSrc': 1, 'Branch': 0, 'Jump': 0, 'JumpReg': 0, 'ALUOp': 'ADD', 'ImmSel': 'I', 'BrType': None, 'IsNOP': 0}, 'imm': 1, 'rs1': 0, 'rs2': 1, 'rd': 5, 'rs1_val': 0, 'rs2_val': 0, 'alu_op': 'ADD'}
EX/MEM Reg = {'valid': 1, 'pc_plus4': 68, 'c': {'RegWrite': 0, 'MemRead': 0, 'MemWrite': 0, 'MemToReg': 0, 'ALUSrc': 0, 'Branch': 1, 'Jump': 0, 'JumpReg': 0, 'ALUOp': 'SUB', 'ImmSel': 'B', 'BrType': 'blt', 'IsNOP': 0}, 'd': {'instr': 4267886819, 'opcode': 99, 'rd': 17, 'funct3': 4, 'rs1': 5, 'rs2': 6, 'funct7': 127, 'imm_I': -26, 'imm_S': -15, 'imm_B': -16, 'imm_U': 4267884544, 'imm_J': -866330}, 'rd': 17, 'alu_res': 4294967288, 'rs2_val_fwd': 10, 'mem_addr': 4294967288, 'branch_taken': 0, 'next_pc': 0, 'wb_val_for_jumps': 68}
MEM/WB Reg = {'valid': 1, 'pc_plus4': 64, 'c': {'RegWrite': 1, 'MemRead': 0, 'MemWrite': 0, 'MemToReg': 0, 'ALUSrc': 1, 'Branch': 0, 'Jump': 0, 'JumpReg': 0, 'ALUOp': 'ADD', 'ImmSel': 'I', 'BrType': None, 'IsNOP': 0}, 'd': {'instr': 1213075, 'opcode': 19, 'rd': 5, 'funct3': 0, 'rs1': 5, 'rs2': 1, 'funct7': 0, 'imm_I': 1, 'imm_S': 5, 'imm_B': 2052, 'imm_U': 1212416, 'imm_J': 165888}, 'rd': 5, 'alu_res': 2, 'mem_data': 0, 'wb_val_for_jumps': 64}

Cycle 135
PC = 52
Stall Flag = False
Flush Flag = False
IF/ID Reg = {'valid': 1, 'pc': 48, 'instr': 915}
ID/EX Reg = {'valid': 0, 'pc': 0, 'pc_plus4': 0, 'd': None, 'c': None, 'imm': 0, 'rs1': 0, 'rs2': 0, 'rd': 0, 'rs1_val': 0, 'rs2_val': 0, 'alu_op': 'ADD'}
EX/MEM Reg = {'valid': 0, 'pc_plus4': 0, 'c': None, 'd': None, 'rd': 0, 'alu_res': 0, 'rs2_val_fwd': 0, 'mem_addr': 0, 'branch_taken': 0, 'next_pc': 0, 'wb_val_for_jumps': 0}
MEM/WB Reg = {'valid': 1, 'pc_plus4': 68, 'c': {'RegWrite': 0, 'MemRead': 0, 'MemWrite': 0, 'MemToReg': 0, 'ALUSrc': 0, 'Branch': 1, 'Jump': 0, 'JumpReg': 0, 'ALUOp': 'SUB', 'ImmSel': 'B', 'BrType': 'blt', 'IsNOP': 0}, 'd': {'instr': 4267886819, 'opcode': 99, 'rd': 17, 'funct3': 4, 'rs1': 5, 'rs2': 6, 'funct7': 127, 'imm_I': -26, 'imm_S': -15, 'imm_B': -16, 'imm_U': 4267884544, 'imm_J': -866330}, 'rd': 17, 'alu_res': 4294967288, 'mem_data': 0, 'wb_val_for_jumps': 68}

Cycle 136
PC = 56
Stall Flag = False
Flush Flag = False
IF/ID Reg = {'valid': 1, 'pc': 52, 'instr': 1278867}
ID/EX Reg = {'valid': 1, 'pc': 48, 'pc_plus4': 52, 'd': {'instr': 915, 'opcode': 19, 'rd': 7, 'funct3': 0, 'rs1': 0, 'rs2': 0, 'funct7': 0, 'imm_I': 0, 'imm_S': 7, 'imm_B': 2054, 'imm_U': 0, 'imm_J': 0}, 'c': {'RegWrite': 1, 'MemRead': 0, 'MemWrite': 0, 'MemToReg': 0, 'ALUSrc': 1, 'Branch': 0, 'Jump': 0, 'JumpReg': 0, 'ALUOp': 'ADD', 'ImmSel': 'I', 'BrType': None, 'IsNOP': 0}, 'imm': 0, 'rs1': 0, 'rs2': 0, 'rd': 7, 'rs1_val': 0, 'rs2_val': 0, 'alu_op': 'ADD'}
EX/MEM Reg = {'valid': 0, 'pc_plus4': 0, 'c': None, 'd': None, 'rd': 0, 'alu_res': 0, 'rs2_val_fwd': 0, 'mem_addr': 0, 'branch_taken': 0, 'next_pc': 0, 'wb_val_for_jumps': 0}
MEM/WB Reg = {'valid': 0, 'pc_plus4': 0, 'c': None, 'd': None, 'rd': 0, 'alu_res': 0, 'mem_data': 0, 'wb_val_for_jumps': 0}

Cycle 137
PC = 60
Stall Flag = False
Flush Flag = False
IF/ID Reg = {'valid': 1, 'pc': 56, 'instr': 4267953891}
ID/EX Reg = {'valid': 1, 'pc': 52, 'pc_plus4': 56, 'd': {'instr': 1278867, 'opcode': 19, 'rd': 7, 'funct3': 0, 'rs1': 7, 'rs2': 1, 'funct7': 0, 'imm_I': 1, 'imm_S': 7, 'imm_B': 2054, 'imm_U': 1277952, 'imm_J': 231424}, 'c': {'RegWrite': 1, 'MemRead': 0, 'MemWrite': 0, 'MemToReg': 0, 'ALUSrc': 1, 'Branch': 0, 'Jump': 0, 'JumpReg': 0, 'ALUOp': 'ADD', 'ImmSel': 'I', 'BrType': None, 'IsNOP': 0}, 'imm': 1, 'rs1': 7, 'rs2': 1, 'rd': 7, 'rs1_val': 10, 'rs2_val': 0, 'alu_op': 'ADD'}
EX/MEM Reg = {'valid': 1, 'pc_plus4': 52, 'c': {'RegWrite': 1, 'MemRead': 0, 'MemWrite': 0, 'MemToReg': 0, 'ALUSrc': 1, 'Branch': 0, 'Jump': 0, 'JumpReg': 0, 'ALUOp': 'ADD', 'ImmSel': 'I', 'BrType': None, 'IsNOP': 0}, 'd': {'instr': 915, 'opcode': 19, 'rd': 7, 'funct3': 0, 'rs1': 0, 'rs2': 0, 'funct7': 0, 'imm_I': 0, 'imm_S': 7, 'imm_B': 2054, 'imm_U': 0, 'imm_J': 0}, 'rd': 7, 'alu_res': 0, 'rs2_val_fwd': 0, 'mem_addr': 0, 'branch_taken': 0, 'next_pc': 0, 'wb_val_for_jumps': 52}
MEM/WB Reg = {'valid': 0, 'pc_plus4': 0, 'c': None, 'd': None, 'rd': 0, 'alu_res': 0, 'mem_data': 0, 'wb_val_for_jumps': 0}

Cycle 138
PC = 64
Stall Flag = False
Flush Flag = False
IF/ID Reg = {'valid': 1, 'pc': 60, 'instr': 1213075}
ID/EX Reg = {'valid': 1, 'pc': 56, 'pc_plus4': 60, 'd': {'instr': 4267953891, 'opcode': 99, 'rd': 29, 'funct3': 4, 'rs1': 7, 'rs2': 6, 'funct7': 127, 'imm_I': -26, 'imm_S': -3, 'imm_B': -4, 'imm_U': 4267950080, 'imm_J': -800794}, 'c': {'RegWrite': 0, 'MemRead': 0, 'MemWrite': 0, 'MemToReg': 0, 'ALUSrc': 0, 'Branch': 1, 'Jump': 0, 'JumpReg': 0, 'ALUOp': 'SUB', 'ImmSel': 'B', 'BrType': 'blt', 'IsNOP': 0}, 'imm': -4, 'rs1': 7, 'rs2': 6, 'rd': 29, 'rs1_val': 10, 'rs2_val': 10, 'alu_op': 'SUB'}
EX/MEM Reg = {'valid': 1, 'pc_plus4': 56, 'c': {'RegWrite': 1, 'MemRead': 0, 'MemWrite': 0, 'MemToReg': 0, 'ALUSrc': 1, 'Branch': 0, 'Jump': 0, 'JumpReg': 0, 'ALUOp': 'ADD', 'ImmSel': 'I', 'BrType': None, 'IsNOP': 0}, 'd': {'instr': 1278867, 'opcode': 19, 'rd': 7, 'funct3': 0, 'rs1': 7, 'rs2': 1, 'funct7': 0, 'imm_I': 1, 'imm_S': 7, 'imm_B': 2054, 'imm_U': 1277952, 'imm_J': 231424}, 'rd': 7, 'alu_res': 1, 'rs2_val_fwd': 0, 'mem_addr': 1, 'branch_taken': 0, 'next_pc': 0, 'wb_val_for_jumps': 56}
MEM/WB Reg = {'valid': 1, 'pc_plus4': 52, 'c': {'RegWrite': 1, 'MemRead': 0, 'MemWrite': 0, 'MemToReg': 0, 'ALUSrc': 1, 'Branch': 0, 'Jump': 0, 'JumpReg': 0, 'ALUOp': 'ADD', 'ImmSel': 'I', 'BrType': None, 'IsNOP': 0}, 'd': {'instr': 915, 'opcode': 19, 'rd': 7, 'funct3': 0, 'rs1': 0, 'rs2': 0, 'funct7': 0, 'imm_I': 0, 'imm_S': 7, 'imm_B': 2054, 'imm_U': 0, 'imm_J': 0}, 'rd': 7, 'alu_res': 0, 'mem_data': 0, 'wb_val_for_jumps': 52}

Cycle 139
PC = 52
Stall Flag = False
Flush Flag = True
IF/ID Reg = {'valid': 0, 'pc': 0, 'instr': 0}
ID/EX Reg = {'valid': 0, 'pc': 60, 'pc_plus4': 64, 'd': {'instr': 1213075, 'opcode': 19, 'rd': 5, 'funct3': 0, 'rs1': 5, 'rs2': 1, 'funct7': 0, 'imm_I': 1, 'imm_S': 5, 'imm_B': 2052, 'imm_U': 1212416, 'imm_J': 165888}, 'c': {'RegWrite': 1, 'MemRead': 0, 'MemWrite': 0, 'MemToReg': 0, 'ALUSrc': 1, 'Branch': 0, 'Jump': 0, 'JumpReg': 0, 'ALUOp': 'ADD', 'ImmSel': 'I', 'BrType': None, 'IsNOP': 0}, 'imm': 1, 'rs1': 5, 'rs2': 1, 'rd': 5, 'rs1_val': 2, 'rs2_val': 0, 'alu_op': 'ADD'}
EX/MEM Reg = {'valid': 1, 'pc_plus4': 60, 'c': {'RegWrite': 0, 'MemRead': 0, 'MemWrite': 0, 'MemToReg': 0, 'ALUSrc': 0, 'Branch': 1, 'Jump': 0, 'JumpReg': 0, 'ALUOp': 'SUB', 'ImmSel': 'B', 'BrType': 'blt', 'IsNOP': 0}, 'd': {'instr': 4267953891, 'opcode': 99, 'rd': 29, 'funct3': 4, 'rs1': 7, 'rs2': 6, 'funct7': 127, 'imm_I': -26, 'imm_S': -3, 'imm_B': -4, 'imm_U': 4267950080, 'imm_J': -800794}, 'rd': 29, 'alu_res': 4294967287, 'rs2_val_fwd': 10, 'mem_addr': 4294967287, 'branch_taken': 0, 'next_pc': 0, 'wb_val_for_jumps': 60}
MEM/WB Reg = {'valid': 1, 'pc_plus4': 56, 'c': {'RegWrite': 1, 'MemRead': 0, 'MemWrite': 0, 'MemToReg': 0, 'ALUSrc': 1, 'Branch': 0, 'Jump': 0, 'JumpReg': 0, 'ALUOp': 'ADD', 'ImmSel': 'I', 'BrType': None, 'IsNOP': 0}, 'd': {'instr': 1278867, 'opcode': 19, 'rd': 7, 'funct3': 0, 'rs1': 7, 'rs2': 1, 'funct7': 0, 'imm_I': 1, 'imm_S': 7, 'imm_B': 2054, 'imm_U': 1277952, 'imm_J': 231424}, 'rd': 7, 'alu_res': 1, 'mem_data': 0, 'wb_val_for_jumps': 56}

Cycle 140
PC = 56
Stall Flag = False
Flush Flag = False
IF/ID Reg = {'valid': 1, 'pc': 52, 'instr': 1278867}
ID/EX Reg = {'valid': 0, 'pc': 0, 'pc_plus4': 0, 'd': None, 'c': None, 'imm': 0, 'rs1': 0, 'rs2': 0, 'rd': 0, 'rs1_val': 0, 'rs2_val': 0, 'alu_op': 'ADD'}
EX/MEM Reg = {'valid': 0, 'pc_plus4': 0, 'c': None, 'd': None, 'rd': 0, 'alu_res': 0, 'rs2_val_fwd': 0, 'mem_addr': 0, 'branch_taken': 0, 'next_pc': 0, 'wb_val_for_jumps': 0}
MEM/WB Reg = {'valid': 1, 'pc_plus4': 60, 'c': {'RegWrite': 0, 'MemRead': 0, 'MemWrite': 0, 'MemToReg': 0, 'ALUSrc': 0, 'Branch': 1, 'Jump': 0, 'JumpReg': 0, 'ALUOp': 'SUB', 'ImmSel': 'B', 'BrType': 'blt', 'IsNOP': 0}, 'd': {'instr': 4267953891, 'opcode': 99, 'rd': 29, 'funct3': 4, 'rs1': 7, 'rs2': 6, 'funct7': 127, 'imm_I': -26, 'imm_S': -3, 'imm_B': -4, 'imm_U': 4267950080, 'imm_J': -800794}, 'rd': 29, 'alu_res': 4294967287, 'mem_data': 0, 'wb_val_for_jumps': 60}

Cycle 141
PC = 60
Stall Flag = False
Flush Flag = False
IF/ID Reg = {'valid': 1, 'pc': 56, 'instr': 4267953891}
ID/EX Reg = {'valid': 1, 'pc': 52, 'pc_plus4': 56, 'd': {'instr': 1278867, 'opcode': 19, 'rd': 7, 'funct3': 0, 'rs1': 7, 'rs2': 1, 'funct7': 0, 'imm_I': 1, 'imm_S': 7, 'imm_B': 2054, 'imm_U': 1277952, 'imm_J': 231424}, 'c': {'RegWrite': 1, 'MemRead': 0, 'MemWrite': 0, 'MemToReg': 0, 'ALUSrc': 1, 'Branch': 0, 'Jump': 0, 'JumpReg': 0, 'ALUOp': 'ADD', 'ImmSel': 'I', 'BrType': None, 'IsNOP': 0}, 'imm': 1, 'rs1': 7, 'rs2': 1, 'rd': 7, 'rs1_val': 1, 'rs2_val': 0, 'alu_op': 'ADD'}
EX/MEM Reg = {'valid': 0, 'pc_plus4': 0, 'c': None, 'd': None, 'rd': 0, 'alu_res': 0, 'rs2_val_fwd': 0, 'mem_addr': 0, 'branch_taken': 0, 'next_pc': 0, 'wb_val_for_jumps': 0}
MEM/WB Reg = {'valid': 0, 'pc_plus4': 0, 'c': None, 'd': None, 'rd': 0, 'alu_res': 0, 'mem_data': 0, 'wb_val_for_jumps': 0}

Cycle 142
PC = 64
Stall Flag = False
Flush Flag = False
IF/ID Reg = {'valid': 1, 'pc': 60, 'instr': 1213075}
ID/EX Reg = {'valid': 1, 'pc': 56, 'pc_plus4': 60, 'd': {'instr': 4267953891, 'opcode': 99, 'rd': 29, 'funct3': 4, 'rs1': 7, 'rs2': 6, 'funct7': 127, 'imm_I': -26, 'imm_S': -3, 'imm_B': -4, 'imm_U': 4267950080, 'imm_J': -800794}, 'c': {'RegWrite': 0, 'MemRead': 0, 'MemWrite': 0, 'MemToReg': 0, 'ALUSrc': 0, 'Branch': 1, 'Jump': 0, 'JumpReg': 0, 'ALUOp': 'SUB', 'ImmSel': 'B', 'BrType': 'blt', 'IsNOP': 0}, 'imm': -4, 'rs1': 7, 'rs2': 6, 'rd': 29, 'rs1_val': 1, 'rs2_val': 10, 'alu_op': 'SUB'}
EX/MEM Reg = {'valid': 1, 'pc_plus4': 56, 'c': {'RegWrite': 1, 'MemRead': 0, 'MemWrite': 0, 'MemToReg': 0, 'ALUSrc': 1, 'Branch': 0, 'Jump': 0, 'JumpReg': 0, 'ALUOp': 'ADD', 'ImmSel': 'I', 'BrType': None, 'IsNOP': 0}, 'd': {'instr': 1278867, 'opcode': 19, 'rd': 7, 'funct3': 0, 'rs1': 7, 'rs2': 1, 'funct7': 0, 'imm_I': 1, 'imm_S': 7, 'imm_B': 2054, 'imm_U': 1277952, 'imm_J': 231424}, 'rd': 7, 'alu_res': 2, 'rs2_val_fwd': 0, 'mem_addr': 2, 'branch_taken': 0, 'next_pc': 0, 'wb_val_for_jumps': 56}
MEM/WB Reg = {'valid': 0, 'pc_plus4': 0, 'c': None, 'd': None, 'rd': 0, 'alu_res': 0, 'mem_data': 0, 'wb_val_for_jumps': 0}

Cycle 143
PC = 52
Stall Flag = False
Flush Flag = True
IF/ID Reg = {'valid': 0, 'pc': 0, 'instr': 0}
ID/EX Reg = {'valid': 0, 'pc': 60, 'pc_plus4': 64, 'd': {'instr': 1213075, 'opcode': 19, 'rd': 5, 'funct3': 0, 'rs1': 5, 'rs2': 1, 'funct7': 0, 'imm_I': 1, 'imm_S': 5, 'imm_B': 2052, 'imm_U': 1212416, 'imm_J': 165888}, 'c': {'RegWrite': 1, 'MemRead': 0, 'MemWrite': 0, 'MemToReg': 0, 'ALUSrc': 1, 'Branch': 0, 'Jump': 0, 'JumpReg': 0, 'ALUOp': 'ADD', 'ImmSel': 'I', 'BrType': None, 'IsNOP': 0}, 'imm': 1, 'rs1': 5, 'rs2': 1, 'rd': 5, 'rs1_val': 2, 'rs2_val': 0, 'alu_op': 'ADD'}
EX/MEM Reg = {'valid': 1, 'pc_plus4': 60, 'c': {'RegWrite': 0, 'MemRead': 0, 'MemWrite': 0, 'MemToReg': 0, 'ALUSrc': 0, 'Branch': 1, 'Jump': 0, 'JumpReg': 0, 'ALUOp': 'SUB', 'ImmSel': 'B', 'BrType': 'blt', 'IsNOP': 0}, 'd': {'instr': 4267953891, 'opcode': 99, 'rd': 29, 'funct3': 4, 'rs1': 7, 'rs2': 6, 'funct7': 127, 'imm_I': -26, 'imm_S': -3, 'imm_B': -4, 'imm_U': 4267950080, 'imm_J': -800794}, 'rd': 29, 'alu_res': 4294967288, 'rs2_val_fwd': 10, 'mem_addr': 4294967288, 'branch_taken': 0, 'next_pc': 0, 'wb_val_for_jumps': 60}
MEM/WB Reg = {'valid': 1, 'pc_plus4': 56, 'c': {'RegWrite': 1, 'MemRead': 0, 'MemWrite': 0, 'MemToReg': 0, 'ALUSrc': 1, 'Branch': 0, 'Jump': 0, 'JumpReg': 0, 'ALUOp': 'ADD', 'ImmSel': 'I', 'BrType': None, 'IsNOP': 0}, 'd': {'instr': 1278867, 'opcode': 19, 'rd': 7, 'funct3': 0, 'rs1': 7, 'rs2': 1, 'funct7': 0, 'imm_I': 1, 'imm_S': 7, 'imm_B': 2054, 'imm_U': 1277952, 'imm_J': 231424}, 'rd': 7, 'alu_res': 2, 'mem_data': 0, 'wb_val_for_jumps': 56}

Cycle 144
PC = 56
Stall Flag = False
Flush Flag = False
IF/ID Reg = {'valid': 1, 'pc': 52, 'instr': 1278867}
ID/EX Reg = {'valid': 0, 'pc': 0, 'pc_plus4': 0, 'd': None, 'c': None, 'imm': 0, 'rs1': 0, 'rs2': 0, 'rd': 0, 'rs1_val': 0, 'rs2_val': 0, 'alu_op': 'ADD'}
EX/MEM Reg = {'valid': 0, 'pc_plus4': 0, 'c': None, 'd': None, 'rd': 0, 'alu_res': 0, 'rs2_val_fwd': 0, 'mem_addr': 0, 'branch_taken': 0, 'next_pc': 0, 'wb_val_for_jumps': 0}
MEM/WB Reg = {'valid': 1, 'pc_plus4': 60, 'c': {'RegWrite': 0, 'MemRead': 0, 'MemWrite': 0, 'MemToReg': 0, 'ALUSrc': 0, 'Branch': 1, 'Jump': 0, 'JumpReg': 0, 'ALUOp': 'SUB', 'ImmSel': 'B', 'BrType': 'blt', 'IsNOP': 0}, 'd': {'instr': 4267953891, 'opcode': 99, 'rd': 29, 'funct3': 4, 'rs1': 7, 'rs2': 6, 'funct7': 127, 'imm_I': -26, 'imm_S': -3, 'imm_B': -4, 'imm_U': 4267950080, 'imm_J': -800794}, 'rd': 29, 'alu_res': 4294967288, 'mem_data': 0, 'wb_val_for_jumps': 60}

Cycle 145
PC = 60
Stall Flag = False
Flush Flag = False
IF/ID Reg = {'valid': 1, 'pc': 56, 'instr': 4267953891}
ID/EX Reg = {'valid': 1, 'pc': 52, 'pc_plus4': 56, 'd': {'instr': 1278867, 'opcode': 19, 'rd': 7, 'funct3': 0, 'rs1': 7, 'rs2': 1, 'funct7': 0, 'imm_I': 1, 'imm_S': 7, 'imm_B': 2054, 'imm_U': 1277952, 'imm_J': 231424}, 'c': {'RegWrite': 1, 'MemRead': 0, 'MemWrite': 0, 'MemToReg': 0, 'ALUSrc': 1, 'Branch': 0, 'Jump': 0, 'JumpReg': 0, 'ALUOp': 'ADD', 'ImmSel': 'I', 'BrType': None, 'IsNOP': 0}, 'imm': 1, 'rs1': 7, 'rs2': 1, 'rd': 7, 'rs1_val': 2, 'rs2_val': 0, 'alu_op': 'ADD'}
EX/MEM Reg = {'valid': 0, 'pc_plus4': 0, 'c': None, 'd': None, 'rd': 0, 'alu_res': 0, 'rs2_val_fwd': 0, 'mem_addr': 0, 'branch_taken': 0, 'next_pc': 0, 'wb_val_for_jumps': 0}
MEM/WB Reg = {'valid': 0, 'pc_plus4': 0, 'c': None, 'd': None, 'rd': 0, 'alu_res': 0, 'mem_data': 0, 'wb_val_for_jumps': 0}

Cycle 146
PC = 64
Stall Flag = False
Flush Flag = False
IF/ID Reg = {'valid': 1, 'pc': 60, 'instr': 1213075}
ID/EX Reg = {'valid': 1, 'pc': 56, 'pc_plus4': 60, 'd': {'instr': 4267953891, 'opcode': 99, 'rd': 29, 'funct3': 4, 'rs1': 7, 'rs2': 6, 'funct7': 127, 'imm_I': -26, 'imm_S': -3, 'imm_B': -4, 'imm_U': 4267950080, 'imm_J': -800794}, 'c': {'RegWrite': 0, 'MemRead': 0, 'MemWrite': 0, 'MemToReg': 0, 'ALUSrc': 0, 'Branch': 1, 'Jump': 0, 'JumpReg': 0, 'ALUOp': 'SUB', 'ImmSel': 'B', 'BrType': 'blt', 'IsNOP': 0}, 'imm': -4, 'rs1': 7, 'rs2': 6, 'rd': 29, 'rs1_val': 2, 'rs2_val': 10, 'alu_op': 'SUB'}
EX/MEM Reg = {'valid': 1, 'pc_plus4': 56, 'c': {'RegWrite': 1, 'MemRead': 0, 'MemWrite': 0, 'MemToReg': 0, 'ALUSrc': 1, 'Branch': 0, 'Jump': 0, 'JumpReg': 0, 'ALUOp': 'ADD', 'ImmSel': 'I', 'BrType': None, 'IsNOP': 0}, 'd': {'instr': 1278867, 'opcode': 19, 'rd': 7, 'funct3': 0, 'rs1': 7, 'rs2': 1, 'funct7': 0, 'imm_I': 1, 'imm_S': 7, 'imm_B': 2054, 'imm_U': 1277952, 'imm_J': 231424}, 'rd': 7, 'alu_res': 3, 'rs2_val_fwd': 0, 'mem_addr': 3, 'branch_taken': 0, 'next_pc': 0, 'wb_val_for_jumps': 56}
MEM/WB Reg = {'valid': 0, 'pc_plus4': 0, 'c': None, 'd': None, 'rd': 0, 'alu_res': 0, 'mem_data': 0, 'wb_val_for_jumps': 0}

Cycle 147
PC = 52
Stall Flag = False
Flush Flag = True
IF/ID Reg = {'valid': 0, 'pc': 0, 'instr': 0}
ID/EX Reg = {'valid': 0, 'pc': 60, 'pc_plus4': 64, 'd': {'instr': 1213075, 'opcode': 19, 'rd': 5, 'funct3': 0, 'rs1': 5, 'rs2': 1, 'funct7': 0, 'imm_I': 1, 'imm_S': 5, 'imm_B': 2052, 'imm_U': 1212416, 'imm_J': 165888}, 'c': {'RegWrite': 1, 'MemRead': 0, 'MemWrite': 0, 'MemToReg': 0, 'ALUSrc': 1, 'Branch': 0, 'Jump': 0, 'JumpReg': 0, 'ALUOp': 'ADD', 'ImmSel': 'I', 'BrType': None, 'IsNOP': 0}, 'imm': 1, 'rs1': 5, 'rs2': 1, 'rd': 5, 'rs1_val': 2, 'rs2_val': 0, 'alu_op': 'ADD'}
EX/MEM Reg = {'valid': 1, 'pc_plus4': 60, 'c': {'RegWrite': 0, 'MemRead': 0, 'MemWrite': 0, 'MemToReg': 0, 'ALUSrc': 0, 'Branch': 1, 'Jump': 0, 'JumpReg': 0, 'ALUOp': 'SUB', 'ImmSel': 'B', 'BrType': 'blt', 'IsNOP': 0}, 'd': {'instr': 4267953891, 'opcode': 99, 'rd': 29, 'funct3': 4, 'rs1': 7, 'rs2': 6, 'funct7': 127, 'imm_I': -26, 'imm_S': -3, 'imm_B': -4, 'imm_U': 4267950080, 'imm_J': -800794}, 'rd': 29, 'alu_res': 4294967289, 'rs2_val_fwd': 10, 'mem_addr': 4294967289, 'branch_taken': 0, 'next_pc': 0, 'wb_val_for_jumps': 60}
MEM/WB Reg = {'valid': 1, 'pc_plus4': 56, 'c': {'RegWrite': 1, 'MemRead': 0, 'MemWrite': 0, 'MemToReg': 0, 'ALUSrc': 1, 'Branch': 0, 'Jump': 0, 'JumpReg': 0, 'ALUOp': 'ADD', 'ImmSel': 'I', 'BrType': None, 'IsNOP': 0}, 'd': {'instr': 1278867, 'opcode': 19, 'rd': 7, 'funct3': 0, 'rs1': 7, 'rs2': 1, 'funct7': 0, 'imm_I': 1, 'imm_S': 7, 'imm_B': 2054, 'imm_U': 1277952, 'imm_J': 231424}, 'rd': 7, 'alu_res': 3, 'mem_data': 0, 'wb_val_for_jumps': 56}

Cycle 148
PC = 56
Stall Flag = False
Flush Flag = False
IF/ID Reg = {'valid': 1, 'pc': 52, 'instr': 1278867}
ID/EX Reg = {'valid': 0, 'pc': 0, 'pc_plus4': 0, 'd': None, 'c': None, 'imm': 0, 'rs1': 0, 'rs2': 0, 'rd': 0, 'rs1_val': 0, 'rs2_val': 0, 'alu_op': 'ADD'}
EX/MEM Reg = {'valid': 0, 'pc_plus4': 0, 'c': None, 'd': None, 'rd': 0, 'alu_res': 0, 'rs2_val_fwd': 0, 'mem_addr': 0, 'branch_taken': 0, 'next_pc': 0, 'wb_val_for_jumps': 0}
MEM/WB Reg = {'valid': 1, 'pc_plus4': 60, 'c': {'RegWrite': 0, 'MemRead': 0, 'MemWrite': 0, 'MemToReg': 0, 'ALUSrc': 0, 'Branch': 1, 'Jump': 0, 'JumpReg': 0, 'ALUOp': 'SUB', 'ImmSel': 'B', 'BrType': 'blt', 'IsNOP': 0}, 'd': {'instr': 4267953891, 'opcode': 99, 'rd': 29, 'funct3': 4, 'rs1': 7, 'rs2': 6, 'funct7': 127, 'imm_I': -26, 'imm_S': -3, 'imm_B': -4, 'imm_U': 4267950080, 'imm_J': -800794}, 'rd': 29, 'alu_res': 4294967289, 'mem_data': 0, 'wb_val_for_jumps': 60}

Cycle 149
PC = 60
Stall Flag = False
Flush Flag = False
IF/ID Reg = {'valid': 1, 'pc': 56, 'instr': 4267953891}
ID/EX Reg = {'valid': 1, 'pc': 52, 'pc_plus4': 56, 'd': {'instr': 1278867, 'opcode': 19, 'rd': 7, 'funct3': 0, 'rs1': 7, 'rs2': 1, 'funct7': 0, 'imm_I': 1, 'imm_S': 7, 'imm_B': 2054, 'imm_U': 1277952, 'imm_J': 231424}, 'c': {'RegWrite': 1, 'MemRead': 0, 'MemWrite': 0, 'MemToReg': 0, 'ALUSrc': 1, 'Branch': 0, 'Jump': 0, 'JumpReg': 0, 'ALUOp': 'ADD', 'ImmSel': 'I', 'BrType': None, 'IsNOP': 0}, 'imm': 1, 'rs1': 7, 'rs2': 1, 'rd': 7, 'rs1_val': 3, 'rs2_val': 0, 'alu_op': 'ADD'}
EX/MEM Reg = {'valid': 0, 'pc_plus4': 0, 'c': None, 'd': None, 'rd': 0, 'alu_res': 0, 'rs2_val_fwd': 0, 'mem_addr': 0, 'branch_taken': 0, 'next_pc': 0, 'wb_val_for_jumps': 0}
MEM/WB Reg = {'valid': 0, 'pc_plus4': 0, 'c': None, 'd': None, 'rd': 0, 'alu_res': 0, 'mem_data': 0, 'wb_val_for_jumps': 0}

Cycle 150
PC = 64
Stall Flag = False
Flush Flag = False
IF/ID Reg = {'valid': 1, 'pc': 60, 'instr': 1213075}
ID/EX Reg = {'valid': 1, 'pc': 56, 'pc_plus4': 60, 'd': {'instr': 4267953891, 'opcode': 99, 'rd': 29, 'funct3': 4, 'rs1': 7, 'rs2': 6, 'funct7': 127, 'imm_I': -26, 'imm_S': -3, 'imm_B': -4, 'imm_U': 4267950080, 'imm_J': -800794}, 'c': {'RegWrite': 0, 'MemRead': 0, 'MemWrite': 0, 'MemToReg': 0, 'ALUSrc': 0, 'Branch': 1, 'Jump': 0, 'JumpReg': 0, 'ALUOp': 'SUB', 'ImmSel': 'B', 'BrType': 'blt', 'IsNOP': 0}, 'imm': -4, 'rs1': 7, 'rs2': 6, 'rd': 29, 'rs1_val': 3, 'rs2_val': 10, 'alu_op': 'SUB'}
EX/MEM Reg = {'valid': 1, 'pc_plus4': 56, 'c': {'RegWrite': 1, 'MemRead': 0, 'MemWrite': 0, 'MemToReg': 0, 'ALUSrc': 1, 'Branch': 0, 'Jump': 0, 'JumpReg': 0, 'ALUOp': 'ADD', 'ImmSel': 'I', 'BrType': None, 'IsNOP': 0}, 'd': {'instr': 1278867, 'opcode': 19, 'rd': 7, 'funct3': 0, 'rs1': 7, 'rs2': 1, 'funct7': 0, 'imm_I': 1, 'imm_S': 7, 'imm_B': 2054, 'imm_U': 1277952, 'imm_J': 231424}, 'rd': 7, 'alu_res': 4, 'rs2_val_fwd': 0, 'mem_addr': 4, 'branch_taken': 0, 'next_pc': 0, 'wb_val_for_jumps': 56}
MEM/WB Reg = {'valid': 0, 'pc_plus4': 0, 'c': None, 'd': None, 'rd': 0, 'alu_res': 0, 'mem_data': 0, 'wb_val_for_jumps': 0}

Cycle 151
PC = 52
Stall Flag = False
Flush Flag = True
IF/ID Reg = {'valid': 0, 'pc': 0, 'instr': 0}
ID/EX Reg = {'valid': 0, 'pc': 60, 'pc_plus4': 64, 'd': {'instr': 1213075, 'opcode': 19, 'rd': 5, 'funct3': 0, 'rs1': 5, 'rs2': 1, 'funct7': 0, 'imm_I': 1, 'imm_S': 5, 'imm_B': 2052, 'imm_U': 1212416, 'imm_J': 165888}, 'c': {'RegWrite': 1, 'MemRead': 0, 'MemWrite': 0, 'MemToReg': 0, 'ALUSrc': 1, 'Branch': 0, 'Jump': 0, 'JumpReg': 0, 'ALUOp': 'ADD', 'ImmSel': 'I', 'BrType': None, 'IsNOP': 0}, 'imm': 1, 'rs1': 5, 'rs2': 1, 'rd': 5, 'rs1_val': 2, 'rs2_val': 0, 'alu_op': 'ADD'}
EX/MEM Reg = {'valid': 1, 'pc_plus4': 60, 'c': {'RegWrite': 0, 'MemRead': 0, 'MemWrite': 0, 'MemToReg': 0, 'ALUSrc': 0, 'Branch': 1, 'Jump': 0, 'JumpReg': 0, 'ALUOp': 'SUB', 'ImmSel': 'B', 'BrType': 'blt', 'IsNOP': 0}, 'd': {'instr': 4267953891, 'opcode': 99, 'rd': 29, 'funct3': 4, 'rs1': 7, 'rs2': 6, 'funct7': 127, 'imm_I': -26, 'imm_S': -3, 'imm_B': -4, 'imm_U': 4267950080, 'imm_J': -800794}, 'rd': 29, 'alu_res': 4294967290, 'rs2_val_fwd': 10, 'mem_addr': 4294967290, 'branch_taken': 0, 'next_pc': 0, 'wb_val_for_jumps': 60}
MEM/WB Reg = {'valid': 1, 'pc_plus4': 56, 'c': {'RegWrite': 1, 'MemRead': 0, 'MemWrite': 0, 'MemToReg': 0, 'ALUSrc': 1, 'Branch': 0, 'Jump': 0, 'JumpReg': 0, 'ALUOp': 'ADD', 'ImmSel': 'I', 'BrType': None, 'IsNOP': 0}, 'd': {'instr': 1278867, 'opcode': 19, 'rd': 7, 'funct3': 0, 'rs1': 7, 'rs2': 1, 'funct7': 0, 'imm_I': 1, 'imm_S': 7, 'imm_B': 2054, 'imm_U': 1277952, 'imm_J': 231424}, 'rd': 7, 'alu_res': 4, 'mem_data': 0, 'wb_val_for_jumps': 56}

Cycle 152
PC = 56
Stall Flag = False
Flush Flag = False
IF/ID Reg = {'valid': 1, 'pc': 52, 'instr': 1278867}
ID/EX Reg = {'valid': 0, 'pc': 0, 'pc_plus4': 0, 'd': None, 'c': None, 'imm': 0, 'rs1': 0, 'rs2': 0, 'rd': 0, 'rs1_val': 0, 'rs2_val': 0, 'alu_op': 'ADD'}
EX/MEM Reg = {'valid': 0, 'pc_plus4': 0, 'c': None, 'd': None, 'rd': 0, 'alu_res': 0, 'rs2_val_fwd': 0, 'mem_addr': 0, 'branch_taken': 0, 'next_pc': 0, 'wb_val_for_jumps': 0}
MEM/WB Reg = {'valid': 1, 'pc_plus4': 60, 'c': {'RegWrite': 0, 'MemRead': 0, 'MemWrite': 0, 'MemToReg': 0, 'ALUSrc': 0, 'Branch': 1, 'Jump': 0, 'JumpReg': 0, 'ALUOp': 'SUB', 'ImmSel': 'B', 'BrType': 'blt', 'IsNOP': 0}, 'd': {'instr': 4267953891, 'opcode': 99, 'rd': 29, 'funct3': 4, 'rs1': 7, 'rs2': 6, 'funct7': 127, 'imm_I': -26, 'imm_S': -3, 'imm_B': -4, 'imm_U': 4267950080, 'imm_J': -800794}, 'rd': 29, 'alu_res': 4294967290, 'mem_data': 0, 'wb_val_for_jumps': 60}

Cycle 153
PC = 60
Stall Flag = False
Flush Flag = False
IF/ID Reg = {'valid': 1, 'pc': 56, 'instr': 4267953891}
ID/EX Reg = {'valid': 1, 'pc': 52, 'pc_plus4': 56, 'd': {'instr': 1278867, 'opcode': 19, 'rd': 7, 'funct3': 0, 'rs1': 7, 'rs2': 1, 'funct7': 0, 'imm_I': 1, 'imm_S': 7, 'imm_B': 2054, 'imm_U': 1277952, 'imm_J': 231424}, 'c': {'RegWrite': 1, 'MemRead': 0, 'MemWrite': 0, 'MemToReg': 0, 'ALUSrc': 1, 'Branch': 0, 'Jump': 0, 'JumpReg': 0, 'ALUOp': 'ADD', 'ImmSel': 'I', 'BrType': None, 'IsNOP': 0}, 'imm': 1, 'rs1': 7, 'rs2': 1, 'rd': 7, 'rs1_val': 4, 'rs2_val': 0, 'alu_op': 'ADD'}
EX/MEM Reg = {'valid': 0, 'pc_plus4': 0, 'c': None, 'd': None, 'rd': 0, 'alu_res': 0, 'rs2_val_fwd': 0, 'mem_addr': 0, 'branch_taken': 0, 'next_pc': 0, 'wb_val_for_jumps': 0}
MEM/WB Reg = {'valid': 0, 'pc_plus4': 0, 'c': None, 'd': None, 'rd': 0, 'alu_res': 0, 'mem_data': 0, 'wb_val_for_jumps': 0}

Cycle 154
PC = 64
Stall Flag = False
Flush Flag = False
IF/ID Reg = {'valid': 1, 'pc': 60, 'instr': 1213075}
ID/EX Reg = {'valid': 1, 'pc': 56, 'pc_plus4': 60, 'd': {'instr': 4267953891, 'opcode': 99, 'rd': 29, 'funct3': 4, 'rs1': 7, 'rs2': 6, 'funct7': 127, 'imm_I': -26, 'imm_S': -3, 'imm_B': -4, 'imm_U': 4267950080, 'imm_J': -800794}, 'c': {'RegWrite': 0, 'MemRead': 0, 'MemWrite': 0, 'MemToReg': 0, 'ALUSrc': 0, 'Branch': 1, 'Jump': 0, 'JumpReg': 0, 'ALUOp': 'SUB', 'ImmSel': 'B', 'BrType': 'blt', 'IsNOP': 0}, 'imm': -4, 'rs1': 7, 'rs2': 6, 'rd': 29, 'rs1_val': 4, 'rs2_val': 10, 'alu_op': 'SUB'}
EX/MEM Reg = {'valid': 1, 'pc_plus4': 56, 'c': {'RegWrite': 1, 'MemRead': 0, 'MemWrite': 0, 'MemToReg': 0, 'ALUSrc': 1, 'Branch': 0, 'Jump': 0, 'JumpReg': 0, 'ALUOp': 'ADD', 'ImmSel': 'I', 'BrType': None, 'IsNOP': 0}, 'd': {'instr': 1278867, 'opcode': 19, 'rd': 7, 'funct3': 0, 'rs1': 7, 'rs2': 1, 'funct7': 0, 'imm_I': 1, 'imm_S': 7, 'imm_B': 2054, 'imm_U': 1277952, 'imm_J': 231424}, 'rd': 7, 'alu_res': 5, 'rs2_val_fwd': 0, 'mem_addr': 5, 'branch_taken': 0, 'next_pc': 0, 'wb_val_for_jumps': 56}
MEM/WB Reg = {'valid': 0, 'pc_plus4': 0, 'c': None, 'd': None, 'rd': 0, 'alu_res': 0, 'mem_data': 0, 'wb_val_for_jumps': 0}

Cycle 155
PC = 52
Stall Flag = False
Flush Flag = True
IF/ID Reg = {'valid': 0, 'pc': 0, 'instr': 0}
ID/EX Reg = {'valid': 0, 'pc': 60, 'pc_plus4': 64, 'd': {'instr': 1213075, 'opcode': 19, 'rd': 5, 'funct3': 0, 'rs1': 5, 'rs2': 1, 'funct7': 0, 'imm_I': 1, 'imm_S': 5, 'imm_B': 2052, 'imm_U': 1212416, 'imm_J': 165888}, 'c': {'RegWrite': 1, 'MemRead': 0, 'MemWrite': 0, 'MemToReg': 0, 'ALUSrc': 1, 'Branch': 0, 'Jump': 0, 'JumpReg': 0, 'ALUOp': 'ADD', 'ImmSel': 'I', 'BrType': None, 'IsNOP': 0}, 'imm': 1, 'rs1': 5, 'rs2': 1, 'rd': 5, 'rs1_val': 2, 'rs2_val': 0, 'alu_op': 'ADD'}
EX/MEM Reg = {'valid': 1, 'pc_plus4': 60, 'c': {'RegWrite': 0, 'MemRead': 0, 'MemWrite': 0, 'MemToReg': 0, 'ALUSrc': 0, 'Branch': 1, 'Jump': 0, 'JumpReg': 0, 'ALUOp': 'SUB', 'ImmSel': 'B', 'BrType': 'blt', 'IsNOP': 0}, 'd': {'instr': 4267953891, 'opcode': 99, 'rd': 29, 'funct3': 4, 'rs1': 7, 'rs2': 6, 'funct7': 127, 'imm_I': -26, 'imm_S': -3, 'imm_B': -4, 'imm_U': 4267950080, 'imm_J': -800794}, 'rd': 29, 'alu_res': 4294967291, 'rs2_val_fwd': 10, 'mem_addr': 4294967291, 'branch_taken': 0, 'next_pc': 0, 'wb_val_for_jumps': 60}
MEM/WB Reg = {'valid': 1, 'pc_plus4': 56, 'c': {'RegWrite': 1, 'MemRead': 0, 'MemWrite': 0, 'MemToReg': 0, 'ALUSrc': 1, 'Branch': 0, 'Jump': 0, 'JumpReg': 0, 'ALUOp': 'ADD', 'ImmSel': 'I', 'BrType': None, 'IsNOP': 0}, 'd': {'instr': 1278867, 'opcode': 19, 'rd': 7, 'funct3': 0, 'rs1': 7, 'rs2': 1, 'funct7': 0, 'imm_I': 1, 'imm_S': 7, 'imm_B': 2054, 'imm_U': 1277952, 'imm_J': 231424}, 'rd': 7, 'alu_res': 5, 'mem_data': 0, 'wb_val_for_jumps': 56}

Cycle 156
PC = 56
Stall Flag = False
Flush Flag = False
IF/ID Reg = {'valid': 1, 'pc': 52, 'instr': 1278867}
ID/EX Reg = {'valid': 0, 'pc': 0, 'pc_plus4': 0, 'd': None, 'c': None, 'imm': 0, 'rs1': 0, 'rs2': 0, 'rd': 0, 'rs1_val': 0, 'rs2_val': 0, 'alu_op': 'ADD'}
EX/MEM Reg = {'valid': 0, 'pc_plus4': 0, 'c': None, 'd': None, 'rd': 0, 'alu_res': 0, 'rs2_val_fwd': 0, 'mem_addr': 0, 'branch_taken': 0, 'next_pc': 0, 'wb_val_for_jumps': 0}
MEM/WB Reg = {'valid': 1, 'pc_plus4': 60, 'c': {'RegWrite': 0, 'MemRead': 0, 'MemWrite': 0, 'MemToReg': 0, 'ALUSrc': 0, 'Branch': 1, 'Jump': 0, 'JumpReg': 0, 'ALUOp': 'SUB', 'ImmSel': 'B', 'BrType': 'blt', 'IsNOP': 0}, 'd': {'instr': 4267953891, 'opcode': 99, 'rd': 29, 'funct3': 4, 'rs1': 7, 'rs2': 6, 'funct7': 127, 'imm_I': -26, 'imm_S': -3, 'imm_B': -4, 'imm_U': 4267950080, 'imm_J': -800794}, 'rd': 29, 'alu_res': 4294967291, 'mem_data': 0, 'wb_val_for_jumps': 60}

Cycle 157
PC = 60
Stall Flag = False
Flush Flag = False
IF/ID Reg = {'valid': 1, 'pc': 56, 'instr': 4267953891}
ID/EX Reg = {'valid': 1, 'pc': 52, 'pc_plus4': 56, 'd': {'instr': 1278867, 'opcode': 19, 'rd': 7, 'funct3': 0, 'rs1': 7, 'rs2': 1, 'funct7': 0, 'imm_I': 1, 'imm_S': 7, 'imm_B': 2054, 'imm_U': 1277952, 'imm_J': 231424}, 'c': {'RegWrite': 1, 'MemRead': 0, 'MemWrite': 0, 'MemToReg': 0, 'ALUSrc': 1, 'Branch': 0, 'Jump': 0, 'JumpReg': 0, 'ALUOp': 'ADD', 'ImmSel': 'I', 'BrType': None, 'IsNOP': 0}, 'imm': 1, 'rs1': 7, 'rs2': 1, 'rd': 7, 'rs1_val': 5, 'rs2_val': 0, 'alu_op': 'ADD'}
EX/MEM Reg = {'valid': 0, 'pc_plus4': 0, 'c': None, 'd': None, 'rd': 0, 'alu_res': 0, 'rs2_val_fwd': 0, 'mem_addr': 0, 'branch_taken': 0, 'next_pc': 0, 'wb_val_for_jumps': 0}
MEM/WB Reg = {'valid': 0, 'pc_plus4': 0, 'c': None, 'd': None, 'rd': 0, 'alu_res': 0, 'mem_data': 0, 'wb_val_for_jumps': 0}

Cycle 158
PC = 64
Stall Flag = False
Flush Flag = False
IF/ID Reg = {'valid': 1, 'pc': 60, 'instr': 1213075}
ID/EX Reg = {'valid': 1, 'pc': 56, 'pc_plus4': 60, 'd': {'instr': 4267953891, 'opcode': 99, 'rd': 29, 'funct3': 4, 'rs1': 7, 'rs2': 6, 'funct7': 127, 'imm_I': -26, 'imm_S': -3, 'imm_B': -4, 'imm_U': 4267950080, 'imm_J': -800794}, 'c': {'RegWrite': 0, 'MemRead': 0, 'MemWrite': 0, 'MemToReg': 0, 'ALUSrc': 0, 'Branch': 1, 'Jump': 0, 'JumpReg': 0, 'ALUOp': 'SUB', 'ImmSel': 'B', 'BrType': 'blt', 'IsNOP': 0}, 'imm': -4, 'rs1': 7, 'rs2': 6, 'rd': 29, 'rs1_val': 5, 'rs2_val': 10, 'alu_op': 'SUB'}
EX/MEM Reg = {'valid': 1, 'pc_plus4': 56, 'c': {'RegWrite': 1, 'MemRead': 0, 'MemWrite': 0, 'MemToReg': 0, 'ALUSrc': 1, 'Branch': 0, 'Jump': 0, 'JumpReg': 0, 'ALUOp': 'ADD', 'ImmSel': 'I', 'BrType': None, 'IsNOP': 0}, 'd': {'instr': 1278867, 'opcode': 19, 'rd': 7, 'funct3': 0, 'rs1': 7, 'rs2': 1, 'funct7': 0, 'imm_I': 1, 'imm_S': 7, 'imm_B': 2054, 'imm_U': 1277952, 'imm_J': 231424}, 'rd': 7, 'alu_res': 6, 'rs2_val_fwd': 0, 'mem_addr': 6, 'branch_taken': 0, 'next_pc': 0, 'wb_val_for_jumps': 56}
MEM/WB Reg = {'valid': 0, 'pc_plus4': 0, 'c': None, 'd': None, 'rd': 0, 'alu_res': 0, 'mem_data': 0, 'wb_val_for_jumps': 0}

Cycle 159
PC = 52
Stall Flag = False
Flush Flag = True
IF/ID Reg = {'valid': 0, 'pc': 0, 'instr': 0}
ID/EX Reg = {'valid': 0, 'pc': 60, 'pc_plus4': 64, 'd': {'instr': 1213075, 'opcode': 19, 'rd': 5, 'funct3': 0, 'rs1': 5, 'rs2': 1, 'funct7': 0, 'imm_I': 1, 'imm_S': 5, 'imm_B': 2052, 'imm_U': 1212416, 'imm_J': 165888}, 'c': {'RegWrite': 1, 'MemRead': 0, 'MemWrite': 0, 'MemToReg': 0, 'ALUSrc': 1, 'Branch': 0, 'Jump': 0, 'JumpReg': 0, 'ALUOp': 'ADD', 'ImmSel': 'I', 'BrType': None, 'IsNOP': 0}, 'imm': 1, 'rs1': 5, 'rs2': 1, 'rd': 5, 'rs1_val': 2, 'rs2_val': 0, 'alu_op': 'ADD'}
EX/MEM Reg = {'valid': 1, 'pc_plus4': 60, 'c': {'RegWrite': 0, 'MemRead': 0, 'MemWrite': 0, 'MemToReg': 0, 'ALUSrc': 0, 'Branch': 1, 'Jump': 0, 'JumpReg': 0, 'ALUOp': 'SUB', 'ImmSel': 'B', 'BrType': 'blt', 'IsNOP': 0}, 'd': {'instr': 4267953891, 'opcode': 99, 'rd': 29, 'funct3': 4, 'rs1': 7, 'rs2': 6, 'funct7': 127, 'imm_I': -26, 'imm_S': -3, 'imm_B': -4, 'imm_U': 4267950080, 'imm_J': -800794}, 'rd': 29, 'alu_res': 4294967292, 'rs2_val_fwd': 10, 'mem_addr': 4294967292, 'branch_taken': 0, 'next_pc': 0, 'wb_val_for_jumps': 60}
MEM/WB Reg = {'valid': 1, 'pc_plus4': 56, 'c': {'RegWrite': 1, 'MemRead': 0, 'MemWrite': 0, 'MemToReg': 0, 'ALUSrc': 1, 'Branch': 0, 'Jump': 0, 'JumpReg': 0, 'ALUOp': 'ADD', 'ImmSel': 'I', 'BrType': None, 'IsNOP': 0}, 'd': {'instr': 1278867, 'opcode': 19, 'rd': 7, 'funct3': 0, 'rs1': 7, 'rs2': 1, 'funct7': 0, 'imm_I': 1, 'imm_S': 7, 'imm_B': 2054, 'imm_U': 1277952, 'imm_J': 231424}, 'rd': 7, 'alu_res': 6, 'mem_data': 0, 'wb_val_for_jumps': 56}

Cycle 160
PC = 56
Stall Flag = False
Flush Flag = False
IF/ID Reg = {'valid': 1, 'pc': 52, 'instr': 1278867}
ID/EX Reg = {'valid': 0, 'pc': 0, 'pc_plus4': 0, 'd': None, 'c': None, 'imm': 0, 'rs1': 0, 'rs2': 0, 'rd': 0, 'rs1_val': 0, 'rs2_val': 0, 'alu_op': 'ADD'}
EX/MEM Reg = {'valid': 0, 'pc_plus4': 0, 'c': None, 'd': None, 'rd': 0, 'alu_res': 0, 'rs2_val_fwd': 0, 'mem_addr': 0, 'branch_taken': 0, 'next_pc': 0, 'wb_val_for_jumps': 0}
MEM/WB Reg = {'valid': 1, 'pc_plus4': 60, 'c': {'RegWrite': 0, 'MemRead': 0, 'MemWrite': 0, 'MemToReg': 0, 'ALUSrc': 0, 'Branch': 1, 'Jump': 0, 'JumpReg': 0, 'ALUOp': 'SUB', 'ImmSel': 'B', 'BrType': 'blt', 'IsNOP': 0}, 'd': {'instr': 4267953891, 'opcode': 99, 'rd': 29, 'funct3': 4, 'rs1': 7, 'rs2': 6, 'funct7': 127, 'imm_I': -26, 'imm_S': -3, 'imm_B': -4, 'imm_U': 4267950080, 'imm_J': -800794}, 'rd': 29, 'alu_res': 4294967292, 'mem_data': 0, 'wb_val_for_jumps': 60}

Cycle 161
PC = 60
Stall Flag = False
Flush Flag = False
IF/ID Reg = {'valid': 1, 'pc': 56, 'instr': 4267953891}
ID/EX Reg = {'valid': 1, 'pc': 52, 'pc_plus4': 56, 'd': {'instr': 1278867, 'opcode': 19, 'rd': 7, 'funct3': 0, 'rs1': 7, 'rs2': 1, 'funct7': 0, 'imm_I': 1, 'imm_S': 7, 'imm_B': 2054, 'imm_U': 1277952, 'imm_J': 231424}, 'c': {'RegWrite': 1, 'MemRead': 0, 'MemWrite': 0, 'MemToReg': 0, 'ALUSrc': 1, 'Branch': 0, 'Jump': 0, 'JumpReg': 0, 'ALUOp': 'ADD', 'ImmSel': 'I', 'BrType': None, 'IsNOP': 0}, 'imm': 1, 'rs1': 7, 'rs2': 1, 'rd': 7, 'rs1_val': 6, 'rs2_val': 0, 'alu_op': 'ADD'}
EX/MEM Reg = {'valid': 0, 'pc_plus4': 0, 'c': None, 'd': None, 'rd': 0, 'alu_res': 0, 'rs2_val_fwd': 0, 'mem_addr': 0, 'branch_taken': 0, 'next_pc': 0, 'wb_val_for_jumps': 0}
MEM/WB Reg = {'valid': 0, 'pc_plus4': 0, 'c': None, 'd': None, 'rd': 0, 'alu_res': 0, 'mem_data': 0, 'wb_val_for_jumps': 0}

Cycle 162
PC = 64
Stall Flag = False
Flush Flag = False
IF/ID Reg = {'valid': 1, 'pc': 60, 'instr': 1213075}
ID/EX Reg = {'valid': 1, 'pc': 56, 'pc_plus4': 60, 'd': {'instr': 4267953891, 'opcode': 99, 'rd': 29, 'funct3': 4, 'rs1': 7, 'rs2': 6, 'funct7': 127, 'imm_I': -26, 'imm_S': -3, 'imm_B': -4, 'imm_U': 4267950080, 'imm_J': -800794}, 'c': {'RegWrite': 0, 'MemRead': 0, 'MemWrite': 0, 'MemToReg': 0, 'ALUSrc': 0, 'Branch': 1, 'Jump': 0, 'JumpReg': 0, 'ALUOp': 'SUB', 'ImmSel': 'B', 'BrType': 'blt', 'IsNOP': 0}, 'imm': -4, 'rs1': 7, 'rs2': 6, 'rd': 29, 'rs1_val': 6, 'rs2_val': 10, 'alu_op': 'SUB'}
EX/MEM Reg = {'valid': 1, 'pc_plus4': 56, 'c': {'RegWrite': 1, 'MemRead': 0, 'MemWrite': 0, 'MemToReg': 0, 'ALUSrc': 1, 'Branch': 0, 'Jump': 0, 'JumpReg': 0, 'ALUOp': 'ADD', 'ImmSel': 'I', 'BrType': None, 'IsNOP': 0}, 'd': {'instr': 1278867, 'opcode': 19, 'rd': 7, 'funct3': 0, 'rs1': 7, 'rs2': 1, 'funct7': 0, 'imm_I': 1, 'imm_S': 7, 'imm_B': 2054, 'imm_U': 1277952, 'imm_J': 231424}, 'rd': 7, 'alu_res': 7, 'rs2_val_fwd': 0, 'mem_addr': 7, 'branch_taken': 0, 'next_pc': 0, 'wb_val_for_jumps': 56}
MEM/WB Reg = {'valid': 0, 'pc_plus4': 0, 'c': None, 'd': None, 'rd': 0, 'alu_res': 0, 'mem_data': 0, 'wb_val_for_jumps': 0}

Cycle 163
PC = 52
Stall Flag = False
Flush Flag = True
IF/ID Reg = {'valid': 0, 'pc': 0, 'instr': 0}
ID/EX Reg = {'valid': 0, 'pc': 60, 'pc_plus4': 64, 'd': {'instr': 1213075, 'opcode': 19, 'rd': 5, 'funct3': 0, 'rs1': 5, 'rs2': 1, 'funct7': 0, 'imm_I': 1, 'imm_S': 5, 'imm_B': 2052, 'imm_U': 1212416, 'imm_J': 165888}, 'c': {'RegWrite': 1, 'MemRead': 0, 'MemWrite': 0, 'MemToReg': 0, 'ALUSrc': 1, 'Branch': 0, 'Jump': 0, 'JumpReg': 0, 'ALUOp': 'ADD', 'ImmSel': 'I', 'BrType': None, 'IsNOP': 0}, 'imm': 1, 'rs1': 5, 'rs2': 1, 'rd': 5, 'rs1_val': 2, 'rs2_val': 0, 'alu_op': 'ADD'}
EX/MEM Reg = {'valid': 1, 'pc_plus4': 60, 'c': {'RegWrite': 0, 'MemRead': 0, 'MemWrite': 0, 'MemToReg': 0, 'ALUSrc': 0, 'Branch': 1, 'Jump': 0, 'JumpReg': 0, 'ALUOp': 'SUB', 'ImmSel': 'B', 'BrType': 'blt', 'IsNOP': 0}, 'd': {'instr': 4267953891, 'opcode': 99, 'rd': 29, 'funct3': 4, 'rs1': 7, 'rs2': 6, 'funct7': 127, 'imm_I': -26, 'imm_S': -3, 'imm_B': -4, 'imm_U': 4267950080, 'imm_J': -800794}, 'rd': 29, 'alu_res': 4294967293, 'rs2_val_fwd': 10, 'mem_addr': 4294967293, 'branch_taken': 0, 'next_pc': 0, 'wb_val_for_jumps': 60}
MEM/WB Reg = {'valid': 1, 'pc_plus4': 56, 'c': {'RegWrite': 1, 'MemRead': 0, 'MemWrite': 0, 'MemToReg': 0, 'ALUSrc': 1, 'Branch': 0, 'Jump': 0, 'JumpReg': 0, 'ALUOp': 'ADD', 'ImmSel': 'I', 'BrType': None, 'IsNOP': 0}, 'd': {'instr': 1278867, 'opcode': 19, 'rd': 7, 'funct3': 0, 'rs1': 7, 'rs2': 1, 'funct7': 0, 'imm_I': 1, 'imm_S': 7, 'imm_B': 2054, 'imm_U': 1277952, 'imm_J': 231424}, 'rd': 7, 'alu_res': 7, 'mem_data': 0, 'wb_val_for_jumps': 56}

Cycle 164
PC = 56
Stall Flag = False
Flush Flag = False
IF/ID Reg = {'valid': 1, 'pc': 52, 'instr': 1278867}
ID/EX Reg = {'valid': 0, 'pc': 0, 'pc_plus4': 0, 'd': None, 'c': None, 'imm': 0, 'rs1': 0, 'rs2': 0, 'rd': 0, 'rs1_val': 0, 'rs2_val': 0, 'alu_op': 'ADD'}
EX/MEM Reg = {'valid': 0, 'pc_plus4': 0, 'c': None, 'd': None, 'rd': 0, 'alu_res': 0, 'rs2_val_fwd': 0, 'mem_addr': 0, 'branch_taken': 0, 'next_pc': 0, 'wb_val_for_jumps': 0}
MEM/WB Reg = {'valid': 1, 'pc_plus4': 60, 'c': {'RegWrite': 0, 'MemRead': 0, 'MemWrite': 0, 'MemToReg': 0, 'ALUSrc': 0, 'Branch': 1, 'Jump': 0, 'JumpReg': 0, 'ALUOp': 'SUB', 'ImmSel': 'B', 'BrType': 'blt', 'IsNOP': 0}, 'd': {'instr': 4267953891, 'opcode': 99, 'rd': 29, 'funct3': 4, 'rs1': 7, 'rs2': 6, 'funct7': 127, 'imm_I': -26, 'imm_S': -3, 'imm_B': -4, 'imm_U': 4267950080, 'imm_J': -800794}, 'rd': 29, 'alu_res': 4294967293, 'mem_data': 0, 'wb_val_for_jumps': 60}

Cycle 165
PC = 60
Stall Flag = False
Flush Flag = False
IF/ID Reg = {'valid': 1, 'pc': 56, 'instr': 4267953891}
ID/EX Reg = {'valid': 1, 'pc': 52, 'pc_plus4': 56, 'd': {'instr': 1278867, 'opcode': 19, 'rd': 7, 'funct3': 0, 'rs1': 7, 'rs2': 1, 'funct7': 0, 'imm_I': 1, 'imm_S': 7, 'imm_B': 2054, 'imm_U': 1277952, 'imm_J': 231424}, 'c': {'RegWrite': 1, 'MemRead': 0, 'MemWrite': 0, 'MemToReg': 0, 'ALUSrc': 1, 'Branch': 0, 'Jump': 0, 'JumpReg': 0, 'ALUOp': 'ADD', 'ImmSel': 'I', 'BrType': None, 'IsNOP': 0}, 'imm': 1, 'rs1': 7, 'rs2': 1, 'rd': 7, 'rs1_val': 7, 'rs2_val': 0, 'alu_op': 'ADD'}
EX/MEM Reg = {'valid': 0, 'pc_plus4': 0, 'c': None, 'd': None, 'rd': 0, 'alu_res': 0, 'rs2_val_fwd': 0, 'mem_addr': 0, 'branch_taken': 0, 'next_pc': 0, 'wb_val_for_jumps': 0}
MEM/WB Reg = {'valid': 0, 'pc_plus4': 0, 'c': None, 'd': None, 'rd': 0, 'alu_res': 0, 'mem_data': 0, 'wb_val_for_jumps': 0}

Cycle 166
PC = 64
Stall Flag = False
Flush Flag = False
IF/ID Reg = {'valid': 1, 'pc': 60, 'instr': 1213075}
ID/EX Reg = {'valid': 1, 'pc': 56, 'pc_plus4': 60, 'd': {'instr': 4267953891, 'opcode': 99, 'rd': 29, 'funct3': 4, 'rs1': 7, 'rs2': 6, 'funct7': 127, 'imm_I': -26, 'imm_S': -3, 'imm_B': -4, 'imm_U': 4267950080, 'imm_J': -800794}, 'c': {'RegWrite': 0, 'MemRead': 0, 'MemWrite': 0, 'MemToReg': 0, 'ALUSrc': 0, 'Branch': 1, 'Jump': 0, 'JumpReg': 0, 'ALUOp': 'SUB', 'ImmSel': 'B', 'BrType': 'blt', 'IsNOP': 0}, 'imm': -4, 'rs1': 7, 'rs2': 6, 'rd': 29, 'rs1_val': 7, 'rs2_val': 10, 'alu_op': 'SUB'}
EX/MEM Reg = {'valid': 1, 'pc_plus4': 56, 'c': {'RegWrite': 1, 'MemRead': 0, 'MemWrite': 0, 'MemToReg': 0, 'ALUSrc': 1, 'Branch': 0, 'Jump': 0, 'JumpReg': 0, 'ALUOp': 'ADD', 'ImmSel': 'I', 'BrType': None, 'IsNOP': 0}, 'd': {'instr': 1278867, 'opcode': 19, 'rd': 7, 'funct3': 0, 'rs1': 7, 'rs2': 1, 'funct7': 0, 'imm_I': 1, 'imm_S': 7, 'imm_B': 2054, 'imm_U': 1277952, 'imm_J': 231424}, 'rd': 7, 'alu_res': 8, 'rs2_val_fwd': 0, 'mem_addr': 8, 'branch_taken': 0, 'next_pc': 0, 'wb_val_for_jumps': 56}
MEM/WB Reg = {'valid': 0, 'pc_plus4': 0, 'c': None, 'd': None, 'rd': 0, 'alu_res': 0, 'mem_data': 0, 'wb_val_for_jumps': 0}

Cycle 167
PC = 52
Stall Flag = False
Flush Flag = True
IF/ID Reg = {'valid': 0, 'pc': 0, 'instr': 0}
ID/EX Reg = {'valid': 0, 'pc': 60, 'pc_plus4': 64, 'd': {'instr': 1213075, 'opcode': 19, 'rd': 5, 'funct3': 0, 'rs1': 5, 'rs2': 1, 'funct7': 0, 'imm_I': 1, 'imm_S': 5, 'imm_B': 2052, 'imm_U': 1212416, 'imm_J': 165888}, 'c': {'RegWrite': 1, 'MemRead': 0, 'MemWrite': 0, 'MemToReg': 0, 'ALUSrc': 1, 'Branch': 0, 'Jump': 0, 'JumpReg': 0, 'ALUOp': 'ADD', 'ImmSel': 'I', 'BrType': None, 'IsNOP': 0}, 'imm': 1, 'rs1': 5, 'rs2': 1, 'rd': 5, 'rs1_val': 2, 'rs2_val': 0, 'alu_op': 'ADD'}
EX/MEM Reg = {'valid': 1, 'pc_plus4': 60, 'c': {'RegWrite': 0, 'MemRead': 0, 'MemWrite': 0, 'MemToReg': 0, 'ALUSrc': 0, 'Branch': 1, 'Jump': 0, 'JumpReg': 0, 'ALUOp': 'SUB', 'ImmSel': 'B', 'BrType': 'blt', 'IsNOP': 0}, 'd': {'instr': 4267953891, 'opcode': 99, 'rd': 29, 'funct3': 4, 'rs1': 7, 'rs2': 6, 'funct7': 127, 'imm_I': -26, 'imm_S': -3, 'imm_B': -4, 'imm_U': 4267950080, 'imm_J': -800794}, 'rd': 29, 'alu_res': 4294967294, 'rs2_val_fwd': 10, 'mem_addr': 4294967294, 'branch_taken': 0, 'next_pc': 0, 'wb_val_for_jumps': 60}
MEM/WB Reg = {'valid': 1, 'pc_plus4': 56, 'c': {'RegWrite': 1, 'MemRead': 0, 'MemWrite': 0, 'MemToReg': 0, 'ALUSrc': 1, 'Branch': 0, 'Jump': 0, 'JumpReg': 0, 'ALUOp': 'ADD', 'ImmSel': 'I', 'BrType': None, 'IsNOP': 0}, 'd': {'instr': 1278867, 'opcode': 19, 'rd': 7, 'funct3': 0, 'rs1': 7, 'rs2': 1, 'funct7': 0, 'imm_I': 1, 'imm_S': 7, 'imm_B': 2054, 'imm_U': 1277952, 'imm_J': 231424}, 'rd': 7, 'alu_res': 8, 'mem_data': 0, 'wb_val_for_jumps': 56}

Cycle 168
PC = 56
Stall Flag = False
Flush Flag = False
IF/ID Reg = {'valid': 1, 'pc': 52, 'instr': 1278867}
ID/EX Reg = {'valid': 0, 'pc': 0, 'pc_plus4': 0, 'd': None, 'c': None, 'imm': 0, 'rs1': 0, 'rs2': 0, 'rd': 0, 'rs1_val': 0, 'rs2_val': 0, 'alu_op': 'ADD'}
EX/MEM Reg = {'valid': 0, 'pc_plus4': 0, 'c': None, 'd': None, 'rd': 0, 'alu_res': 0, 'rs2_val_fwd': 0, 'mem_addr': 0, 'branch_taken': 0, 'next_pc': 0, 'wb_val_for_jumps': 0}
MEM/WB Reg = {'valid': 1, 'pc_plus4': 60, 'c': {'RegWrite': 0, 'MemRead': 0, 'MemWrite': 0, 'MemToReg': 0, 'ALUSrc': 0, 'Branch': 1, 'Jump': 0, 'JumpReg': 0, 'ALUOp': 'SUB', 'ImmSel': 'B', 'BrType': 'blt', 'IsNOP': 0}, 'd': {'instr': 4267953891, 'opcode': 99, 'rd': 29, 'funct3': 4, 'rs1': 7, 'rs2': 6, 'funct7': 127, 'imm_I': -26, 'imm_S': -3, 'imm_B': -4, 'imm_U': 4267950080, 'imm_J': -800794}, 'rd': 29, 'alu_res': 4294967294, 'mem_data': 0, 'wb_val_for_jumps': 60}

Cycle 169
PC = 60
Stall Flag = False
Flush Flag = False
IF/ID Reg = {'valid': 1, 'pc': 56, 'instr': 4267953891}
ID/EX Reg = {'valid': 1, 'pc': 52, 'pc_plus4': 56, 'd': {'instr': 1278867, 'opcode': 19, 'rd': 7, 'funct3': 0, 'rs1': 7, 'rs2': 1, 'funct7': 0, 'imm_I': 1, 'imm_S': 7, 'imm_B': 2054, 'imm_U': 1277952, 'imm_J': 231424}, 'c': {'RegWrite': 1, 'MemRead': 0, 'MemWrite': 0, 'MemToReg': 0, 'ALUSrc': 1, 'Branch': 0, 'Jump': 0, 'JumpReg': 0, 'ALUOp': 'ADD', 'ImmSel': 'I', 'BrType': None, 'IsNOP': 0}, 'imm': 1, 'rs1': 7, 'rs2': 1, 'rd': 7, 'rs1_val': 8, 'rs2_val': 0, 'alu_op': 'ADD'}
EX/MEM Reg = {'valid': 0, 'pc_plus4': 0, 'c': None, 'd': None, 'rd': 0, 'alu_res': 0, 'rs2_val_fwd': 0, 'mem_addr': 0, 'branch_taken': 0, 'next_pc': 0, 'wb_val_for_jumps': 0}
MEM/WB Reg = {'valid': 0, 'pc_plus4': 0, 'c': None, 'd': None, 'rd': 0, 'alu_res': 0, 'mem_data': 0, 'wb_val_for_jumps': 0}

Cycle 170
PC = 64
Stall Flag = False
Flush Flag = False
IF/ID Reg = {'valid': 1, 'pc': 60, 'instr': 1213075}
ID/EX Reg = {'valid': 1, 'pc': 56, 'pc_plus4': 60, 'd': {'instr': 4267953891, 'opcode': 99, 'rd': 29, 'funct3': 4, 'rs1': 7, 'rs2': 6, 'funct7': 127, 'imm_I': -26, 'imm_S': -3, 'imm_B': -4, 'imm_U': 4267950080, 'imm_J': -800794}, 'c': {'RegWrite': 0, 'MemRead': 0, 'MemWrite': 0, 'MemToReg': 0, 'ALUSrc': 0, 'Branch': 1, 'Jump': 0, 'JumpReg': 0, 'ALUOp': 'SUB', 'ImmSel': 'B', 'BrType': 'blt', 'IsNOP': 0}, 'imm': -4, 'rs1': 7, 'rs2': 6, 'rd': 29, 'rs1_val': 8, 'rs2_val': 10, 'alu_op': 'SUB'}
EX/MEM Reg = {'valid': 1, 'pc_plus4': 56, 'c': {'RegWrite': 1, 'MemRead': 0, 'MemWrite': 0, 'MemToReg': 0, 'ALUSrc': 1, 'Branch': 0, 'Jump': 0, 'JumpReg': 0, 'ALUOp': 'ADD', 'ImmSel': 'I', 'BrType': None, 'IsNOP': 0}, 'd': {'instr': 1278867, 'opcode': 19, 'rd': 7, 'funct3': 0, 'rs1': 7, 'rs2': 1, 'funct7': 0, 'imm_I': 1, 'imm_S': 7, 'imm_B': 2054, 'imm_U': 1277952, 'imm_J': 231424}, 'rd': 7, 'alu_res': 9, 'rs2_val_fwd': 0, 'mem_addr': 9, 'branch_taken': 0, 'next_pc': 0, 'wb_val_for_jumps': 56}
MEM/WB Reg = {'valid': 0, 'pc_plus4': 0, 'c': None, 'd': None, 'rd': 0, 'alu_res': 0, 'mem_data': 0, 'wb_val_for_jumps': 0}

Cycle 171
PC = 52
Stall Flag = False
Flush Flag = True
IF/ID Reg = {'valid': 0, 'pc': 0, 'instr': 0}
ID/EX Reg = {'valid': 0, 'pc': 60, 'pc_plus4': 64, 'd': {'instr': 1213075, 'opcode': 19, 'rd': 5, 'funct3': 0, 'rs1': 5, 'rs2': 1, 'funct7': 0, 'imm_I': 1, 'imm_S': 5, 'imm_B': 2052, 'imm_U': 1212416, 'imm_J': 165888}, 'c': {'RegWrite': 1, 'MemRead': 0, 'MemWrite': 0, 'MemToReg': 0, 'ALUSrc': 1, 'Branch': 0, 'Jump': 0, 'JumpReg': 0, 'ALUOp': 'ADD', 'ImmSel': 'I', 'BrType': None, 'IsNOP': 0}, 'imm': 1, 'rs1': 5, 'rs2': 1, 'rd': 5, 'rs1_val': 2, 'rs2_val': 0, 'alu_op': 'ADD'}
EX/MEM Reg = {'valid': 1, 'pc_plus4': 60, 'c': {'RegWrite': 0, 'MemRead': 0, 'MemWrite': 0, 'MemToReg': 0, 'ALUSrc': 0, 'Branch': 1, 'Jump': 0, 'JumpReg': 0, 'ALUOp': 'SUB', 'ImmSel': 'B', 'BrType': 'blt', 'IsNOP': 0}, 'd': {'instr': 4267953891, 'opcode': 99, 'rd': 29, 'funct3': 4, 'rs1': 7, 'rs2': 6, 'funct7': 127, 'imm_I': -26, 'imm_S': -3, 'imm_B': -4, 'imm_U': 4267950080, 'imm_J': -800794}, 'rd': 29, 'alu_res': 4294967295, 'rs2_val_fwd': 10, 'mem_addr': 4294967295, 'branch_taken': 0, 'next_pc': 0, 'wb_val_for_jumps': 60}
MEM/WB Reg = {'valid': 1, 'pc_plus4': 56, 'c': {'RegWrite': 1, 'MemRead': 0, 'MemWrite': 0, 'MemToReg': 0, 'ALUSrc': 1, 'Branch': 0, 'Jump': 0, 'JumpReg': 0, 'ALUOp': 'ADD', 'ImmSel': 'I', 'BrType': None, 'IsNOP': 0}, 'd': {'instr': 1278867, 'opcode': 19, 'rd': 7, 'funct3': 0, 'rs1': 7, 'rs2': 1, 'funct7': 0, 'imm_I': 1, 'imm_S': 7, 'imm_B': 2054, 'imm_U': 1277952, 'imm_J': 231424}, 'rd': 7, 'alu_res': 9, 'mem_data': 0, 'wb_val_for_jumps': 56}

Cycle 172
PC = 56
Stall Flag = False
Flush Flag = False
IF/ID Reg = {'valid': 1, 'pc': 52, 'instr': 1278867}
ID/EX Reg = {'valid': 0, 'pc': 0, 'pc_plus4': 0, 'd': None, 'c': None, 'imm': 0, 'rs1': 0, 'rs2': 0, 'rd': 0, 'rs1_val': 0, 'rs2_val': 0, 'alu_op': 'ADD'}
EX/MEM Reg = {'valid': 0, 'pc_plus4': 0, 'c': None, 'd': None, 'rd': 0, 'alu_res': 0, 'rs2_val_fwd': 0, 'mem_addr': 0, 'branch_taken': 0, 'next_pc': 0, 'wb_val_for_jumps': 0}
MEM/WB Reg = {'valid': 1, 'pc_plus4': 60, 'c': {'RegWrite': 0, 'MemRead': 0, 'MemWrite': 0, 'MemToReg': 0, 'ALUSrc': 0, 'Branch': 1, 'Jump': 0, 'JumpReg': 0, 'ALUOp': 'SUB', 'ImmSel': 'B', 'BrType': 'blt', 'IsNOP': 0}, 'd': {'instr': 4267953891, 'opcode': 99, 'rd': 29, 'funct3': 4, 'rs1': 7, 'rs2': 6, 'funct7': 127, 'imm_I': -26, 'imm_S': -3, 'imm_B': -4, 'imm_U': 4267950080, 'imm_J': -800794}, 'rd': 29, 'alu_res': 4294967295, 'mem_data': 0, 'wb_val_for_jumps': 60}

Cycle 173
PC = 60
Stall Flag = False
Flush Flag = False
IF/ID Reg = {'valid': 1, 'pc': 56, 'instr': 4267953891}
ID/EX Reg = {'valid': 1, 'pc': 52, 'pc_plus4': 56, 'd': {'instr': 1278867, 'opcode': 19, 'rd': 7, 'funct3': 0, 'rs1': 7, 'rs2': 1, 'funct7': 0, 'imm_I': 1, 'imm_S': 7, 'imm_B': 2054, 'imm_U': 1277952, 'imm_J': 231424}, 'c': {'RegWrite': 1, 'MemRead': 0, 'MemWrite': 0, 'MemToReg': 0, 'ALUSrc': 1, 'Branch': 0, 'Jump': 0, 'JumpReg': 0, 'ALUOp': 'ADD', 'ImmSel': 'I', 'BrType': None, 'IsNOP': 0}, 'imm': 1, 'rs1': 7, 'rs2': 1, 'rd': 7, 'rs1_val': 9, 'rs2_val': 0, 'alu_op': 'ADD'}
EX/MEM Reg = {'valid': 0, 'pc_plus4': 0, 'c': None, 'd': None, 'rd': 0, 'alu_res': 0, 'rs2_val_fwd': 0, 'mem_addr': 0, 'branch_taken': 0, 'next_pc': 0, 'wb_val_for_jumps': 0}
MEM/WB Reg = {'valid': 0, 'pc_plus4': 0, 'c': None, 'd': None, 'rd': 0, 'alu_res': 0, 'mem_data': 0, 'wb_val_for_jumps': 0}

Cycle 174
PC = 64
Stall Flag = False
Flush Flag = False
IF/ID Reg = {'valid': 1, 'pc': 60, 'instr': 1213075}
ID/EX Reg = {'valid': 1, 'pc': 56, 'pc_plus4': 60, 'd': {'instr': 4267953891, 'opcode': 99, 'rd': 29, 'funct3': 4, 'rs1': 7, 'rs2': 6, 'funct7': 127, 'imm_I': -26, 'imm_S': -3, 'imm_B': -4, 'imm_U': 4267950080, 'imm_J': -800794}, 'c': {'RegWrite': 0, 'MemRead': 0, 'MemWrite': 0, 'MemToReg': 0, 'ALUSrc': 0, 'Branch': 1, 'Jump': 0, 'JumpReg': 0, 'ALUOp': 'SUB', 'ImmSel': 'B', 'BrType': 'blt', 'IsNOP': 0}, 'imm': -4, 'rs1': 7, 'rs2': 6, 'rd': 29, 'rs1_val': 9, 'rs2_val': 10, 'alu_op': 'SUB'}
EX/MEM Reg = {'valid': 1, 'pc_plus4': 56, 'c': {'RegWrite': 1, 'MemRead': 0, 'MemWrite': 0, 'MemToReg': 0, 'ALUSrc': 1, 'Branch': 0, 'Jump': 0, 'JumpReg': 0, 'ALUOp': 'ADD', 'ImmSel': 'I', 'BrType': None, 'IsNOP': 0}, 'd': {'instr': 1278867, 'opcode': 19, 'rd': 7, 'funct3': 0, 'rs1': 7, 'rs2': 1, 'funct7': 0, 'imm_I': 1, 'imm_S': 7, 'imm_B': 2054, 'imm_U': 1277952, 'imm_J': 231424}, 'rd': 7, 'alu_res': 10, 'rs2_val_fwd': 0, 'mem_addr': 10, 'branch_taken': 0, 'next_pc': 0, 'wb_val_for_jumps': 56}
MEM/WB Reg = {'valid': 0, 'pc_plus4': 0, 'c': None, 'd': None, 'rd': 0, 'alu_res': 0, 'mem_data': 0, 'wb_val_for_jumps': 0}

Cycle 175
PC = 68
Stall Flag = False
Flush Flag = False
IF/ID Reg = {'valid': 1, 'pc': 64, 'instr': 4267886819}
ID/EX Reg = {'valid': 1, 'pc': 60, 'pc_plus4': 64, 'd': {'instr': 1213075, 'opcode': 19, 'rd': 5, 'funct3': 0, 'rs1': 5, 'rs2': 1, 'funct7': 0, 'imm_I': 1, 'imm_S': 5, 'imm_B': 2052, 'imm_U': 1212416, 'imm_J': 165888}, 'c': {'RegWrite': 1, 'MemRead': 0, 'MemWrite': 0, 'MemToReg': 0, 'ALUSrc': 1, 'Branch': 0, 'Jump': 0, 'JumpReg': 0, 'ALUOp': 'ADD', 'ImmSel': 'I', 'BrType': None, 'IsNOP': 0}, 'imm': 1, 'rs1': 5, 'rs2': 1, 'rd': 5, 'rs1_val': 2, 'rs2_val': 0, 'alu_op': 'ADD'}
EX/MEM Reg = {'valid': 1, 'pc_plus4': 60, 'c': {'RegWrite': 0, 'MemRead': 0, 'MemWrite': 0, 'MemToReg': 0, 'ALUSrc': 0, 'Branch': 1, 'Jump': 0, 'JumpReg': 0, 'ALUOp': 'SUB', 'ImmSel': 'B', 'BrType': 'blt', 'IsNOP': 0}, 'd': {'instr': 4267953891, 'opcode': 99, 'rd': 29, 'funct3': 4, 'rs1': 7, 'rs2': 6, 'funct7': 127, 'imm_I': -26, 'imm_S': -3, 'imm_B': -4, 'imm_U': 4267950080, 'imm_J': -800794}, 'rd': 29, 'alu_res': 0, 'rs2_val_fwd': 10, 'mem_addr': 0, 'branch_taken': 0, 'next_pc': 0, 'wb_val_for_jumps': 60}
MEM/WB Reg = {'valid': 1, 'pc_plus4': 56, 'c': {'RegWrite': 1, 'MemRead': 0, 'MemWrite': 0, 'MemToReg': 0, 'ALUSrc': 1, 'Branch': 0, 'Jump': 0, 'JumpReg': 0, 'ALUOp': 'ADD', 'ImmSel': 'I', 'BrType': None, 'IsNOP': 0}, 'd': {'instr': 1278867, 'opcode': 19, 'rd': 7, 'funct3': 0, 'rs1': 7, 'rs2': 1, 'funct7': 0, 'imm_I': 1, 'imm_S': 7, 'imm_B': 2054, 'imm_U': 1277952, 'imm_J': 231424}, 'rd': 7, 'alu_res': 10, 'mem_data': 0, 'wb_val_for_jumps': 56}

Cycle 176
PC = 72
Stall Flag = False
Flush Flag = False
IF/ID Reg = {'valid': 1, 'pc': 68, 'instr': 1049235}
ID/EX Reg = {'valid': 1, 'pc': 64, 'pc_plus4': 68, 'd': {'instr': 4267886819, 'opcode': 99, 'rd': 17, 'funct3': 4, 'rs1': 5, 'rs2': 6, 'funct7': 127, 'imm_I': -26, 'imm_S': -15, 'imm_B': -16, 'imm_U': 4267884544, 'imm_J': -866330}, 'c': {'RegWrite': 0, 'MemRead': 0, 'MemWrite': 0, 'MemToReg': 0, 'ALUSrc': 0, 'Branch': 1, 'Jump': 0, 'JumpReg': 0, 'ALUOp': 'SUB', 'ImmSel': 'B', 'BrType': 'blt', 'IsNOP': 0}, 'imm': -16, 'rs1': 5, 'rs2': 6, 'rd': 17, 'rs1_val': 2, 'rs2_val': 10, 'alu_op': 'SUB'}
EX/MEM Reg = {'valid': 1, 'pc_plus4': 64, 'c': {'RegWrite': 1, 'MemRead': 0, 'MemWrite': 0, 'MemToReg': 0, 'ALUSrc': 1, 'Branch': 0, 'Jump': 0, 'JumpReg': 0, 'ALUOp': 'ADD', 'ImmSel': 'I', 'BrType': None, 'IsNOP': 0}, 'd': {'instr': 1213075, 'opcode': 19, 'rd': 5, 'funct3': 0, 'rs1': 5, 'rs2': 1, 'funct7': 0, 'imm_I': 1, 'imm_S': 5, 'imm_B': 2052, 'imm_U': 1212416, 'imm_J': 165888}, 'rd': 5, 'alu_res': 3, 'rs2_val_fwd': 0, 'mem_addr': 3, 'branch_taken': 0, 'next_pc': 0, 'wb_val_for_jumps': 64}
MEM/WB Reg = {'valid': 1, 'pc_plus4': 60, 'c': {'RegWrite': 0, 'MemRead': 0, 'MemWrite': 0, 'MemToReg': 0, 'ALUSrc': 0, 'Branch': 1, 'Jump': 0, 'JumpReg': 0, 'ALUOp': 'SUB', 'ImmSel': 'B', 'BrType': 'blt', 'IsNOP': 0}, 'd': {'instr': 4267953891, 'opcode': 99, 'rd': 29, 'funct3': 4, 'rs1': 7, 'rs2': 6, 'funct7': 127, 'imm_I': -26, 'imm_S': -3, 'imm_B': -4, 'imm_U': 4267950080, 'imm_J': -800794}, 'rd': 29, 'alu_res': 0, 'mem_data': 0, 'wb_val_for_jumps': 60}

Cycle 177
PC = 48
Stall Flag = False
Flush Flag = True
IF/ID Reg = {'valid': 0, 'pc': 0, 'instr': 0}
ID/EX Reg = {'valid': 0, 'pc': 68, 'pc_plus4': 72, 'd': {'instr': 1049235, 'opcode': 19, 'rd': 5, 'funct3': 0, 'rs1': 0, 'rs2': 1, 'funct7': 0, 'imm_I': 1, 'imm_S': 5, 'imm_B': 2052, 'imm_U': 1048576, 'imm_J': 2048}, 'c': {'RegWrite': 1, 'MemRead': 0, 'MemWrite': 0, 'MemToReg': 0, 'ALUSrc': 1, 'Branch': 0, 'Jump': 0, 'JumpReg': 0, 'ALUOp': 'ADD', 'ImmSel': 'I', 'BrType': None, 'IsNOP': 0}, 'imm': 1, 'rs1': 0, 'rs2': 1, 'rd': 5, 'rs1_val': 0, 'rs2_val': 0, 'alu_op': 'ADD'}
EX/MEM Reg = {'valid': 1, 'pc_plus4': 68, 'c': {'RegWrite': 0, 'MemRead': 0, 'MemWrite': 0, 'MemToReg': 0, 'ALUSrc': 0, 'Branch': 1, 'Jump': 0, 'JumpReg': 0, 'ALUOp': 'SUB', 'ImmSel': 'B', 'BrType': 'blt', 'IsNOP': 0}, 'd': {'instr': 4267886819, 'opcode': 99, 'rd': 17, 'funct3': 4, 'rs1': 5, 'rs2': 6, 'funct7': 127, 'imm_I': -26, 'imm_S': -15, 'imm_B': -16, 'imm_U': 4267884544, 'imm_J': -866330}, 'rd': 17, 'alu_res': 4294967289, 'rs2_val_fwd': 10, 'mem_addr': 4294967289, 'branch_taken': 0, 'next_pc': 0, 'wb_val_for_jumps': 68}
MEM/WB Reg = {'valid': 1, 'pc_plus4': 64, 'c': {'RegWrite': 1, 'MemRead': 0, 'MemWrite': 0, 'MemToReg': 0, 'ALUSrc': 1, 'Branch': 0, 'Jump': 0, 'JumpReg': 0, 'ALUOp': 'ADD', 'ImmSel': 'I', 'BrType': None, 'IsNOP': 0}, 'd': {'instr': 1213075, 'opcode': 19, 'rd': 5, 'funct3': 0, 'rs1': 5, 'rs2': 1, 'funct7': 0, 'imm_I': 1, 'imm_S': 5, 'imm_B': 2052, 'imm_U': 1212416, 'imm_J': 165888}, 'rd': 5, 'alu_res': 3, 'mem_data': 0, 'wb_val_for_jumps': 64}

Cycle 178
PC = 52
Stall Flag = False
Flush Flag = False
IF/ID Reg = {'valid': 1, 'pc': 48, 'instr': 915}
ID/EX Reg = {'valid': 0, 'pc': 0, 'pc_plus4': 0, 'd': None, 'c': None, 'imm': 0, 'rs1': 0, 'rs2': 0, 'rd': 0, 'rs1_val': 0, 'rs2_val': 0, 'alu_op': 'ADD'}
EX/MEM Reg = {'valid': 0, 'pc_plus4': 0, 'c': None, 'd': None, 'rd': 0, 'alu_res': 0, 'rs2_val_fwd': 0, 'mem_addr': 0, 'branch_taken': 0, 'next_pc': 0, 'wb_val_for_jumps': 0}
MEM/WB Reg = {'valid': 1, 'pc_plus4': 68, 'c': {'RegWrite': 0, 'MemRead': 0, 'MemWrite': 0, 'MemToReg': 0, 'ALUSrc': 0, 'Branch': 1, 'Jump': 0, 'JumpReg': 0, 'ALUOp': 'SUB', 'ImmSel': 'B', 'BrType': 'blt', 'IsNOP': 0}, 'd': {'instr': 4267886819, 'opcode': 99, 'rd': 17, 'funct3': 4, 'rs1': 5, 'rs2': 6, 'funct7': 127, 'imm_I': -26, 'imm_S': -15, 'imm_B': -16, 'imm_U': 4267884544, 'imm_J': -866330}, 'rd': 17, 'alu_res': 4294967289, 'mem_data': 0, 'wb_val_for_jumps': 68}

Cycle 179
PC = 56
Stall Flag = False
Flush Flag = False
IF/ID Reg = {'valid': 1, 'pc': 52, 'instr': 1278867}
ID/EX Reg = {'valid': 1, 'pc': 48, 'pc_plus4': 52, 'd': {'instr': 915, 'opcode': 19, 'rd': 7, 'funct3': 0, 'rs1': 0, 'rs2': 0, 'funct7': 0, 'imm_I': 0, 'imm_S': 7, 'imm_B': 2054, 'imm_U': 0, 'imm_J': 0}, 'c': {'RegWrite': 1, 'MemRead': 0, 'MemWrite': 0, 'MemToReg': 0, 'ALUSrc': 1, 'Branch': 0, 'Jump': 0, 'JumpReg': 0, 'ALUOp': 'ADD', 'ImmSel': 'I', 'BrType': None, 'IsNOP': 0}, 'imm': 0, 'rs1': 0, 'rs2': 0, 'rd': 7, 'rs1_val': 0, 'rs2_val': 0, 'alu_op': 'ADD'}
EX/MEM Reg = {'valid': 0, 'pc_plus4': 0, 'c': None, 'd': None, 'rd': 0, 'alu_res': 0, 'rs2_val_fwd': 0, 'mem_addr': 0, 'branch_taken': 0, 'next_pc': 0, 'wb_val_for_jumps': 0}
MEM/WB Reg = {'valid': 0, 'pc_plus4': 0, 'c': None, 'd': None, 'rd': 0, 'alu_res': 0, 'mem_data': 0, 'wb_val_for_jumps': 0}

Cycle 180
PC = 60
Stall Flag = False
Flush Flag = False
IF/ID Reg = {'valid': 1, 'pc': 56, 'instr': 4267953891}
ID/EX Reg = {'valid': 1, 'pc': 52, 'pc_plus4': 56, 'd': {'instr': 1278867, 'opcode': 19, 'rd': 7, 'funct3': 0, 'rs1': 7, 'rs2': 1, 'funct7': 0, 'imm_I': 1, 'imm_S': 7, 'imm_B': 2054, 'imm_U': 1277952, 'imm_J': 231424}, 'c': {'RegWrite': 1, 'MemRead': 0, 'MemWrite': 0, 'MemToReg': 0, 'ALUSrc': 1, 'Branch': 0, 'Jump': 0, 'JumpReg': 0, 'ALUOp': 'ADD', 'ImmSel': 'I', 'BrType': None, 'IsNOP': 0}, 'imm': 1, 'rs1': 7, 'rs2': 1, 'rd': 7, 'rs1_val': 10, 'rs2_val': 0, 'alu_op': 'ADD'}
EX/MEM Reg = {'valid': 1, 'pc_plus4': 52, 'c': {'RegWrite': 1, 'MemRead': 0, 'MemWrite': 0, 'MemToReg': 0, 'ALUSrc': 1, 'Branch': 0, 'Jump': 0, 'JumpReg': 0, 'ALUOp': 'ADD', 'ImmSel': 'I', 'BrType': None, 'IsNOP': 0}, 'd': {'instr': 915, 'opcode': 19, 'rd': 7, 'funct3': 0, 'rs1': 0, 'rs2': 0, 'funct7': 0, 'imm_I': 0, 'imm_S': 7, 'imm_B': 2054, 'imm_U': 0, 'imm_J': 0}, 'rd': 7, 'alu_res': 0, 'rs2_val_fwd': 0, 'mem_addr': 0, 'branch_taken': 0, 'next_pc': 0, 'wb_val_for_jumps': 52}
MEM/WB Reg = {'valid': 0, 'pc_plus4': 0, 'c': None, 'd': None, 'rd': 0, 'alu_res': 0, 'mem_data': 0, 'wb_val_for_jumps': 0}

Cycle 181
PC = 64
Stall Flag = False
Flush Flag = False
IF/ID Reg = {'valid': 1, 'pc': 60, 'instr': 1213075}
ID/EX Reg = {'valid': 1, 'pc': 56, 'pc_plus4': 60, 'd': {'instr': 4267953891, 'opcode': 99, 'rd': 29, 'funct3': 4, 'rs1': 7, 'rs2': 6, 'funct7': 127, 'imm_I': -26, 'imm_S': -3, 'imm_B': -4, 'imm_U': 4267950080, 'imm_J': -800794}, 'c': {'RegWrite': 0, 'MemRead': 0, 'MemWrite': 0, 'MemToReg': 0, 'ALUSrc': 0, 'Branch': 1, 'Jump': 0, 'JumpReg': 0, 'ALUOp': 'SUB', 'ImmSel': 'B', 'BrType': 'blt', 'IsNOP': 0}, 'imm': -4, 'rs1': 7, 'rs2': 6, 'rd': 29, 'rs1_val': 10, 'rs2_val': 10, 'alu_op': 'SUB'}
EX/MEM Reg = {'valid': 1, 'pc_plus4': 56, 'c': {'RegWrite': 1, 'MemRead': 0, 'MemWrite': 0, 'MemToReg': 0, 'ALUSrc': 1, 'Branch': 0, 'Jump': 0, 'JumpReg': 0, 'ALUOp': 'ADD', 'ImmSel': 'I', 'BrType': None, 'IsNOP': 0}, 'd': {'instr': 1278867, 'opcode': 19, 'rd': 7, 'funct3': 0, 'rs1': 7, 'rs2': 1, 'funct7': 0, 'imm_I': 1, 'imm_S': 7, 'imm_B': 2054, 'imm_U': 1277952, 'imm_J': 231424}, 'rd': 7, 'alu_res': 1, 'rs2_val_fwd': 0, 'mem_addr': 1, 'branch_taken': 0, 'next_pc': 0, 'wb_val_for_jumps': 56}
MEM/WB Reg = {'valid': 1, 'pc_plus4': 52, 'c': {'RegWrite': 1, 'MemRead': 0, 'MemWrite': 0, 'MemToReg': 0, 'ALUSrc': 1, 'Branch': 0, 'Jump': 0, 'JumpReg': 0, 'ALUOp': 'ADD', 'ImmSel': 'I', 'BrType': None, 'IsNOP': 0}, 'd': {'instr': 915, 'opcode': 19, 'rd': 7, 'funct3': 0, 'rs1': 0, 'rs2': 0, 'funct7': 0, 'imm_I': 0, 'imm_S': 7, 'imm_B': 2054, 'imm_U': 0, 'imm_J': 0}, 'rd': 7, 'alu_res': 0, 'mem_data': 0, 'wb_val_for_jumps': 52}

Cycle 182
PC = 52
Stall Flag = False
Flush Flag = True
IF/ID Reg = {'valid': 0, 'pc': 0, 'instr': 0}
ID/EX Reg = {'valid': 0, 'pc': 60, 'pc_plus4': 64, 'd': {'instr': 1213075, 'opcode': 19, 'rd': 5, 'funct3': 0, 'rs1': 5, 'rs2': 1, 'funct7': 0, 'imm_I': 1, 'imm_S': 5, 'imm_B': 2052, 'imm_U': 1212416, 'imm_J': 165888}, 'c': {'RegWrite': 1, 'MemRead': 0, 'MemWrite': 0, 'MemToReg': 0, 'ALUSrc': 1, 'Branch': 0, 'Jump': 0, 'JumpReg': 0, 'ALUOp': 'ADD', 'ImmSel': 'I', 'BrType': None, 'IsNOP': 0}, 'imm': 1, 'rs1': 5, 'rs2': 1, 'rd': 5, 'rs1_val': 3, 'rs2_val': 0, 'alu_op': 'ADD'}
EX/MEM Reg = {'valid': 1, 'pc_plus4': 60, 'c': {'RegWrite': 0, 'MemRead': 0, 'MemWrite': 0, 'MemToReg': 0, 'ALUSrc': 0, 'Branch': 1, 'Jump': 0, 'JumpReg': 0, 'ALUOp': 'SUB', 'ImmSel': 'B', 'BrType': 'blt', 'IsNOP': 0}, 'd': {'instr': 4267953891, 'opcode': 99, 'rd': 29, 'funct3': 4, 'rs1': 7, 'rs2': 6, 'funct7': 127, 'imm_I': -26, 'imm_S': -3, 'imm_B': -4, 'imm_U': 4267950080, 'imm_J': -800794}, 'rd': 29, 'alu_res': 4294967287, 'rs2_val_fwd': 10, 'mem_addr': 4294967287, 'branch_taken': 0, 'next_pc': 0, 'wb_val_for_jumps': 60}
MEM/WB Reg = {'valid': 1, 'pc_plus4': 56, 'c': {'RegWrite': 1, 'MemRead': 0, 'MemWrite': 0, 'MemToReg': 0, 'ALUSrc': 1, 'Branch': 0, 'Jump': 0, 'JumpReg': 0, 'ALUOp': 'ADD', 'ImmSel': 'I', 'BrType': None, 'IsNOP': 0}, 'd': {'instr': 1278867, 'opcode': 19, 'rd': 7, 'funct3': 0, 'rs1': 7, 'rs2': 1, 'funct7': 0, 'imm_I': 1, 'imm_S': 7, 'imm_B': 2054, 'imm_U': 1277952, 'imm_J': 231424}, 'rd': 7, 'alu_res': 1, 'mem_data': 0, 'wb_val_for_jumps': 56}

Cycle 183
PC = 56
Stall Flag = False
Flush Flag = False
IF/ID Reg = {'valid': 1, 'pc': 52, 'instr': 1278867}
ID/EX Reg = {'valid': 0, 'pc': 0, 'pc_plus4': 0, 'd': None, 'c': None, 'imm': 0, 'rs1': 0, 'rs2': 0, 'rd': 0, 'rs1_val': 0, 'rs2_val': 0, 'alu_op': 'ADD'}
EX/MEM Reg = {'valid': 0, 'pc_plus4': 0, 'c': None, 'd': None, 'rd': 0, 'alu_res': 0, 'rs2_val_fwd': 0, 'mem_addr': 0, 'branch_taken': 0, 'next_pc': 0, 'wb_val_for_jumps': 0}
MEM/WB Reg = {'valid': 1, 'pc_plus4': 60, 'c': {'RegWrite': 0, 'MemRead': 0, 'MemWrite': 0, 'MemToReg': 0, 'ALUSrc': 0, 'Branch': 1, 'Jump': 0, 'JumpReg': 0, 'ALUOp': 'SUB', 'ImmSel': 'B', 'BrType': 'blt', 'IsNOP': 0}, 'd': {'instr': 4267953891, 'opcode': 99, 'rd': 29, 'funct3': 4, 'rs1': 7, 'rs2': 6, 'funct7': 127, 'imm_I': -26, 'imm_S': -3, 'imm_B': -4, 'imm_U': 4267950080, 'imm_J': -800794}, 'rd': 29, 'alu_res': 4294967287, 'mem_data': 0, 'wb_val_for_jumps': 60}

Cycle 184
PC = 60
Stall Flag = False
Flush Flag = False
IF/ID Reg = {'valid': 1, 'pc': 56, 'instr': 4267953891}
ID/EX Reg = {'valid': 1, 'pc': 52, 'pc_plus4': 56, 'd': {'instr': 1278867, 'opcode': 19, 'rd': 7, 'funct3': 0, 'rs1': 7, 'rs2': 1, 'funct7': 0, 'imm_I': 1, 'imm_S': 7, 'imm_B': 2054, 'imm_U': 1277952, 'imm_J': 231424}, 'c': {'RegWrite': 1, 'MemRead': 0, 'MemWrite': 0, 'MemToReg': 0, 'ALUSrc': 1, 'Branch': 0, 'Jump': 0, 'JumpReg': 0, 'ALUOp': 'ADD', 'ImmSel': 'I', 'BrType': None, 'IsNOP': 0}, 'imm': 1, 'rs1': 7, 'rs2': 1, 'rd': 7, 'rs1_val': 1, 'rs2_val': 0, 'alu_op': 'ADD'}
EX/MEM Reg = {'valid': 0, 'pc_plus4': 0, 'c': None, 'd': None, 'rd': 0, 'alu_res': 0, 'rs2_val_fwd': 0, 'mem_addr': 0, 'branch_taken': 0, 'next_pc': 0, 'wb_val_for_jumps': 0}
MEM/WB Reg = {'valid': 0, 'pc_plus4': 0, 'c': None, 'd': None, 'rd': 0, 'alu_res': 0, 'mem_data': 0, 'wb_val_for_jumps': 0}

Cycle 185
PC = 64
Stall Flag = False
Flush Flag = False
IF/ID Reg = {'valid': 1, 'pc': 60, 'instr': 1213075}
ID/EX Reg = {'valid': 1, 'pc': 56, 'pc_plus4': 60, 'd': {'instr': 4267953891, 'opcode': 99, 'rd': 29, 'funct3': 4, 'rs1': 7, 'rs2': 6, 'funct7': 127, 'imm_I': -26, 'imm_S': -3, 'imm_B': -4, 'imm_U': 4267950080, 'imm_J': -800794}, 'c': {'RegWrite': 0, 'MemRead': 0, 'MemWrite': 0, 'MemToReg': 0, 'ALUSrc': 0, 'Branch': 1, 'Jump': 0, 'JumpReg': 0, 'ALUOp': 'SUB', 'ImmSel': 'B', 'BrType': 'blt', 'IsNOP': 0}, 'imm': -4, 'rs1': 7, 'rs2': 6, 'rd': 29, 'rs1_val': 1, 'rs2_val': 10, 'alu_op': 'SUB'}
EX/MEM Reg = {'valid': 1, 'pc_plus4': 56, 'c': {'RegWrite': 1, 'MemRead': 0, 'MemWrite': 0, 'MemToReg': 0, 'ALUSrc': 1, 'Branch': 0, 'Jump': 0, 'JumpReg': 0, 'ALUOp': 'ADD', 'ImmSel': 'I', 'BrType': None, 'IsNOP': 0}, 'd': {'instr': 1278867, 'opcode': 19, 'rd': 7, 'funct3': 0, 'rs1': 7, 'rs2': 1, 'funct7': 0, 'imm_I': 1, 'imm_S': 7, 'imm_B': 2054, 'imm_U': 1277952, 'imm_J': 231424}, 'rd': 7, 'alu_res': 2, 'rs2_val_fwd': 0, 'mem_addr': 2, 'branch_taken': 0, 'next_pc': 0, 'wb_val_for_jumps': 56}
MEM/WB Reg = {'valid': 0, 'pc_plus4': 0, 'c': None, 'd': None, 'rd': 0, 'alu_res': 0, 'mem_data': 0, 'wb_val_for_jumps': 0}

Cycle 186
PC = 52
Stall Flag = False
Flush Flag = True
IF/ID Reg = {'valid': 0, 'pc': 0, 'instr': 0}
ID/EX Reg = {'valid': 0, 'pc': 60, 'pc_plus4': 64, 'd': {'instr': 1213075, 'opcode': 19, 'rd': 5, 'funct3': 0, 'rs1': 5, 'rs2': 1, 'funct7': 0, 'imm_I': 1, 'imm_S': 5, 'imm_B': 2052, 'imm_U': 1212416, 'imm_J': 165888}, 'c': {'RegWrite': 1, 'MemRead': 0, 'MemWrite': 0, 'MemToReg': 0, 'ALUSrc': 1, 'Branch': 0, 'Jump': 0, 'JumpReg': 0, 'ALUOp': 'ADD', 'ImmSel': 'I', 'BrType': None, 'IsNOP': 0}, 'imm': 1, 'rs1': 5, 'rs2': 1, 'rd': 5, 'rs1_val': 3, 'rs2_val': 0, 'alu_op': 'ADD'}
EX/MEM Reg = {'valid': 1, 'pc_plus4': 60, 'c': {'RegWrite': 0, 'MemRead': 0, 'MemWrite': 0, 'MemToReg': 0, 'ALUSrc': 0, 'Branch': 1, 'Jump': 0, 'JumpReg': 0, 'ALUOp': 'SUB', 'ImmSel': 'B', 'BrType': 'blt', 'IsNOP': 0}, 'd': {'instr': 4267953891, 'opcode': 99, 'rd': 29, 'funct3': 4, 'rs1': 7, 'rs2': 6, 'funct7': 127, 'imm_I': -26, 'imm_S': -3, 'imm_B': -4, 'imm_U': 4267950080, 'imm_J': -800794}, 'rd': 29, 'alu_res': 4294967288, 'rs2_val_fwd': 10, 'mem_addr': 4294967288, 'branch_taken': 0, 'next_pc': 0, 'wb_val_for_jumps': 60}
MEM/WB Reg = {'valid': 1, 'pc_plus4': 56, 'c': {'RegWrite': 1, 'MemRead': 0, 'MemWrite': 0, 'MemToReg': 0, 'ALUSrc': 1, 'Branch': 0, 'Jump': 0, 'JumpReg': 0, 'ALUOp': 'ADD', 'ImmSel': 'I', 'BrType': None, 'IsNOP': 0}, 'd': {'instr': 1278867, 'opcode': 19, 'rd': 7, 'funct3': 0, 'rs1': 7, 'rs2': 1, 'funct7': 0, 'imm_I': 1, 'imm_S': 7, 'imm_B': 2054, 'imm_U': 1277952, 'imm_J': 231424}, 'rd': 7, 'alu_res': 2, 'mem_data': 0, 'wb_val_for_jumps': 56}

Cycle 187
PC = 56
Stall Flag = False
Flush Flag = False
IF/ID Reg = {'valid': 1, 'pc': 52, 'instr': 1278867}
ID/EX Reg = {'valid': 0, 'pc': 0, 'pc_plus4': 0, 'd': None, 'c': None, 'imm': 0, 'rs1': 0, 'rs2': 0, 'rd': 0, 'rs1_val': 0, 'rs2_val': 0, 'alu_op': 'ADD'}
EX/MEM Reg = {'valid': 0, 'pc_plus4': 0, 'c': None, 'd': None, 'rd': 0, 'alu_res': 0, 'rs2_val_fwd': 0, 'mem_addr': 0, 'branch_taken': 0, 'next_pc': 0, 'wb_val_for_jumps': 0}
MEM/WB Reg = {'valid': 1, 'pc_plus4': 60, 'c': {'RegWrite': 0, 'MemRead': 0, 'MemWrite': 0, 'MemToReg': 0, 'ALUSrc': 0, 'Branch': 1, 'Jump': 0, 'JumpReg': 0, 'ALUOp': 'SUB', 'ImmSel': 'B', 'BrType': 'blt', 'IsNOP': 0}, 'd': {'instr': 4267953891, 'opcode': 99, 'rd': 29, 'funct3': 4, 'rs1': 7, 'rs2': 6, 'funct7': 127, 'imm_I': -26, 'imm_S': -3, 'imm_B': -4, 'imm_U': 4267950080, 'imm_J': -800794}, 'rd': 29, 'alu_res': 4294967288, 'mem_data': 0, 'wb_val_for_jumps': 60}

Cycle 188
PC = 60
Stall Flag = False
Flush Flag = False
IF/ID Reg = {'valid': 1, 'pc': 56, 'instr': 4267953891}
ID/EX Reg = {'valid': 1, 'pc': 52, 'pc_plus4': 56, 'd': {'instr': 1278867, 'opcode': 19, 'rd': 7, 'funct3': 0, 'rs1': 7, 'rs2': 1, 'funct7': 0, 'imm_I': 1, 'imm_S': 7, 'imm_B': 2054, 'imm_U': 1277952, 'imm_J': 231424}, 'c': {'RegWrite': 1, 'MemRead': 0, 'MemWrite': 0, 'MemToReg': 0, 'ALUSrc': 1, 'Branch': 0, 'Jump': 0, 'JumpReg': 0, 'ALUOp': 'ADD', 'ImmSel': 'I', 'BrType': None, 'IsNOP': 0}, 'imm': 1, 'rs1': 7, 'rs2': 1, 'rd': 7, 'rs1_val': 2, 'rs2_val': 0, 'alu_op': 'ADD'}
EX/MEM Reg = {'valid': 0, 'pc_plus4': 0, 'c': None, 'd': None, 'rd': 0, 'alu_res': 0, 'rs2_val_fwd': 0, 'mem_addr': 0, 'branch_taken': 0, 'next_pc': 0, 'wb_val_for_jumps': 0}
MEM/WB Reg = {'valid': 0, 'pc_plus4': 0, 'c': None, 'd': None, 'rd': 0, 'alu_res': 0, 'mem_data': 0, 'wb_val_for_jumps': 0}

Cycle 189
PC = 64
Stall Flag = False
Flush Flag = False
IF/ID Reg = {'valid': 1, 'pc': 60, 'instr': 1213075}
ID/EX Reg = {'valid': 1, 'pc': 56, 'pc_plus4': 60, 'd': {'instr': 4267953891, 'opcode': 99, 'rd': 29, 'funct3': 4, 'rs1': 7, 'rs2': 6, 'funct7': 127, 'imm_I': -26, 'imm_S': -3, 'imm_B': -4, 'imm_U': 4267950080, 'imm_J': -800794}, 'c': {'RegWrite': 0, 'MemRead': 0, 'MemWrite': 0, 'MemToReg': 0, 'ALUSrc': 0, 'Branch': 1, 'Jump': 0, 'JumpReg': 0, 'ALUOp': 'SUB', 'ImmSel': 'B', 'BrType': 'blt', 'IsNOP': 0}, 'imm': -4, 'rs1': 7, 'rs2': 6, 'rd': 29, 'rs1_val': 2, 'rs2_val': 10, 'alu_op': 'SUB'}
EX/MEM Reg = {'valid': 1, 'pc_plus4': 56, 'c': {'RegWrite': 1, 'MemRead': 0, 'MemWrite': 0, 'MemToReg': 0, 'ALUSrc': 1, 'Branch': 0, 'Jump': 0, 'JumpReg': 0, 'ALUOp': 'ADD', 'ImmSel': 'I', 'BrType': None, 'IsNOP': 0}, 'd': {'instr': 1278867, 'opcode': 19, 'rd': 7, 'funct3': 0, 'rs1': 7, 'rs2': 1, 'funct7': 0, 'imm_I': 1, 'imm_S': 7, 'imm_B': 2054, 'imm_U': 1277952, 'imm_J': 231424}, 'rd': 7, 'alu_res': 3, 'rs2_val_fwd': 0, 'mem_addr': 3, 'branch_taken': 0, 'next_pc': 0, 'wb_val_for_jumps': 56}
MEM/WB Reg = {'valid': 0, 'pc_plus4': 0, 'c': None, 'd': None, 'rd': 0, 'alu_res': 0, 'mem_data': 0, 'wb_val_for_jumps': 0}

Cycle 190
PC = 52
Stall Flag = False
Flush Flag = True
IF/ID Reg = {'valid': 0, 'pc': 0, 'instr': 0}
ID/EX Reg = {'valid': 0, 'pc': 60, 'pc_plus4': 64, 'd': {'instr': 1213075, 'opcode': 19, 'rd': 5, 'funct3': 0, 'rs1': 5, 'rs2': 1, 'funct7': 0, 'imm_I': 1, 'imm_S': 5, 'imm_B': 2052, 'imm_U': 1212416, 'imm_J': 165888}, 'c': {'RegWrite': 1, 'MemRead': 0, 'MemWrite': 0, 'MemToReg': 0, 'ALUSrc': 1, 'Branch': 0, 'Jump': 0, 'JumpReg': 0, 'ALUOp': 'ADD', 'ImmSel': 'I', 'BrType': None, 'IsNOP': 0}, 'imm': 1, 'rs1': 5, 'rs2': 1, 'rd': 5, 'rs1_val': 3, 'rs2_val': 0, 'alu_op': 'ADD'}
EX/MEM Reg = {'valid': 1, 'pc_plus4': 60, 'c': {'RegWrite': 0, 'MemRead': 0, 'MemWrite': 0, 'MemToReg': 0, 'ALUSrc': 0, 'Branch': 1, 'Jump': 0, 'JumpReg': 0, 'ALUOp': 'SUB', 'ImmSel': 'B', 'BrType': 'blt', 'IsNOP': 0}, 'd': {'instr': 4267953891, 'opcode': 99, 'rd': 29, 'funct3': 4, 'rs1': 7, 'rs2': 6, 'funct7': 127, 'imm_I': -26, 'imm_S': -3, 'imm_B': -4, 'imm_U': 4267950080, 'imm_J': -800794}, 'rd': 29, 'alu_res': 4294967289, 'rs2_val_fwd': 10, 'mem_addr': 4294967289, 'branch_taken': 0, 'next_pc': 0, 'wb_val_for_jumps': 60}
MEM/WB Reg = {'valid': 1, 'pc_plus4': 56, 'c': {'RegWrite': 1, 'MemRead': 0, 'MemWrite': 0, 'MemToReg': 0, 'ALUSrc': 1, 'Branch': 0, 'Jump': 0, 'JumpReg': 0, 'ALUOp': 'ADD', 'ImmSel': 'I', 'BrType': None, 'IsNOP': 0}, 'd': {'instr': 1278867, 'opcode': 19, 'rd': 7, 'funct3': 0, 'rs1': 7, 'rs2': 1, 'funct7': 0, 'imm_I': 1, 'imm_S': 7, 'imm_B': 2054, 'imm_U': 1277952, 'imm_J': 231424}, 'rd': 7, 'alu_res': 3, 'mem_data': 0, 'wb_val_for_jumps': 56}

Cycle 191
PC = 56
Stall Flag = False
Flush Flag = False
IF/ID Reg = {'valid': 1, 'pc': 52, 'instr': 1278867}
ID/EX Reg = {'valid': 0, 'pc': 0, 'pc_plus4': 0, 'd': None, 'c': None, 'imm': 0, 'rs1': 0, 'rs2': 0, 'rd': 0, 'rs1_val': 0, 'rs2_val': 0, 'alu_op': 'ADD'}
EX/MEM Reg = {'valid': 0, 'pc_plus4': 0, 'c': None, 'd': None, 'rd': 0, 'alu_res': 0, 'rs2_val_fwd': 0, 'mem_addr': 0, 'branch_taken': 0, 'next_pc': 0, 'wb_val_for_jumps': 0}
MEM/WB Reg = {'valid': 1, 'pc_plus4': 60, 'c': {'RegWrite': 0, 'MemRead': 0, 'MemWrite': 0, 'MemToReg': 0, 'ALUSrc': 0, 'Branch': 1, 'Jump': 0, 'JumpReg': 0, 'ALUOp': 'SUB', 'ImmSel': 'B', 'BrType': 'blt', 'IsNOP': 0}, 'd': {'instr': 4267953891, 'opcode': 99, 'rd': 29, 'funct3': 4, 'rs1': 7, 'rs2': 6, 'funct7': 127, 'imm_I': -26, 'imm_S': -3, 'imm_B': -4, 'imm_U': 4267950080, 'imm_J': -800794}, 'rd': 29, 'alu_res': 4294967289, 'mem_data': 0, 'wb_val_for_jumps': 60}

Cycle 192
PC = 60
Stall Flag = False
Flush Flag = False
IF/ID Reg = {'valid': 1, 'pc': 56, 'instr': 4267953891}
ID/EX Reg = {'valid': 1, 'pc': 52, 'pc_plus4': 56, 'd': {'instr': 1278867, 'opcode': 19, 'rd': 7, 'funct3': 0, 'rs1': 7, 'rs2': 1, 'funct7': 0, 'imm_I': 1, 'imm_S': 7, 'imm_B': 2054, 'imm_U': 1277952, 'imm_J': 231424}, 'c': {'RegWrite': 1, 'MemRead': 0, 'MemWrite': 0, 'MemToReg': 0, 'ALUSrc': 1, 'Branch': 0, 'Jump': 0, 'JumpReg': 0, 'ALUOp': 'ADD', 'ImmSel': 'I', 'BrType': None, 'IsNOP': 0}, 'imm': 1, 'rs1': 7, 'rs2': 1, 'rd': 7, 'rs1_val': 3, 'rs2_val': 0, 'alu_op': 'ADD'}
EX/MEM Reg = {'valid': 0, 'pc_plus4': 0, 'c': None, 'd': None, 'rd': 0, 'alu_res': 0, 'rs2_val_fwd': 0, 'mem_addr': 0, 'branch_taken': 0, 'next_pc': 0, 'wb_val_for_jumps': 0}
MEM/WB Reg = {'valid': 0, 'pc_plus4': 0, 'c': None, 'd': None, 'rd': 0, 'alu_res': 0, 'mem_data': 0, 'wb_val_for_jumps': 0}

Cycle 193
PC = 64
Stall Flag = False
Flush Flag = False
IF/ID Reg = {'valid': 1, 'pc': 60, 'instr': 1213075}
ID/EX Reg = {'valid': 1, 'pc': 56, 'pc_plus4': 60, 'd': {'instr': 4267953891, 'opcode': 99, 'rd': 29, 'funct3': 4, 'rs1': 7, 'rs2': 6, 'funct7': 127, 'imm_I': -26, 'imm_S': -3, 'imm_B': -4, 'imm_U': 4267950080, 'imm_J': -800794}, 'c': {'RegWrite': 0, 'MemRead': 0, 'MemWrite': 0, 'MemToReg': 0, 'ALUSrc': 0, 'Branch': 1, 'Jump': 0, 'JumpReg': 0, 'ALUOp': 'SUB', 'ImmSel': 'B', 'BrType': 'blt', 'IsNOP': 0}, 'imm': -4, 'rs1': 7, 'rs2': 6, 'rd': 29, 'rs1_val': 3, 'rs2_val': 10, 'alu_op': 'SUB'}
EX/MEM Reg = {'valid': 1, 'pc_plus4': 56, 'c': {'RegWrite': 1, 'MemRead': 0, 'MemWrite': 0, 'MemToReg': 0, 'ALUSrc': 1, 'Branch': 0, 'Jump': 0, 'JumpReg': 0, 'ALUOp': 'ADD', 'ImmSel': 'I', 'BrType': None, 'IsNOP': 0}, 'd': {'instr': 1278867, 'opcode': 19, 'rd': 7, 'funct3': 0, 'rs1': 7, 'rs2': 1, 'funct7': 0, 'imm_I': 1, 'imm_S': 7, 'imm_B': 2054, 'imm_U': 1277952, 'imm_J': 231424}, 'rd': 7, 'alu_res': 4, 'rs2_val_fwd': 0, 'mem_addr': 4, 'branch_taken': 0, 'next_pc': 0, 'wb_val_for_jumps': 56}
MEM/WB Reg = {'valid': 0, 'pc_plus4': 0, 'c': None, 'd': None, 'rd': 0, 'alu_res': 0, 'mem_data': 0, 'wb_val_for_jumps': 0}

Cycle 194
PC = 52
Stall Flag = False
Flush Flag = True
IF/ID Reg = {'valid': 0, 'pc': 0, 'instr': 0}
ID/EX Reg = {'valid': 0, 'pc': 60, 'pc_plus4': 64, 'd': {'instr': 1213075, 'opcode': 19, 'rd': 5, 'funct3': 0, 'rs1': 5, 'rs2': 1, 'funct7': 0, 'imm_I': 1, 'imm_S': 5, 'imm_B': 2052, 'imm_U': 1212416, 'imm_J': 165888}, 'c': {'RegWrite': 1, 'MemRead': 0, 'MemWrite': 0, 'MemToReg': 0, 'ALUSrc': 1, 'Branch': 0, 'Jump': 0, 'JumpReg': 0, 'ALUOp': 'ADD', 'ImmSel': 'I', 'BrType': None, 'IsNOP': 0}, 'imm': 1, 'rs1': 5, 'rs2': 1, 'rd': 5, 'rs1_val': 3, 'rs2_val': 0, 'alu_op': 'ADD'}
EX/MEM Reg = {'valid': 1, 'pc_plus4': 60, 'c': {'RegWrite': 0, 'MemRead': 0, 'MemWrite': 0, 'MemToReg': 0, 'ALUSrc': 0, 'Branch': 1, 'Jump': 0, 'JumpReg': 0, 'ALUOp': 'SUB', 'ImmSel': 'B', 'BrType': 'blt', 'IsNOP': 0}, 'd': {'instr': 4267953891, 'opcode': 99, 'rd': 29, 'funct3': 4, 'rs1': 7, 'rs2': 6, 'funct7': 127, 'imm_I': -26, 'imm_S': -3, 'imm_B': -4, 'imm_U': 4267950080, 'imm_J': -800794}, 'rd': 29, 'alu_res': 4294967290, 'rs2_val_fwd': 10, 'mem_addr': 4294967290, 'branch_taken': 0, 'next_pc': 0, 'wb_val_for_jumps': 60}
MEM/WB Reg = {'valid': 1, 'pc_plus4': 56, 'c': {'RegWrite': 1, 'MemRead': 0, 'MemWrite': 0, 'MemToReg': 0, 'ALUSrc': 1, 'Branch': 0, 'Jump': 0, 'JumpReg': 0, 'ALUOp': 'ADD', 'ImmSel': 'I', 'BrType': None, 'IsNOP': 0}, 'd': {'instr': 1278867, 'opcode': 19, 'rd': 7, 'funct3': 0, 'rs1': 7, 'rs2': 1, 'funct7': 0, 'imm_I': 1, 'imm_S': 7, 'imm_B': 2054, 'imm_U': 1277952, 'imm_J': 231424}, 'rd': 7, 'alu_res': 4, 'mem_data': 0, 'wb_val_for_jumps': 56}

Cycle 195
PC = 56
Stall Flag = False
Flush Flag = False
IF/ID Reg = {'valid': 1, 'pc': 52, 'instr': 1278867}
ID/EX Reg = {'valid': 0, 'pc': 0, 'pc_plus4': 0, 'd': None, 'c': None, 'imm': 0, 'rs1': 0, 'rs2': 0, 'rd': 0, 'rs1_val': 0, 'rs2_val': 0, 'alu_op': 'ADD'}
EX/MEM Reg = {'valid': 0, 'pc_plus4': 0, 'c': None, 'd': None, 'rd': 0, 'alu_res': 0, 'rs2_val_fwd': 0, 'mem_addr': 0, 'branch_taken': 0, 'next_pc': 0, 'wb_val_for_jumps': 0}
MEM/WB Reg = {'valid': 1, 'pc_plus4': 60, 'c': {'RegWrite': 0, 'MemRead': 0, 'MemWrite': 0, 'MemToReg': 0, 'ALUSrc': 0, 'Branch': 1, 'Jump': 0, 'JumpReg': 0, 'ALUOp': 'SUB', 'ImmSel': 'B', 'BrType': 'blt', 'IsNOP': 0}, 'd': {'instr': 4267953891, 'opcode': 99, 'rd': 29, 'funct3': 4, 'rs1': 7, 'rs2': 6, 'funct7': 127, 'imm_I': -26, 'imm_S': -3, 'imm_B': -4, 'imm_U': 4267950080, 'imm_J': -800794}, 'rd': 29, 'alu_res': 4294967290, 'mem_data': 0, 'wb_val_for_jumps': 60}

Cycle 196
PC = 60
Stall Flag = False
Flush Flag = False
IF/ID Reg = {'valid': 1, 'pc': 56, 'instr': 4267953891}
ID/EX Reg = {'valid': 1, 'pc': 52, 'pc_plus4': 56, 'd': {'instr': 1278867, 'opcode': 19, 'rd': 7, 'funct3': 0, 'rs1': 7, 'rs2': 1, 'funct7': 0, 'imm_I': 1, 'imm_S': 7, 'imm_B': 2054, 'imm_U': 1277952, 'imm_J': 231424}, 'c': {'RegWrite': 1, 'MemRead': 0, 'MemWrite': 0, 'MemToReg': 0, 'ALUSrc': 1, 'Branch': 0, 'Jump': 0, 'JumpReg': 0, 'ALUOp': 'ADD', 'ImmSel': 'I', 'BrType': None, 'IsNOP': 0}, 'imm': 1, 'rs1': 7, 'rs2': 1, 'rd': 7, 'rs1_val': 4, 'rs2_val': 0, 'alu_op': 'ADD'}
EX/MEM Reg = {'valid': 0, 'pc_plus4': 0, 'c': None, 'd': None, 'rd': 0, 'alu_res': 0, 'rs2_val_fwd': 0, 'mem_addr': 0, 'branch_taken': 0, 'next_pc': 0, 'wb_val_for_jumps': 0}
MEM/WB Reg = {'valid': 0, 'pc_plus4': 0, 'c': None, 'd': None, 'rd': 0, 'alu_res': 0, 'mem_data': 0, 'wb_val_for_jumps': 0}

Cycle 197
PC = 64
Stall Flag = False
Flush Flag = False
IF/ID Reg = {'valid': 1, 'pc': 60, 'instr': 1213075}
ID/EX Reg = {'valid': 1, 'pc': 56, 'pc_plus4': 60, 'd': {'instr': 4267953891, 'opcode': 99, 'rd': 29, 'funct3': 4, 'rs1': 7, 'rs2': 6, 'funct7': 127, 'imm_I': -26, 'imm_S': -3, 'imm_B': -4, 'imm_U': 4267950080, 'imm_J': -800794}, 'c': {'RegWrite': 0, 'MemRead': 0, 'MemWrite': 0, 'MemToReg': 0, 'ALUSrc': 0, 'Branch': 1, 'Jump': 0, 'JumpReg': 0, 'ALUOp': 'SUB', 'ImmSel': 'B', 'BrType': 'blt', 'IsNOP': 0}, 'imm': -4, 'rs1': 7, 'rs2': 6, 'rd': 29, 'rs1_val': 4, 'rs2_val': 10, 'alu_op': 'SUB'}
EX/MEM Reg = {'valid': 1, 'pc_plus4': 56, 'c': {'RegWrite': 1, 'MemRead': 0, 'MemWrite': 0, 'MemToReg': 0, 'ALUSrc': 1, 'Branch': 0, 'Jump': 0, 'JumpReg': 0, 'ALUOp': 'ADD', 'ImmSel': 'I', 'BrType': None, 'IsNOP': 0}, 'd': {'instr': 1278867, 'opcode': 19, 'rd': 7, 'funct3': 0, 'rs1': 7, 'rs2': 1, 'funct7': 0, 'imm_I': 1, 'imm_S': 7, 'imm_B': 2054, 'imm_U': 1277952, 'imm_J': 231424}, 'rd': 7, 'alu_res': 5, 'rs2_val_fwd': 0, 'mem_addr': 5, 'branch_taken': 0, 'next_pc': 0, 'wb_val_for_jumps': 56}
MEM/WB Reg = {'valid': 0, 'pc_plus4': 0, 'c': None, 'd': None, 'rd': 0, 'alu_res': 0, 'mem_data': 0, 'wb_val_for_jumps': 0}

Cycle 198
PC = 52
Stall Flag = False
Flush Flag = True
IF/ID Reg = {'valid': 0, 'pc': 0, 'instr': 0}
ID/EX Reg = {'valid': 0, 'pc': 60, 'pc_plus4': 64, 'd': {'instr': 1213075, 'opcode': 19, 'rd': 5, 'funct3': 0, 'rs1': 5, 'rs2': 1, 'funct7': 0, 'imm_I': 1, 'imm_S': 5, 'imm_B': 2052, 'imm_U': 1212416, 'imm_J': 165888}, 'c': {'RegWrite': 1, 'MemRead': 0, 'MemWrite': 0, 'MemToReg': 0, 'ALUSrc': 1, 'Branch': 0, 'Jump': 0, 'JumpReg': 0, 'ALUOp': 'ADD', 'ImmSel': 'I', 'BrType': None, 'IsNOP': 0}, 'imm': 1, 'rs1': 5, 'rs2': 1, 'rd': 5, 'rs1_val': 3, 'rs2_val': 0, 'alu_op': 'ADD'}
EX/MEM Reg = {'valid': 1, 'pc_plus4': 60, 'c': {'RegWrite': 0, 'MemRead': 0, 'MemWrite': 0, 'MemToReg': 0, 'ALUSrc': 0, 'Branch': 1, 'Jump': 0, 'JumpReg': 0, 'ALUOp': 'SUB', 'ImmSel': 'B', 'BrType': 'blt', 'IsNOP': 0}, 'd': {'instr': 4267953891, 'opcode': 99, 'rd': 29, 'funct3': 4, 'rs1': 7, 'rs2': 6, 'funct7': 127, 'imm_I': -26, 'imm_S': -3, 'imm_B': -4, 'imm_U': 4267950080, 'imm_J': -800794}, 'rd': 29, 'alu_res': 4294967291, 'rs2_val_fwd': 10, 'mem_addr': 4294967291, 'branch_taken': 0, 'next_pc': 0, 'wb_val_for_jumps': 60}
MEM/WB Reg = {'valid': 1, 'pc_plus4': 56, 'c': {'RegWrite': 1, 'MemRead': 0, 'MemWrite': 0, 'MemToReg': 0, 'ALUSrc': 1, 'Branch': 0, 'Jump': 0, 'JumpReg': 0, 'ALUOp': 'ADD', 'ImmSel': 'I', 'BrType': None, 'IsNOP': 0}, 'd': {'instr': 1278867, 'opcode': 19, 'rd': 7, 'funct3': 0, 'rs1': 7, 'rs2': 1, 'funct7': 0, 'imm_I': 1, 'imm_S': 7, 'imm_B': 2054, 'imm_U': 1277952, 'imm_J': 231424}, 'rd': 7, 'alu_res': 5, 'mem_data': 0, 'wb_val_for_jumps': 56}

Cycle 199
PC = 56
Stall Flag = False
Flush Flag = False
IF/ID Reg = {'valid': 1, 'pc': 52, 'instr': 1278867}
ID/EX Reg = {'valid': 0, 'pc': 0, 'pc_plus4': 0, 'd': None, 'c': None, 'imm': 0, 'rs1': 0, 'rs2': 0, 'rd': 0, 'rs1_val': 0, 'rs2_val': 0, 'alu_op': 'ADD'}
EX/MEM Reg = {'valid': 0, 'pc_plus4': 0, 'c': None, 'd': None, 'rd': 0, 'alu_res': 0, 'rs2_val_fwd': 0, 'mem_addr': 0, 'branch_taken': 0, 'next_pc': 0, 'wb_val_for_jumps': 0}
MEM/WB Reg = {'valid': 1, 'pc_plus4': 60, 'c': {'RegWrite': 0, 'MemRead': 0, 'MemWrite': 0, 'MemToReg': 0, 'ALUSrc': 0, 'Branch': 1, 'Jump': 0, 'JumpReg': 0, 'ALUOp': 'SUB', 'ImmSel': 'B', 'BrType': 'blt', 'IsNOP': 0}, 'd': {'instr': 4267953891, 'opcode': 99, 'rd': 29, 'funct3': 4, 'rs1': 7, 'rs2': 6, 'funct7': 127, 'imm_I': -26, 'imm_S': -3, 'imm_B': -4, 'imm_U': 4267950080, 'imm_J': -800794}, 'rd': 29, 'alu_res': 4294967291, 'mem_data': 0, 'wb_val_for_jumps': 60}

Cycle 200
PC = 60
Stall Flag = False
Flush Flag = False
IF/ID Reg = {'valid': 1, 'pc': 56, 'instr': 4267953891}
ID/EX Reg = {'valid': 1, 'pc': 52, 'pc_plus4': 56, 'd': {'instr': 1278867, 'opcode': 19, 'rd': 7, 'funct3': 0, 'rs1': 7, 'rs2': 1, 'funct7': 0, 'imm_I': 1, 'imm_S': 7, 'imm_B': 2054, 'imm_U': 1277952, 'imm_J': 231424}, 'c': {'RegWrite': 1, 'MemRead': 0, 'MemWrite': 0, 'MemToReg': 0, 'ALUSrc': 1, 'Branch': 0, 'Jump': 0, 'JumpReg': 0, 'ALUOp': 'ADD', 'ImmSel': 'I', 'BrType': None, 'IsNOP': 0}, 'imm': 1, 'rs1': 7, 'rs2': 1, 'rd': 7, 'rs1_val': 5, 'rs2_val': 0, 'alu_op': 'ADD'}
EX/MEM Reg = {'valid': 0, 'pc_plus4': 0, 'c': None, 'd': None, 'rd': 0, 'alu_res': 0, 'rs2_val_fwd': 0, 'mem_addr': 0, 'branch_taken': 0, 'next_pc': 0, 'wb_val_for_jumps': 0}
MEM/WB Reg = {'valid': 0, 'pc_plus4': 0, 'c': None, 'd': None, 'rd': 0, 'alu_res': 0, 'mem_data': 0, 'wb_val_for_jumps': 0}

Cycle 201
PC = 64
Stall Flag = False
Flush Flag = False
IF/ID Reg = {'valid': 1, 'pc': 60, 'instr': 1213075}
ID/EX Reg = {'valid': 1, 'pc': 56, 'pc_plus4': 60, 'd': {'instr': 4267953891, 'opcode': 99, 'rd': 29, 'funct3': 4, 'rs1': 7, 'rs2': 6, 'funct7': 127, 'imm_I': -26, 'imm_S': -3, 'imm_B': -4, 'imm_U': 4267950080, 'imm_J': -800794}, 'c': {'RegWrite': 0, 'MemRead': 0, 'MemWrite': 0, 'MemToReg': 0, 'ALUSrc': 0, 'Branch': 1, 'Jump': 0, 'JumpReg': 0, 'ALUOp': 'SUB', 'ImmSel': 'B', 'BrType': 'blt', 'IsNOP': 0}, 'imm': -4, 'rs1': 7, 'rs2': 6, 'rd': 29, 'rs1_val': 5, 'rs2_val': 10, 'alu_op': 'SUB'}
EX/MEM Reg = {'valid': 1, 'pc_plus4': 56, 'c': {'RegWrite': 1, 'MemRead': 0, 'MemWrite': 0, 'MemToReg': 0, 'ALUSrc': 1, 'Branch': 0, 'Jump': 0, 'JumpReg': 0, 'ALUOp': 'ADD', 'ImmSel': 'I', 'BrType': None, 'IsNOP': 0}, 'd': {'instr': 1278867, 'opcode': 19, 'rd': 7, 'funct3': 0, 'rs1': 7, 'rs2': 1, 'funct7': 0, 'imm_I': 1, 'imm_S': 7, 'imm_B': 2054, 'imm_U': 1277952, 'imm_J': 231424}, 'rd': 7, 'alu_res': 6, 'rs2_val_fwd': 0, 'mem_addr': 6, 'branch_taken': 0, 'next_pc': 0, 'wb_val_for_jumps': 56}
MEM/WB Reg = {'valid': 0, 'pc_plus4': 0, 'c': None, 'd': None, 'rd': 0, 'alu_res': 0, 'mem_data': 0, 'wb_val_for_jumps': 0}

Cycle 202
PC = 52
Stall Flag = False
Flush Flag = True
IF/ID Reg = {'valid': 0, 'pc': 0, 'instr': 0}
ID/EX Reg = {'valid': 0, 'pc': 60, 'pc_plus4': 64, 'd': {'instr': 1213075, 'opcode': 19, 'rd': 5, 'funct3': 0, 'rs1': 5, 'rs2': 1, 'funct7': 0, 'imm_I': 1, 'imm_S': 5, 'imm_B': 2052, 'imm_U': 1212416, 'imm_J': 165888}, 'c': {'RegWrite': 1, 'MemRead': 0, 'MemWrite': 0, 'MemToReg': 0, 'ALUSrc': 1, 'Branch': 0, 'Jump': 0, 'JumpReg': 0, 'ALUOp': 'ADD', 'ImmSel': 'I', 'BrType': None, 'IsNOP': 0}, 'imm': 1, 'rs1': 5, 'rs2': 1, 'rd': 5, 'rs1_val': 3, 'rs2_val': 0, 'alu_op': 'ADD'}
EX/MEM Reg = {'valid': 1, 'pc_plus4': 60, 'c': {'RegWrite': 0, 'MemRead': 0, 'MemWrite': 0, 'MemToReg': 0, 'ALUSrc': 0, 'Branch': 1, 'Jump': 0, 'JumpReg': 0, 'ALUOp': 'SUB', 'ImmSel': 'B', 'BrType': 'blt', 'IsNOP': 0}, 'd': {'instr': 4267953891, 'opcode': 99, 'rd': 29, 'funct3': 4, 'rs1': 7, 'rs2': 6, 'funct7': 127, 'imm_I': -26, 'imm_S': -3, 'imm_B': -4, 'imm_U': 4267950080, 'imm_J': -800794}, 'rd': 29, 'alu_res': 4294967292, 'rs2_val_fwd': 10, 'mem_addr': 4294967292, 'branch_taken': 0, 'next_pc': 0, 'wb_val_for_jumps': 60}
MEM/WB Reg = {'valid': 1, 'pc_plus4': 56, 'c': {'RegWrite': 1, 'MemRead': 0, 'MemWrite': 0, 'MemToReg': 0, 'ALUSrc': 1, 'Branch': 0, 'Jump': 0, 'JumpReg': 0, 'ALUOp': 'ADD', 'ImmSel': 'I', 'BrType': None, 'IsNOP': 0}, 'd': {'instr': 1278867, 'opcode': 19, 'rd': 7, 'funct3': 0, 'rs1': 7, 'rs2': 1, 'funct7': 0, 'imm_I': 1, 'imm_S': 7, 'imm_B': 2054, 'imm_U': 1277952, 'imm_J': 231424}, 'rd': 7, 'alu_res': 6, 'mem_data': 0, 'wb_val_for_jumps': 56}

Cycle 203
PC = 56
Stall Flag = False
Flush Flag = False
IF/ID Reg = {'valid': 1, 'pc': 52, 'instr': 1278867}
ID/EX Reg = {'valid': 0, 'pc': 0, 'pc_plus4': 0, 'd': None, 'c': None, 'imm': 0, 'rs1': 0, 'rs2': 0, 'rd': 0, 'rs1_val': 0, 'rs2_val': 0, 'alu_op': 'ADD'}
EX/MEM Reg = {'valid': 0, 'pc_plus4': 0, 'c': None, 'd': None, 'rd': 0, 'alu_res': 0, 'rs2_val_fwd': 0, 'mem_addr': 0, 'branch_taken': 0, 'next_pc': 0, 'wb_val_for_jumps': 0}
MEM/WB Reg = {'valid': 1, 'pc_plus4': 60, 'c': {'RegWrite': 0, 'MemRead': 0, 'MemWrite': 0, 'MemToReg': 0, 'ALUSrc': 0, 'Branch': 1, 'Jump': 0, 'JumpReg': 0, 'ALUOp': 'SUB', 'ImmSel': 'B', 'BrType': 'blt', 'IsNOP': 0}, 'd': {'instr': 4267953891, 'opcode': 99, 'rd': 29, 'funct3': 4, 'rs1': 7, 'rs2': 6, 'funct7': 127, 'imm_I': -26, 'imm_S': -3, 'imm_B': -4, 'imm_U': 4267950080, 'imm_J': -800794}, 'rd': 29, 'alu_res': 4294967292, 'mem_data': 0, 'wb_val_for_jumps': 60}

Cycle 204
PC = 60
Stall Flag = False
Flush Flag = False
IF/ID Reg = {'valid': 1, 'pc': 56, 'instr': 4267953891}
ID/EX Reg = {'valid': 1, 'pc': 52, 'pc_plus4': 56, 'd': {'instr': 1278867, 'opcode': 19, 'rd': 7, 'funct3': 0, 'rs1': 7, 'rs2': 1, 'funct7': 0, 'imm_I': 1, 'imm_S': 7, 'imm_B': 2054, 'imm_U': 1277952, 'imm_J': 231424}, 'c': {'RegWrite': 1, 'MemRead': 0, 'MemWrite': 0, 'MemToReg': 0, 'ALUSrc': 1, 'Branch': 0, 'Jump': 0, 'JumpReg': 0, 'ALUOp': 'ADD', 'ImmSel': 'I', 'BrType': None, 'IsNOP': 0}, 'imm': 1, 'rs1': 7, 'rs2': 1, 'rd': 7, 'rs1_val': 6, 'rs2_val': 0, 'alu_op': 'ADD'}
EX/MEM Reg = {'valid': 0, 'pc_plus4': 0, 'c': None, 'd': None, 'rd': 0, 'alu_res': 0, 'rs2_val_fwd': 0, 'mem_addr': 0, 'branch_taken': 0, 'next_pc': 0, 'wb_val_for_jumps': 0}
MEM/WB Reg = {'valid': 0, 'pc_plus4': 0, 'c': None, 'd': None, 'rd': 0, 'alu_res': 0, 'mem_data': 0, 'wb_val_for_jumps': 0}

Cycle 205
PC = 64
Stall Flag = False
Flush Flag = False
IF/ID Reg = {'valid': 1, 'pc': 60, 'instr': 1213075}
ID/EX Reg = {'valid': 1, 'pc': 56, 'pc_plus4': 60, 'd': {'instr': 4267953891, 'opcode': 99, 'rd': 29, 'funct3': 4, 'rs1': 7, 'rs2': 6, 'funct7': 127, 'imm_I': -26, 'imm_S': -3, 'imm_B': -4, 'imm_U': 4267950080, 'imm_J': -800794}, 'c': {'RegWrite': 0, 'MemRead': 0, 'MemWrite': 0, 'MemToReg': 0, 'ALUSrc': 0, 'Branch': 1, 'Jump': 0, 'JumpReg': 0, 'ALUOp': 'SUB', 'ImmSel': 'B', 'BrType': 'blt', 'IsNOP': 0}, 'imm': -4, 'rs1': 7, 'rs2': 6, 'rd': 29, 'rs1_val': 6, 'rs2_val': 10, 'alu_op': 'SUB'}
EX/MEM Reg = {'valid': 1, 'pc_plus4': 56, 'c': {'RegWrite': 1, 'MemRead': 0, 'MemWrite': 0, 'MemToReg': 0, 'ALUSrc': 1, 'Branch': 0, 'Jump': 0, 'JumpReg': 0, 'ALUOp': 'ADD', 'ImmSel': 'I', 'BrType': None, 'IsNOP': 0}, 'd': {'instr': 1278867, 'opcode': 19, 'rd': 7, 'funct3': 0, 'rs1': 7, 'rs2': 1, 'funct7': 0, 'imm_I': 1, 'imm_S': 7, 'imm_B': 2054, 'imm_U': 1277952, 'imm_J': 231424}, 'rd': 7, 'alu_res': 7, 'rs2_val_fwd': 0, 'mem_addr': 7, 'branch_taken': 0, 'next_pc': 0, 'wb_val_for_jumps': 56}
MEM/WB Reg = {'valid': 0, 'pc_plus4': 0, 'c': None, 'd': None, 'rd': 0, 'alu_res': 0, 'mem_data': 0, 'wb_val_for_jumps': 0}

Cycle 206
PC = 52
Stall Flag = False
Flush Flag = True
IF/ID Reg = {'valid': 0, 'pc': 0, 'instr': 0}
ID/EX Reg = {'valid': 0, 'pc': 60, 'pc_plus4': 64, 'd': {'instr': 1213075, 'opcode': 19, 'rd': 5, 'funct3': 0, 'rs1': 5, 'rs2': 1, 'funct7': 0, 'imm_I': 1, 'imm_S': 5, 'imm_B': 2052, 'imm_U': 1212416, 'imm_J': 165888}, 'c': {'RegWrite': 1, 'MemRead': 0, 'MemWrite': 0, 'MemToReg': 0, 'ALUSrc': 1, 'Branch': 0, 'Jump': 0, 'JumpReg': 0, 'ALUOp': 'ADD', 'ImmSel': 'I', 'BrType': None, 'IsNOP': 0}, 'imm': 1, 'rs1': 5, 'rs2': 1, 'rd': 5, 'rs1_val': 3, 'rs2_val': 0, 'alu_op': 'ADD'}
EX/MEM Reg = {'valid': 1, 'pc_plus4': 60, 'c': {'RegWrite': 0, 'MemRead': 0, 'MemWrite': 0, 'MemToReg': 0, 'ALUSrc': 0, 'Branch': 1, 'Jump': 0, 'JumpReg': 0, 'ALUOp': 'SUB', 'ImmSel': 'B', 'BrType': 'blt', 'IsNOP': 0}, 'd': {'instr': 4267953891, 'opcode': 99, 'rd': 29, 'funct3': 4, 'rs1': 7, 'rs2': 6, 'funct7': 127, 'imm_I': -26, 'imm_S': -3, 'imm_B': -4, 'imm_U': 4267950080, 'imm_J': -800794}, 'rd': 29, 'alu_res': 4294967293, 'rs2_val_fwd': 10, 'mem_addr': 4294967293, 'branch_taken': 0, 'next_pc': 0, 'wb_val_for_jumps': 60}
MEM/WB Reg = {'valid': 1, 'pc_plus4': 56, 'c': {'RegWrite': 1, 'MemRead': 0, 'MemWrite': 0, 'MemToReg': 0, 'ALUSrc': 1, 'Branch': 0, 'Jump': 0, 'JumpReg': 0, 'ALUOp': 'ADD', 'ImmSel': 'I', 'BrType': None, 'IsNOP': 0}, 'd': {'instr': 1278867, 'opcode': 19, 'rd': 7, 'funct3': 0, 'rs1': 7, 'rs2': 1, 'funct7': 0, 'imm_I': 1, 'imm_S': 7, 'imm_B': 2054, 'imm_U': 1277952, 'imm_J': 231424}, 'rd': 7, 'alu_res': 7, 'mem_data': 0, 'wb_val_for_jumps': 56}

Cycle 207
PC = 56
Stall Flag = False
Flush Flag = False
IF/ID Reg = {'valid': 1, 'pc': 52, 'instr': 1278867}
ID/EX Reg = {'valid': 0, 'pc': 0, 'pc_plus4': 0, 'd': None, 'c': None, 'imm': 0, 'rs1': 0, 'rs2': 0, 'rd': 0, 'rs1_val': 0, 'rs2_val': 0, 'alu_op': 'ADD'}
EX/MEM Reg = {'valid': 0, 'pc_plus4': 0, 'c': None, 'd': None, 'rd': 0, 'alu_res': 0, 'rs2_val_fwd': 0, 'mem_addr': 0, 'branch_taken': 0, 'next_pc': 0, 'wb_val_for_jumps': 0}
MEM/WB Reg = {'valid': 1, 'pc_plus4': 60, 'c': {'RegWrite': 0, 'MemRead': 0, 'MemWrite': 0, 'MemToReg': 0, 'ALUSrc': 0, 'Branch': 1, 'Jump': 0, 'JumpReg': 0, 'ALUOp': 'SUB', 'ImmSel': 'B', 'BrType': 'blt', 'IsNOP': 0}, 'd': {'instr': 4267953891, 'opcode': 99, 'rd': 29, 'funct3': 4, 'rs1': 7, 'rs2': 6, 'funct7': 127, 'imm_I': -26, 'imm_S': -3, 'imm_B': -4, 'imm_U': 4267950080, 'imm_J': -800794}, 'rd': 29, 'alu_res': 4294967293, 'mem_data': 0, 'wb_val_for_jumps': 60}

Cycle 208
PC = 60
Stall Flag = False
Flush Flag = False
IF/ID Reg = {'valid': 1, 'pc': 56, 'instr': 4267953891}
ID/EX Reg = {'valid': 1, 'pc': 52, 'pc_plus4': 56, 'd': {'instr': 1278867, 'opcode': 19, 'rd': 7, 'funct3': 0, 'rs1': 7, 'rs2': 1, 'funct7': 0, 'imm_I': 1, 'imm_S': 7, 'imm_B': 2054, 'imm_U': 1277952, 'imm_J': 231424}, 'c': {'RegWrite': 1, 'MemRead': 0, 'MemWrite': 0, 'MemToReg': 0, 'ALUSrc': 1, 'Branch': 0, 'Jump': 0, 'JumpReg': 0, 'ALUOp': 'ADD', 'ImmSel': 'I', 'BrType': None, 'IsNOP': 0}, 'imm': 1, 'rs1': 7, 'rs2': 1, 'rd': 7, 'rs1_val': 7, 'rs2_val': 0, 'alu_op': 'ADD'}
EX/MEM Reg = {'valid': 0, 'pc_plus4': 0, 'c': None, 'd': None, 'rd': 0, 'alu_res': 0, 'rs2_val_fwd': 0, 'mem_addr': 0, 'branch_taken': 0, 'next_pc': 0, 'wb_val_for_jumps': 0}
MEM/WB Reg = {'valid': 0, 'pc_plus4': 0, 'c': None, 'd': None, 'rd': 0, 'alu_res': 0, 'mem_data': 0, 'wb_val_for_jumps': 0}

Cycle 209
PC = 64
Stall Flag = False
Flush Flag = False
IF/ID Reg = {'valid': 1, 'pc': 60, 'instr': 1213075}
ID/EX Reg = {'valid': 1, 'pc': 56, 'pc_plus4': 60, 'd': {'instr': 4267953891, 'opcode': 99, 'rd': 29, 'funct3': 4, 'rs1': 7, 'rs2': 6, 'funct7': 127, 'imm_I': -26, 'imm_S': -3, 'imm_B': -4, 'imm_U': 4267950080, 'imm_J': -800794}, 'c': {'RegWrite': 0, 'MemRead': 0, 'MemWrite': 0, 'MemToReg': 0, 'ALUSrc': 0, 'Branch': 1, 'Jump': 0, 'JumpReg': 0, 'ALUOp': 'SUB', 'ImmSel': 'B', 'BrType': 'blt', 'IsNOP': 0}, 'imm': -4, 'rs1': 7, 'rs2': 6, 'rd': 29, 'rs1_val': 7, 'rs2_val': 10, 'alu_op': 'SUB'}
EX/MEM Reg = {'valid': 1, 'pc_plus4': 56, 'c': {'RegWrite': 1, 'MemRead': 0, 'MemWrite': 0, 'MemToReg': 0, 'ALUSrc': 1, 'Branch': 0, 'Jump': 0, 'JumpReg': 0, 'ALUOp': 'ADD', 'ImmSel': 'I', 'BrType': None, 'IsNOP': 0}, 'd': {'instr': 1278867, 'opcode': 19, 'rd': 7, 'funct3': 0, 'rs1': 7, 'rs2': 1, 'funct7': 0, 'imm_I': 1, 'imm_S': 7, 'imm_B': 2054, 'imm_U': 1277952, 'imm_J': 231424}, 'rd': 7, 'alu_res': 8, 'rs2_val_fwd': 0, 'mem_addr': 8, 'branch_taken': 0, 'next_pc': 0, 'wb_val_for_jumps': 56}
MEM/WB Reg = {'valid': 0, 'pc_plus4': 0, 'c': None, 'd': None, 'rd': 0, 'alu_res': 0, 'mem_data': 0, 'wb_val_for_jumps': 0}

Cycle 210
PC = 52
Stall Flag = False
Flush Flag = True
IF/ID Reg = {'valid': 0, 'pc': 0, 'instr': 0}
ID/EX Reg = {'valid': 0, 'pc': 60, 'pc_plus4': 64, 'd': {'instr': 1213075, 'opcode': 19, 'rd': 5, 'funct3': 0, 'rs1': 5, 'rs2': 1, 'funct7': 0, 'imm_I': 1, 'imm_S': 5, 'imm_B': 2052, 'imm_U': 1212416, 'imm_J': 165888}, 'c': {'RegWrite': 1, 'MemRead': 0, 'MemWrite': 0, 'MemToReg': 0, 'ALUSrc': 1, 'Branch': 0, 'Jump': 0, 'JumpReg': 0, 'ALUOp': 'ADD', 'ImmSel': 'I', 'BrType': None, 'IsNOP': 0}, 'imm': 1, 'rs1': 5, 'rs2': 1, 'rd': 5, 'rs1_val': 3, 'rs2_val': 0, 'alu_op': 'ADD'}
EX/MEM Reg = {'valid': 1, 'pc_plus4': 60, 'c': {'RegWrite': 0, 'MemRead': 0, 'MemWrite': 0, 'MemToReg': 0, 'ALUSrc': 0, 'Branch': 1, 'Jump': 0, 'JumpReg': 0, 'ALUOp': 'SUB', 'ImmSel': 'B', 'BrType': 'blt', 'IsNOP': 0}, 'd': {'instr': 4267953891, 'opcode': 99, 'rd': 29, 'funct3': 4, 'rs1': 7, 'rs2': 6, 'funct7': 127, 'imm_I': -26, 'imm_S': -3, 'imm_B': -4, 'imm_U': 4267950080, 'imm_J': -800794}, 'rd': 29, 'alu_res': 4294967294, 'rs2_val_fwd': 10, 'mem_addr': 4294967294, 'branch_taken': 0, 'next_pc': 0, 'wb_val_for_jumps': 60}
MEM/WB Reg = {'valid': 1, 'pc_plus4': 56, 'c': {'RegWrite': 1, 'MemRead': 0, 'MemWrite': 0, 'MemToReg': 0, 'ALUSrc': 1, 'Branch': 0, 'Jump': 0, 'JumpReg': 0, 'ALUOp': 'ADD', 'ImmSel': 'I', 'BrType': None, 'IsNOP': 0}, 'd': {'instr': 1278867, 'opcode': 19, 'rd': 7, 'funct3': 0, 'rs1': 7, 'rs2': 1, 'funct7': 0, 'imm_I': 1, 'imm_S': 7, 'imm_B': 2054, 'imm_U': 1277952, 'imm_J': 231424}, 'rd': 7, 'alu_res': 8, 'mem_data': 0, 'wb_val_for_jumps': 56}

Cycle 211
PC = 56
Stall Flag = False
Flush Flag = False
IF/ID Reg = {'valid': 1, 'pc': 52, 'instr': 1278867}
ID/EX Reg = {'valid': 0, 'pc': 0, 'pc_plus4': 0, 'd': None, 'c': None, 'imm': 0, 'rs1': 0, 'rs2': 0, 'rd': 0, 'rs1_val': 0, 'rs2_val': 0, 'alu_op': 'ADD'}
EX/MEM Reg = {'valid': 0, 'pc_plus4': 0, 'c': None, 'd': None, 'rd': 0, 'alu_res': 0, 'rs2_val_fwd': 0, 'mem_addr': 0, 'branch_taken': 0, 'next_pc': 0, 'wb_val_for_jumps': 0}
MEM/WB Reg = {'valid': 1, 'pc_plus4': 60, 'c': {'RegWrite': 0, 'MemRead': 0, 'MemWrite': 0, 'MemToReg': 0, 'ALUSrc': 0, 'Branch': 1, 'Jump': 0, 'JumpReg': 0, 'ALUOp': 'SUB', 'ImmSel': 'B', 'BrType': 'blt', 'IsNOP': 0}, 'd': {'instr': 4267953891, 'opcode': 99, 'rd': 29, 'funct3': 4, 'rs1': 7, 'rs2': 6, 'funct7': 127, 'imm_I': -26, 'imm_S': -3, 'imm_B': -4, 'imm_U': 4267950080, 'imm_J': -800794}, 'rd': 29, 'alu_res': 4294967294, 'mem_data': 0, 'wb_val_for_jumps': 60}

Cycle 212
PC = 60
Stall Flag = False
Flush Flag = False
IF/ID Reg = {'valid': 1, 'pc': 56, 'instr': 4267953891}
ID/EX Reg = {'valid': 1, 'pc': 52, 'pc_plus4': 56, 'd': {'instr': 1278867, 'opcode': 19, 'rd': 7, 'funct3': 0, 'rs1': 7, 'rs2': 1, 'funct7': 0, 'imm_I': 1, 'imm_S': 7, 'imm_B': 2054, 'imm_U': 1277952, 'imm_J': 231424}, 'c': {'RegWrite': 1, 'MemRead': 0, 'MemWrite': 0, 'MemToReg': 0, 'ALUSrc': 1, 'Branch': 0, 'Jump': 0, 'JumpReg': 0, 'ALUOp': 'ADD', 'ImmSel': 'I', 'BrType': None, 'IsNOP': 0}, 'imm': 1, 'rs1': 7, 'rs2': 1, 'rd': 7, 'rs1_val': 8, 'rs2_val': 0, 'alu_op': 'ADD'}
EX/MEM Reg = {'valid': 0, 'pc_plus4': 0, 'c': None, 'd': None, 'rd': 0, 'alu_res': 0, 'rs2_val_fwd': 0, 'mem_addr': 0, 'branch_taken': 0, 'next_pc': 0, 'wb_val_for_jumps': 0}
MEM/WB Reg = {'valid': 0, 'pc_plus4': 0, 'c': None, 'd': None, 'rd': 0, 'alu_res': 0, 'mem_data': 0, 'wb_val_for_jumps': 0}

Cycle 213
PC = 64
Stall Flag = False
Flush Flag = False
IF/ID Reg = {'valid': 1, 'pc': 60, 'instr': 1213075}
ID/EX Reg = {'valid': 1, 'pc': 56, 'pc_plus4': 60, 'd': {'instr': 4267953891, 'opcode': 99, 'rd': 29, 'funct3': 4, 'rs1': 7, 'rs2': 6, 'funct7': 127, 'imm_I': -26, 'imm_S': -3, 'imm_B': -4, 'imm_U': 4267950080, 'imm_J': -800794}, 'c': {'RegWrite': 0, 'MemRead': 0, 'MemWrite': 0, 'MemToReg': 0, 'ALUSrc': 0, 'Branch': 1, 'Jump': 0, 'JumpReg': 0, 'ALUOp': 'SUB', 'ImmSel': 'B', 'BrType': 'blt', 'IsNOP': 0}, 'imm': -4, 'rs1': 7, 'rs2': 6, 'rd': 29, 'rs1_val': 8, 'rs2_val': 10, 'alu_op': 'SUB'}
EX/MEM Reg = {'valid': 1, 'pc_plus4': 56, 'c': {'RegWrite': 1, 'MemRead': 0, 'MemWrite': 0, 'MemToReg': 0, 'ALUSrc': 1, 'Branch': 0, 'Jump': 0, 'JumpReg': 0, 'ALUOp': 'ADD', 'ImmSel': 'I', 'BrType': None, 'IsNOP': 0}, 'd': {'instr': 1278867, 'opcode': 19, 'rd': 7, 'funct3': 0, 'rs1': 7, 'rs2': 1, 'funct7': 0, 'imm_I': 1, 'imm_S': 7, 'imm_B': 2054, 'imm_U': 1277952, 'imm_J': 231424}, 'rd': 7, 'alu_res': 9, 'rs2_val_fwd': 0, 'mem_addr': 9, 'branch_taken': 0, 'next_pc': 0, 'wb_val_for_jumps': 56}
MEM/WB Reg = {'valid': 0, 'pc_plus4': 0, 'c': None, 'd': None, 'rd': 0, 'alu_res': 0, 'mem_data': 0, 'wb_val_for_jumps': 0}

Cycle 214
PC = 52
Stall Flag = False
Flush Flag = True
IF/ID Reg = {'valid': 0, 'pc': 0, 'instr': 0}
ID/EX Reg = {'valid': 0, 'pc': 60, 'pc_plus4': 64, 'd': {'instr': 1213075, 'opcode': 19, 'rd': 5, 'funct3': 0, 'rs1': 5, 'rs2': 1, 'funct7': 0, 'imm_I': 1, 'imm_S': 5, 'imm_B': 2052, 'imm_U': 1212416, 'imm_J': 165888}, 'c': {'RegWrite': 1, 'MemRead': 0, 'MemWrite': 0, 'MemToReg': 0, 'ALUSrc': 1, 'Branch': 0, 'Jump': 0, 'JumpReg': 0, 'ALUOp': 'ADD', 'ImmSel': 'I', 'BrType': None, 'IsNOP': 0}, 'imm': 1, 'rs1': 5, 'rs2': 1, 'rd': 5, 'rs1_val': 3, 'rs2_val': 0, 'alu_op': 'ADD'}
EX/MEM Reg = {'valid': 1, 'pc_plus4': 60, 'c': {'RegWrite': 0, 'MemRead': 0, 'MemWrite': 0, 'MemToReg': 0, 'ALUSrc': 0, 'Branch': 1, 'Jump': 0, 'JumpReg': 0, 'ALUOp': 'SUB', 'ImmSel': 'B', 'BrType': 'blt', 'IsNOP': 0}, 'd': {'instr': 4267953891, 'opcode': 99, 'rd': 29, 'funct3': 4, 'rs1': 7, 'rs2': 6, 'funct7': 127, 'imm_I': -26, 'imm_S': -3, 'imm_B': -4, 'imm_U': 4267950080, 'imm_J': -800794}, 'rd': 29, 'alu_res': 4294967295, 'rs2_val_fwd': 10, 'mem_addr': 4294967295, 'branch_taken': 0, 'next_pc': 0, 'wb_val_for_jumps': 60}
MEM/WB Reg = {'valid': 1, 'pc_plus4': 56, 'c': {'RegWrite': 1, 'MemRead': 0, 'MemWrite': 0, 'MemToReg': 0, 'ALUSrc': 1, 'Branch': 0, 'Jump': 0, 'JumpReg': 0, 'ALUOp': 'ADD', 'ImmSel': 'I', 'BrType': None, 'IsNOP': 0}, 'd': {'instr': 1278867, 'opcode': 19, 'rd': 7, 'funct3': 0, 'rs1': 7, 'rs2': 1, 'funct7': 0, 'imm_I': 1, 'imm_S': 7, 'imm_B': 2054, 'imm_U': 1277952, 'imm_J': 231424}, 'rd': 7, 'alu_res': 9, 'mem_data': 0, 'wb_val_for_jumps': 56}

Cycle 215
PC = 56
Stall Flag = False
Flush Flag = False
IF/ID Reg = {'valid': 1, 'pc': 52, 'instr': 1278867}
ID/EX Reg = {'valid': 0, 'pc': 0, 'pc_plus4': 0, 'd': None, 'c': None, 'imm': 0, 'rs1': 0, 'rs2': 0, 'rd': 0, 'rs1_val': 0, 'rs2_val': 0, 'alu_op': 'ADD'}
EX/MEM Reg = {'valid': 0, 'pc_plus4': 0, 'c': None, 'd': None, 'rd': 0, 'alu_res': 0, 'rs2_val_fwd': 0, 'mem_addr': 0, 'branch_taken': 0, 'next_pc': 0, 'wb_val_for_jumps': 0}
MEM/WB Reg = {'valid': 1, 'pc_plus4': 60, 'c': {'RegWrite': 0, 'MemRead': 0, 'MemWrite': 0, 'MemToReg': 0, 'ALUSrc': 0, 'Branch': 1, 'Jump': 0, 'JumpReg': 0, 'ALUOp': 'SUB', 'ImmSel': 'B', 'BrType': 'blt', 'IsNOP': 0}, 'd': {'instr': 4267953891, 'opcode': 99, 'rd': 29, 'funct3': 4, 'rs1': 7, 'rs2': 6, 'funct7': 127, 'imm_I': -26, 'imm_S': -3, 'imm_B': -4, 'imm_U': 4267950080, 'imm_J': -800794}, 'rd': 29, 'alu_res': 4294967295, 'mem_data': 0, 'wb_val_for_jumps': 60}

Cycle 216
PC = 60
Stall Flag = False
Flush Flag = False
IF/ID Reg = {'valid': 1, 'pc': 56, 'instr': 4267953891}
ID/EX Reg = {'valid': 1, 'pc': 52, 'pc_plus4': 56, 'd': {'instr': 1278867, 'opcode': 19, 'rd': 7, 'funct3': 0, 'rs1': 7, 'rs2': 1, 'funct7': 0, 'imm_I': 1, 'imm_S': 7, 'imm_B': 2054, 'imm_U': 1277952, 'imm_J': 231424}, 'c': {'RegWrite': 1, 'MemRead': 0, 'MemWrite': 0, 'MemToReg': 0, 'ALUSrc': 1, 'Branch': 0, 'Jump': 0, 'JumpReg': 0, 'ALUOp': 'ADD', 'ImmSel': 'I', 'BrType': None, 'IsNOP': 0}, 'imm': 1, 'rs1': 7, 'rs2': 1, 'rd': 7, 'rs1_val': 9, 'rs2_val': 0, 'alu_op': 'ADD'}
EX/MEM Reg = {'valid': 0, 'pc_plus4': 0, 'c': None, 'd': None, 'rd': 0, 'alu_res': 0, 'rs2_val_fwd': 0, 'mem_addr': 0, 'branch_taken': 0, 'next_pc': 0, 'wb_val_for_jumps': 0}
MEM/WB Reg = {'valid': 0, 'pc_plus4': 0, 'c': None, 'd': None, 'rd': 0, 'alu_res': 0, 'mem_data': 0, 'wb_val_for_jumps': 0}

Cycle 217
PC = 64
Stall Flag = False
Flush Flag = False
IF/ID Reg = {'valid': 1, 'pc': 60, 'instr': 1213075}
ID/EX Reg = {'valid': 1, 'pc': 56, 'pc_plus4': 60, 'd': {'instr': 4267953891, 'opcode': 99, 'rd': 29, 'funct3': 4, 'rs1': 7, 'rs2': 6, 'funct7': 127, 'imm_I': -26, 'imm_S': -3, 'imm_B': -4, 'imm_U': 4267950080, 'imm_J': -800794}, 'c': {'RegWrite': 0, 'MemRead': 0, 'MemWrite': 0, 'MemToReg': 0, 'ALUSrc': 0, 'Branch': 1, 'Jump': 0, 'JumpReg': 0, 'ALUOp': 'SUB', 'ImmSel': 'B', 'BrType': 'blt', 'IsNOP': 0}, 'imm': -4, 'rs1': 7, 'rs2': 6, 'rd': 29, 'rs1_val': 9, 'rs2_val': 10, 'alu_op': 'SUB'}
EX/MEM Reg = {'valid': 1, 'pc_plus4': 56, 'c': {'RegWrite': 1, 'MemRead': 0, 'MemWrite': 0, 'MemToReg': 0, 'ALUSrc': 1, 'Branch': 0, 'Jump': 0, 'JumpReg': 0, 'ALUOp': 'ADD', 'ImmSel': 'I', 'BrType': None, 'IsNOP': 0}, 'd': {'instr': 1278867, 'opcode': 19, 'rd': 7, 'funct3': 0, 'rs1': 7, 'rs2': 1, 'funct7': 0, 'imm_I': 1, 'imm_S': 7, 'imm_B': 2054, 'imm_U': 1277952, 'imm_J': 231424}, 'rd': 7, 'alu_res': 10, 'rs2_val_fwd': 0, 'mem_addr': 10, 'branch_taken': 0, 'next_pc': 0, 'wb_val_for_jumps': 56}
MEM/WB Reg = {'valid': 0, 'pc_plus4': 0, 'c': None, 'd': None, 'rd': 0, 'alu_res': 0, 'mem_data': 0, 'wb_val_for_jumps': 0}

Cycle 218
PC = 68
Stall Flag = False
Flush Flag = False
IF/ID Reg = {'valid': 1, 'pc': 64, 'instr': 4267886819}
ID/EX Reg = {'valid': 1, 'pc': 60, 'pc_plus4': 64, 'd': {'instr': 1213075, 'opcode': 19, 'rd': 5, 'funct3': 0, 'rs1': 5, 'rs2': 1, 'funct7': 0, 'imm_I': 1, 'imm_S': 5, 'imm_B': 2052, 'imm_U': 1212416, 'imm_J': 165888}, 'c': {'RegWrite': 1, 'MemRead': 0, 'MemWrite': 0, 'MemToReg': 0, 'ALUSrc': 1, 'Branch': 0, 'Jump': 0, 'JumpReg': 0, 'ALUOp': 'ADD', 'ImmSel': 'I', 'BrType': None, 'IsNOP': 0}, 'imm': 1, 'rs1': 5, 'rs2': 1, 'rd': 5, 'rs1_val': 3, 'rs2_val': 0, 'alu_op': 'ADD'}
EX/MEM Reg = {'valid': 1, 'pc_plus4': 60, 'c': {'RegWrite': 0, 'MemRead': 0, 'MemWrite': 0, 'MemToReg': 0, 'ALUSrc': 0, 'Branch': 1, 'Jump': 0, 'JumpReg': 0, 'ALUOp': 'SUB', 'ImmSel': 'B', 'BrType': 'blt', 'IsNOP': 0}, 'd': {'instr': 4267953891, 'opcode': 99, 'rd': 29, 'funct3': 4, 'rs1': 7, 'rs2': 6, 'funct7': 127, 'imm_I': -26, 'imm_S': -3, 'imm_B': -4, 'imm_U': 4267950080, 'imm_J': -800794}, 'rd': 29, 'alu_res': 0, 'rs2_val_fwd': 10, 'mem_addr': 0, 'branch_taken': 0, 'next_pc': 0, 'wb_val_for_jumps': 60}
MEM/WB Reg = {'valid': 1, 'pc_plus4': 56, 'c': {'RegWrite': 1, 'MemRead': 0, 'MemWrite': 0, 'MemToReg': 0, 'ALUSrc': 1, 'Branch': 0, 'Jump': 0, 'JumpReg': 0, 'ALUOp': 'ADD', 'ImmSel': 'I', 'BrType': None, 'IsNOP': 0}, 'd': {'instr': 1278867, 'opcode': 19, 'rd': 7, 'funct3': 0, 'rs1': 7, 'rs2': 1, 'funct7': 0, 'imm_I': 1, 'imm_S': 7, 'imm_B': 2054, 'imm_U': 1277952, 'imm_J': 231424}, 'rd': 7, 'alu_res': 10, 'mem_data': 0, 'wb_val_for_jumps': 56}

Cycle 219
PC = 72
Stall Flag = False
Flush Flag = False
IF/ID Reg = {'valid': 1, 'pc': 68, 'instr': 1049235}
ID/EX Reg = {'valid': 1, 'pc': 64, 'pc_plus4': 68, 'd': {'instr': 4267886819, 'opcode': 99, 'rd': 17, 'funct3': 4, 'rs1': 5, 'rs2': 6, 'funct7': 127, 'imm_I': -26, 'imm_S': -15, 'imm_B': -16, 'imm_U': 4267884544, 'imm_J': -866330}, 'c': {'RegWrite': 0, 'MemRead': 0, 'MemWrite': 0, 'MemToReg': 0, 'ALUSrc': 0, 'Branch': 1, 'Jump': 0, 'JumpReg': 0, 'ALUOp': 'SUB', 'ImmSel': 'B', 'BrType': 'blt', 'IsNOP': 0}, 'imm': -16, 'rs1': 5, 'rs2': 6, 'rd': 17, 'rs1_val': 3, 'rs2_val': 10, 'alu_op': 'SUB'}
EX/MEM Reg = {'valid': 1, 'pc_plus4': 64, 'c': {'RegWrite': 1, 'MemRead': 0, 'MemWrite': 0, 'MemToReg': 0, 'ALUSrc': 1, 'Branch': 0, 'Jump': 0, 'JumpReg': 0, 'ALUOp': 'ADD', 'ImmSel': 'I', 'BrType': None, 'IsNOP': 0}, 'd': {'instr': 1213075, 'opcode': 19, 'rd': 5, 'funct3': 0, 'rs1': 5, 'rs2': 1, 'funct7': 0, 'imm_I': 1, 'imm_S': 5, 'imm_B': 2052, 'imm_U': 1212416, 'imm_J': 165888}, 'rd': 5, 'alu_res': 4, 'rs2_val_fwd': 0, 'mem_addr': 4, 'branch_taken': 0, 'next_pc': 0, 'wb_val_for_jumps': 64}
MEM/WB Reg = {'valid': 1, 'pc_plus4': 60, 'c': {'RegWrite': 0, 'MemRead': 0, 'MemWrite': 0, 'MemToReg': 0, 'ALUSrc': 0, 'Branch': 1, 'Jump': 0, 'JumpReg': 0, 'ALUOp': 'SUB', 'ImmSel': 'B', 'BrType': 'blt', 'IsNOP': 0}, 'd': {'instr': 4267953891, 'opcode': 99, 'rd': 29, 'funct3': 4, 'rs1': 7, 'rs2': 6, 'funct7': 127, 'imm_I': -26, 'imm_S': -3, 'imm_B': -4, 'imm_U': 4267950080, 'imm_J': -800794}, 'rd': 29, 'alu_res': 0, 'mem_data': 0, 'wb_val_for_jumps': 60}

Cycle 220
PC = 48
Stall Flag = False
Flush Flag = True
IF/ID Reg = {'valid': 0, 'pc': 0, 'instr': 0}
ID/EX Reg = {'valid': 0, 'pc': 68, 'pc_plus4': 72, 'd': {'instr': 1049235, 'opcode': 19, 'rd': 5, 'funct3': 0, 'rs1': 0, 'rs2': 1, 'funct7': 0, 'imm_I': 1, 'imm_S': 5, 'imm_B': 2052, 'imm_U': 1048576, 'imm_J': 2048}, 'c': {'RegWrite': 1, 'MemRead': 0, 'MemWrite': 0, 'MemToReg': 0, 'ALUSrc': 1, 'Branch': 0, 'Jump': 0, 'JumpReg': 0, 'ALUOp': 'ADD', 'ImmSel': 'I', 'BrType': None, 'IsNOP': 0}, 'imm': 1, 'rs1': 0, 'rs2': 1, 'rd': 5, 'rs1_val': 0, 'rs2_val': 0, 'alu_op': 'ADD'}
EX/MEM Reg = {'valid': 1, 'pc_plus4': 68, 'c': {'RegWrite': 0, 'MemRead': 0, 'MemWrite': 0, 'MemToReg': 0, 'ALUSrc': 0, 'Branch': 1, 'Jump': 0, 'JumpReg': 0, 'ALUOp': 'SUB', 'ImmSel': 'B', 'BrType': 'blt', 'IsNOP': 0}, 'd': {'instr': 4267886819, 'opcode': 99, 'rd': 17, 'funct3': 4, 'rs1': 5, 'rs2': 6, 'funct7': 127, 'imm_I': -26, 'imm_S': -15, 'imm_B': -16, 'imm_U': 4267884544, 'imm_J': -866330}, 'rd': 17, 'alu_res': 4294967290, 'rs2_val_fwd': 10, 'mem_addr': 4294967290, 'branch_taken': 0, 'next_pc': 0, 'wb_val_for_jumps': 68}
MEM/WB Reg = {'valid': 1, 'pc_plus4': 64, 'c': {'RegWrite': 1, 'MemRead': 0, 'MemWrite': 0, 'MemToReg': 0, 'ALUSrc': 1, 'Branch': 0, 'Jump': 0, 'JumpReg': 0, 'ALUOp': 'ADD', 'ImmSel': 'I', 'BrType': None, 'IsNOP': 0}, 'd': {'instr': 1213075, 'opcode': 19, 'rd': 5, 'funct3': 0, 'rs1': 5, 'rs2': 1, 'funct7': 0, 'imm_I': 1, 'imm_S': 5, 'imm_B': 2052, 'imm_U': 1212416, 'imm_J': 165888}, 'rd': 5, 'alu_res': 4, 'mem_data': 0, 'wb_val_for_jumps': 64}

Cycle 221
PC = 52
Stall Flag = False
Flush Flag = False
IF/ID Reg = {'valid': 1, 'pc': 48, 'instr': 915}
ID/EX Reg = {'valid': 0, 'pc': 0, 'pc_plus4': 0, 'd': None, 'c': None, 'imm': 0, 'rs1': 0, 'rs2': 0, 'rd': 0, 'rs1_val': 0, 'rs2_val': 0, 'alu_op': 'ADD'}
EX/MEM Reg = {'valid': 0, 'pc_plus4': 0, 'c': None, 'd': None, 'rd': 0, 'alu_res': 0, 'rs2_val_fwd': 0, 'mem_addr': 0, 'branch_taken': 0, 'next_pc': 0, 'wb_val_for_jumps': 0}
MEM/WB Reg = {'valid': 1, 'pc_plus4': 68, 'c': {'RegWrite': 0, 'MemRead': 0, 'MemWrite': 0, 'MemToReg': 0, 'ALUSrc': 0, 'Branch': 1, 'Jump': 0, 'JumpReg': 0, 'ALUOp': 'SUB', 'ImmSel': 'B', 'BrType': 'blt', 'IsNOP': 0}, 'd': {'instr': 4267886819, 'opcode': 99, 'rd': 17, 'funct3': 4, 'rs1': 5, 'rs2': 6, 'funct7': 127, 'imm_I': -26, 'imm_S': -15, 'imm_B': -16, 'imm_U': 4267884544, 'imm_J': -866330}, 'rd': 17, 'alu_res': 4294967290, 'mem_data': 0, 'wb_val_for_jumps': 68}

Cycle 222
PC = 56
Stall Flag = False
Flush Flag = False
IF/ID Reg = {'valid': 1, 'pc': 52, 'instr': 1278867}
ID/EX Reg = {'valid': 1, 'pc': 48, 'pc_plus4': 52, 'd': {'instr': 915, 'opcode': 19, 'rd': 7, 'funct3': 0, 'rs1': 0, 'rs2': 0, 'funct7': 0, 'imm_I': 0, 'imm_S': 7, 'imm_B': 2054, 'imm_U': 0, 'imm_J': 0}, 'c': {'RegWrite': 1, 'MemRead': 0, 'MemWrite': 0, 'MemToReg': 0, 'ALUSrc': 1, 'Branch': 0, 'Jump': 0, 'JumpReg': 0, 'ALUOp': 'ADD', 'ImmSel': 'I', 'BrType': None, 'IsNOP': 0}, 'imm': 0, 'rs1': 0, 'rs2': 0, 'rd': 7, 'rs1_val': 0, 'rs2_val': 0, 'alu_op': 'ADD'}
EX/MEM Reg = {'valid': 0, 'pc_plus4': 0, 'c': None, 'd': None, 'rd': 0, 'alu_res': 0, 'rs2_val_fwd': 0, 'mem_addr': 0, 'branch_taken': 0, 'next_pc': 0, 'wb_val_for_jumps': 0}
MEM/WB Reg = {'valid': 0, 'pc_plus4': 0, 'c': None, 'd': None, 'rd': 0, 'alu_res': 0, 'mem_data': 0, 'wb_val_for_jumps': 0}

Cycle 223
PC = 60
Stall Flag = False
Flush Flag = False
IF/ID Reg = {'valid': 1, 'pc': 56, 'instr': 4267953891}
ID/EX Reg = {'valid': 1, 'pc': 52, 'pc_plus4': 56, 'd': {'instr': 1278867, 'opcode': 19, 'rd': 7, 'funct3': 0, 'rs1': 7, 'rs2': 1, 'funct7': 0, 'imm_I': 1, 'imm_S': 7, 'imm_B': 2054, 'imm_U': 1277952, 'imm_J': 231424}, 'c': {'RegWrite': 1, 'MemRead': 0, 'MemWrite': 0, 'MemToReg': 0, 'ALUSrc': 1, 'Branch': 0, 'Jump': 0, 'JumpReg': 0, 'ALUOp': 'ADD', 'ImmSel': 'I', 'BrType': None, 'IsNOP': 0}, 'imm': 1, 'rs1': 7, 'rs2': 1, 'rd': 7, 'rs1_val': 10, 'rs2_val': 0, 'alu_op': 'ADD'}
EX/MEM Reg = {'valid': 1, 'pc_plus4': 52, 'c': {'RegWrite': 1, 'MemRead': 0, 'MemWrite': 0, 'MemToReg': 0, 'ALUSrc': 1, 'Branch': 0, 'Jump': 0, 'JumpReg': 0, 'ALUOp': 'ADD', 'ImmSel': 'I', 'BrType': None, 'IsNOP': 0}, 'd': {'instr': 915, 'opcode': 19, 'rd': 7, 'funct3': 0, 'rs1': 0, 'rs2': 0, 'funct7': 0, 'imm_I': 0, 'imm_S': 7, 'imm_B': 2054, 'imm_U': 0, 'imm_J': 0}, 'rd': 7, 'alu_res': 0, 'rs2_val_fwd': 0, 'mem_addr': 0, 'branch_taken': 0, 'next_pc': 0, 'wb_val_for_jumps': 52}
MEM/WB Reg = {'valid': 0, 'pc_plus4': 0, 'c': None, 'd': None, 'rd': 0, 'alu_res': 0, 'mem_data': 0, 'wb_val_for_jumps': 0}

Cycle 224
PC = 64
Stall Flag = False
Flush Flag = False
IF/ID Reg = {'valid': 1, 'pc': 60, 'instr': 1213075}
ID/EX Reg = {'valid': 1, 'pc': 56, 'pc_plus4': 60, 'd': {'instr': 4267953891, 'opcode': 99, 'rd': 29, 'funct3': 4, 'rs1': 7, 'rs2': 6, 'funct7': 127, 'imm_I': -26, 'imm_S': -3, 'imm_B': -4, 'imm_U': 4267950080, 'imm_J': -800794}, 'c': {'RegWrite': 0, 'MemRead': 0, 'MemWrite': 0, 'MemToReg': 0, 'ALUSrc': 0, 'Branch': 1, 'Jump': 0, 'JumpReg': 0, 'ALUOp': 'SUB', 'ImmSel': 'B', 'BrType': 'blt', 'IsNOP': 0}, 'imm': -4, 'rs1': 7, 'rs2': 6, 'rd': 29, 'rs1_val': 10, 'rs2_val': 10, 'alu_op': 'SUB'}
EX/MEM Reg = {'valid': 1, 'pc_plus4': 56, 'c': {'RegWrite': 1, 'MemRead': 0, 'MemWrite': 0, 'MemToReg': 0, 'ALUSrc': 1, 'Branch': 0, 'Jump': 0, 'JumpReg': 0, 'ALUOp': 'ADD', 'ImmSel': 'I', 'BrType': None, 'IsNOP': 0}, 'd': {'instr': 1278867, 'opcode': 19, 'rd': 7, 'funct3': 0, 'rs1': 7, 'rs2': 1, 'funct7': 0, 'imm_I': 1, 'imm_S': 7, 'imm_B': 2054, 'imm_U': 1277952, 'imm_J': 231424}, 'rd': 7, 'alu_res': 1, 'rs2_val_fwd': 0, 'mem_addr': 1, 'branch_taken': 0, 'next_pc': 0, 'wb_val_for_jumps': 56}
MEM/WB Reg = {'valid': 1, 'pc_plus4': 52, 'c': {'RegWrite': 1, 'MemRead': 0, 'MemWrite': 0, 'MemToReg': 0, 'ALUSrc': 1, 'Branch': 0, 'Jump': 0, 'JumpReg': 0, 'ALUOp': 'ADD', 'ImmSel': 'I', 'BrType': None, 'IsNOP': 0}, 'd': {'instr': 915, 'opcode': 19, 'rd': 7, 'funct3': 0, 'rs1': 0, 'rs2': 0, 'funct7': 0, 'imm_I': 0, 'imm_S': 7, 'imm_B': 2054, 'imm_U': 0, 'imm_J': 0}, 'rd': 7, 'alu_res': 0, 'mem_data': 0, 'wb_val_for_jumps': 52}

Cycle 225
PC = 52
Stall Flag = False
Flush Flag = True
IF/ID Reg = {'valid': 0, 'pc': 0, 'instr': 0}
ID/EX Reg = {'valid': 0, 'pc': 60, 'pc_plus4': 64, 'd': {'instr': 1213075, 'opcode': 19, 'rd': 5, 'funct3': 0, 'rs1': 5, 'rs2': 1, 'funct7': 0, 'imm_I': 1, 'imm_S': 5, 'imm_B': 2052, 'imm_U': 1212416, 'imm_J': 165888}, 'c': {'RegWrite': 1, 'MemRead': 0, 'MemWrite': 0, 'MemToReg': 0, 'ALUSrc': 1, 'Branch': 0, 'Jump': 0, 'JumpReg': 0, 'ALUOp': 'ADD', 'ImmSel': 'I', 'BrType': None, 'IsNOP': 0}, 'imm': 1, 'rs1': 5, 'rs2': 1, 'rd': 5, 'rs1_val': 4, 'rs2_val': 0, 'alu_op': 'ADD'}
EX/MEM Reg = {'valid': 1, 'pc_plus4': 60, 'c': {'RegWrite': 0, 'MemRead': 0, 'MemWrite': 0, 'MemToReg': 0, 'ALUSrc': 0, 'Branch': 1, 'Jump': 0, 'JumpReg': 0, 'ALUOp': 'SUB', 'ImmSel': 'B', 'BrType': 'blt', 'IsNOP': 0}, 'd': {'instr': 4267953891, 'opcode': 99, 'rd': 29, 'funct3': 4, 'rs1': 7, 'rs2': 6, 'funct7': 127, 'imm_I': -26, 'imm_S': -3, 'imm_B': -4, 'imm_U': 4267950080, 'imm_J': -800794}, 'rd': 29, 'alu_res': 4294967287, 'rs2_val_fwd': 10, 'mem_addr': 4294967287, 'branch_taken': 0, 'next_pc': 0, 'wb_val_for_jumps': 60}
MEM/WB Reg = {'valid': 1, 'pc_plus4': 56, 'c': {'RegWrite': 1, 'MemRead': 0, 'MemWrite': 0, 'MemToReg': 0, 'ALUSrc': 1, 'Branch': 0, 'Jump': 0, 'JumpReg': 0, 'ALUOp': 'ADD', 'ImmSel': 'I', 'BrType': None, 'IsNOP': 0}, 'd': {'instr': 1278867, 'opcode': 19, 'rd': 7, 'funct3': 0, 'rs1': 7, 'rs2': 1, 'funct7': 0, 'imm_I': 1, 'imm_S': 7, 'imm_B': 2054, 'imm_U': 1277952, 'imm_J': 231424}, 'rd': 7, 'alu_res': 1, 'mem_data': 0, 'wb_val_for_jumps': 56}

Cycle 226
PC = 56
Stall Flag = False
Flush Flag = False
IF/ID Reg = {'valid': 1, 'pc': 52, 'instr': 1278867}
ID/EX Reg = {'valid': 0, 'pc': 0, 'pc_plus4': 0, 'd': None, 'c': None, 'imm': 0, 'rs1': 0, 'rs2': 0, 'rd': 0, 'rs1_val': 0, 'rs2_val': 0, 'alu_op': 'ADD'}
EX/MEM Reg = {'valid': 0, 'pc_plus4': 0, 'c': None, 'd': None, 'rd': 0, 'alu_res': 0, 'rs2_val_fwd': 0, 'mem_addr': 0, 'branch_taken': 0, 'next_pc': 0, 'wb_val_for_jumps': 0}
MEM/WB Reg = {'valid': 1, 'pc_plus4': 60, 'c': {'RegWrite': 0, 'MemRead': 0, 'MemWrite': 0, 'MemToReg': 0, 'ALUSrc': 0, 'Branch': 1, 'Jump': 0, 'JumpReg': 0, 'ALUOp': 'SUB', 'ImmSel': 'B', 'BrType': 'blt', 'IsNOP': 0}, 'd': {'instr': 4267953891, 'opcode': 99, 'rd': 29, 'funct3': 4, 'rs1': 7, 'rs2': 6, 'funct7': 127, 'imm_I': -26, 'imm_S': -3, 'imm_B': -4, 'imm_U': 4267950080, 'imm_J': -800794}, 'rd': 29, 'alu_res': 4294967287, 'mem_data': 0, 'wb_val_for_jumps': 60}

Cycle 227
PC = 60
Stall Flag = False
Flush Flag = False
IF/ID Reg = {'valid': 1, 'pc': 56, 'instr': 4267953891}
ID/EX Reg = {'valid': 1, 'pc': 52, 'pc_plus4': 56, 'd': {'instr': 1278867, 'opcode': 19, 'rd': 7, 'funct3': 0, 'rs1': 7, 'rs2': 1, 'funct7': 0, 'imm_I': 1, 'imm_S': 7, 'imm_B': 2054, 'imm_U': 1277952, 'imm_J': 231424}, 'c': {'RegWrite': 1, 'MemRead': 0, 'MemWrite': 0, 'MemToReg': 0, 'ALUSrc': 1, 'Branch': 0, 'Jump': 0, 'JumpReg': 0, 'ALUOp': 'ADD', 'ImmSel': 'I', 'BrType': None, 'IsNOP': 0}, 'imm': 1, 'rs1': 7, 'rs2': 1, 'rd': 7, 'rs1_val': 1, 'rs2_val': 0, 'alu_op': 'ADD'}
EX/MEM Reg = {'valid': 0, 'pc_plus4': 0, 'c': None, 'd': None, 'rd': 0, 'alu_res': 0, 'rs2_val_fwd': 0, 'mem_addr': 0, 'branch_taken': 0, 'next_pc': 0, 'wb_val_for_jumps': 0}
MEM/WB Reg = {'valid': 0, 'pc_plus4': 0, 'c': None, 'd': None, 'rd': 0, 'alu_res': 0, 'mem_data': 0, 'wb_val_for_jumps': 0}

Cycle 228
PC = 64
Stall Flag = False
Flush Flag = False
IF/ID Reg = {'valid': 1, 'pc': 60, 'instr': 1213075}
ID/EX Reg = {'valid': 1, 'pc': 56, 'pc_plus4': 60, 'd': {'instr': 4267953891, 'opcode': 99, 'rd': 29, 'funct3': 4, 'rs1': 7, 'rs2': 6, 'funct7': 127, 'imm_I': -26, 'imm_S': -3, 'imm_B': -4, 'imm_U': 4267950080, 'imm_J': -800794}, 'c': {'RegWrite': 0, 'MemRead': 0, 'MemWrite': 0, 'MemToReg': 0, 'ALUSrc': 0, 'Branch': 1, 'Jump': 0, 'JumpReg': 0, 'ALUOp': 'SUB', 'ImmSel': 'B', 'BrType': 'blt', 'IsNOP': 0}, 'imm': -4, 'rs1': 7, 'rs2': 6, 'rd': 29, 'rs1_val': 1, 'rs2_val': 10, 'alu_op': 'SUB'}
EX/MEM Reg = {'valid': 1, 'pc_plus4': 56, 'c': {'RegWrite': 1, 'MemRead': 0, 'MemWrite': 0, 'MemToReg': 0, 'ALUSrc': 1, 'Branch': 0, 'Jump': 0, 'JumpReg': 0, 'ALUOp': 'ADD', 'ImmSel': 'I', 'BrType': None, 'IsNOP': 0}, 'd': {'instr': 1278867, 'opcode': 19, 'rd': 7, 'funct3': 0, 'rs1': 7, 'rs2': 1, 'funct7': 0, 'imm_I': 1, 'imm_S': 7, 'imm_B': 2054, 'imm_U': 1277952, 'imm_J': 231424}, 'rd': 7, 'alu_res': 2, 'rs2_val_fwd': 0, 'mem_addr': 2, 'branch_taken': 0, 'next_pc': 0, 'wb_val_for_jumps': 56}
MEM/WB Reg = {'valid': 0, 'pc_plus4': 0, 'c': None, 'd': None, 'rd': 0, 'alu_res': 0, 'mem_data': 0, 'wb_val_for_jumps': 0}

Cycle 229
PC = 52
Stall Flag = False
Flush Flag = True
IF/ID Reg = {'valid': 0, 'pc': 0, 'instr': 0}
ID/EX Reg = {'valid': 0, 'pc': 60, 'pc_plus4': 64, 'd': {'instr': 1213075, 'opcode': 19, 'rd': 5, 'funct3': 0, 'rs1': 5, 'rs2': 1, 'funct7': 0, 'imm_I': 1, 'imm_S': 5, 'imm_B': 2052, 'imm_U': 1212416, 'imm_J': 165888}, 'c': {'RegWrite': 1, 'MemRead': 0, 'MemWrite': 0, 'MemToReg': 0, 'ALUSrc': 1, 'Branch': 0, 'Jump': 0, 'JumpReg': 0, 'ALUOp': 'ADD', 'ImmSel': 'I', 'BrType': None, 'IsNOP': 0}, 'imm': 1, 'rs1': 5, 'rs2': 1, 'rd': 5, 'rs1_val': 4, 'rs2_val': 0, 'alu_op': 'ADD'}
EX/MEM Reg = {'valid': 1, 'pc_plus4': 60, 'c': {'RegWrite': 0, 'MemRead': 0, 'MemWrite': 0, 'MemToReg': 0, 'ALUSrc': 0, 'Branch': 1, 'Jump': 0, 'JumpReg': 0, 'ALUOp': 'SUB', 'ImmSel': 'B', 'BrType': 'blt', 'IsNOP': 0}, 'd': {'instr': 4267953891, 'opcode': 99, 'rd': 29, 'funct3': 4, 'rs1': 7, 'rs2': 6, 'funct7': 127, 'imm_I': -26, 'imm_S': -3, 'imm_B': -4, 'imm_U': 4267950080, 'imm_J': -800794}, 'rd': 29, 'alu_res': 4294967288, 'rs2_val_fwd': 10, 'mem_addr': 4294967288, 'branch_taken': 0, 'next_pc': 0, 'wb_val_for_jumps': 60}
MEM/WB Reg = {'valid': 1, 'pc_plus4': 56, 'c': {'RegWrite': 1, 'MemRead': 0, 'MemWrite': 0, 'MemToReg': 0, 'ALUSrc': 1, 'Branch': 0, 'Jump': 0, 'JumpReg': 0, 'ALUOp': 'ADD', 'ImmSel': 'I', 'BrType': None, 'IsNOP': 0}, 'd': {'instr': 1278867, 'opcode': 19, 'rd': 7, 'funct3': 0, 'rs1': 7, 'rs2': 1, 'funct7': 0, 'imm_I': 1, 'imm_S': 7, 'imm_B': 2054, 'imm_U': 1277952, 'imm_J': 231424}, 'rd': 7, 'alu_res': 2, 'mem_data': 0, 'wb_val_for_jumps': 56}

Cycle 230
PC = 56
Stall Flag = False
Flush Flag = False
IF/ID Reg = {'valid': 1, 'pc': 52, 'instr': 1278867}
ID/EX Reg = {'valid': 0, 'pc': 0, 'pc_plus4': 0, 'd': None, 'c': None, 'imm': 0, 'rs1': 0, 'rs2': 0, 'rd': 0, 'rs1_val': 0, 'rs2_val': 0, 'alu_op': 'ADD'}
EX/MEM Reg = {'valid': 0, 'pc_plus4': 0, 'c': None, 'd': None, 'rd': 0, 'alu_res': 0, 'rs2_val_fwd': 0, 'mem_addr': 0, 'branch_taken': 0, 'next_pc': 0, 'wb_val_for_jumps': 0}
MEM/WB Reg = {'valid': 1, 'pc_plus4': 60, 'c': {'RegWrite': 0, 'MemRead': 0, 'MemWrite': 0, 'MemToReg': 0, 'ALUSrc': 0, 'Branch': 1, 'Jump': 0, 'JumpReg': 0, 'ALUOp': 'SUB', 'ImmSel': 'B', 'BrType': 'blt', 'IsNOP': 0}, 'd': {'instr': 4267953891, 'opcode': 99, 'rd': 29, 'funct3': 4, 'rs1': 7, 'rs2': 6, 'funct7': 127, 'imm_I': -26, 'imm_S': -3, 'imm_B': -4, 'imm_U': 4267950080, 'imm_J': -800794}, 'rd': 29, 'alu_res': 4294967288, 'mem_data': 0, 'wb_val_for_jumps': 60}

Cycle 231
PC = 60
Stall Flag = False
Flush Flag = False
IF/ID Reg = {'valid': 1, 'pc': 56, 'instr': 4267953891}
ID/EX Reg = {'valid': 1, 'pc': 52, 'pc_plus4': 56, 'd': {'instr': 1278867, 'opcode': 19, 'rd': 7, 'funct3': 0, 'rs1': 7, 'rs2': 1, 'funct7': 0, 'imm_I': 1, 'imm_S': 7, 'imm_B': 2054, 'imm_U': 1277952, 'imm_J': 231424}, 'c': {'RegWrite': 1, 'MemRead': 0, 'MemWrite': 0, 'MemToReg': 0, 'ALUSrc': 1, 'Branch': 0, 'Jump': 0, 'JumpReg': 0, 'ALUOp': 'ADD', 'ImmSel': 'I', 'BrType': None, 'IsNOP': 0}, 'imm': 1, 'rs1': 7, 'rs2': 1, 'rd': 7, 'rs1_val': 2, 'rs2_val': 0, 'alu_op': 'ADD'}
EX/MEM Reg = {'valid': 0, 'pc_plus4': 0, 'c': None, 'd': None, 'rd': 0, 'alu_res': 0, 'rs2_val_fwd': 0, 'mem_addr': 0, 'branch_taken': 0, 'next_pc': 0, 'wb_val_for_jumps': 0}
MEM/WB Reg = {'valid': 0, 'pc_plus4': 0, 'c': None, 'd': None, 'rd': 0, 'alu_res': 0, 'mem_data': 0, 'wb_val_for_jumps': 0}

Cycle 232
PC = 64
Stall Flag = False
Flush Flag = False
IF/ID Reg = {'valid': 1, 'pc': 60, 'instr': 1213075}
ID/EX Reg = {'valid': 1, 'pc': 56, 'pc_plus4': 60, 'd': {'instr': 4267953891, 'opcode': 99, 'rd': 29, 'funct3': 4, 'rs1': 7, 'rs2': 6, 'funct7': 127, 'imm_I': -26, 'imm_S': -3, 'imm_B': -4, 'imm_U': 4267950080, 'imm_J': -800794}, 'c': {'RegWrite': 0, 'MemRead': 0, 'MemWrite': 0, 'MemToReg': 0, 'ALUSrc': 0, 'Branch': 1, 'Jump': 0, 'JumpReg': 0, 'ALUOp': 'SUB', 'ImmSel': 'B', 'BrType': 'blt', 'IsNOP': 0}, 'imm': -4, 'rs1': 7, 'rs2': 6, 'rd': 29, 'rs1_val': 2, 'rs2_val': 10, 'alu_op': 'SUB'}
EX/MEM Reg = {'valid': 1, 'pc_plus4': 56, 'c': {'RegWrite': 1, 'MemRead': 0, 'MemWrite': 0, 'MemToReg': 0, 'ALUSrc': 1, 'Branch': 0, 'Jump': 0, 'JumpReg': 0, 'ALUOp': 'ADD', 'ImmSel': 'I', 'BrType': None, 'IsNOP': 0}, 'd': {'instr': 1278867, 'opcode': 19, 'rd': 7, 'funct3': 0, 'rs1': 7, 'rs2': 1, 'funct7': 0, 'imm_I': 1, 'imm_S': 7, 'imm_B': 2054, 'imm_U': 1277952, 'imm_J': 231424}, 'rd': 7, 'alu_res': 3, 'rs2_val_fwd': 0, 'mem_addr': 3, 'branch_taken': 0, 'next_pc': 0, 'wb_val_for_jumps': 56}
MEM/WB Reg = {'valid': 0, 'pc_plus4': 0, 'c': None, 'd': None, 'rd': 0, 'alu_res': 0, 'mem_data': 0, 'wb_val_for_jumps': 0}

Cycle 233
PC = 52
Stall Flag = False
Flush Flag = True
IF/ID Reg = {'valid': 0, 'pc': 0, 'instr': 0}
ID/EX Reg = {'valid': 0, 'pc': 60, 'pc_plus4': 64, 'd': {'instr': 1213075, 'opcode': 19, 'rd': 5, 'funct3': 0, 'rs1': 5, 'rs2': 1, 'funct7': 0, 'imm_I': 1, 'imm_S': 5, 'imm_B': 2052, 'imm_U': 1212416, 'imm_J': 165888}, 'c': {'RegWrite': 1, 'MemRead': 0, 'MemWrite': 0, 'MemToReg': 0, 'ALUSrc': 1, 'Branch': 0, 'Jump': 0, 'JumpReg': 0, 'ALUOp': 'ADD', 'ImmSel': 'I', 'BrType': None, 'IsNOP': 0}, 'imm': 1, 'rs1': 5, 'rs2': 1, 'rd': 5, 'rs1_val': 4, 'rs2_val': 0, 'alu_op': 'ADD'}
EX/MEM Reg = {'valid': 1, 'pc_plus4': 60, 'c': {'RegWrite': 0, 'MemRead': 0, 'MemWrite': 0, 'MemToReg': 0, 'ALUSrc': 0, 'Branch': 1, 'Jump': 0, 'JumpReg': 0, 'ALUOp': 'SUB', 'ImmSel': 'B', 'BrType': 'blt', 'IsNOP': 0}, 'd': {'instr': 4267953891, 'opcode': 99, 'rd': 29, 'funct3': 4, 'rs1': 7, 'rs2': 6, 'funct7': 127, 'imm_I': -26, 'imm_S': -3, 'imm_B': -4, 'imm_U': 4267950080, 'imm_J': -800794}, 'rd': 29, 'alu_res': 4294967289, 'rs2_val_fwd': 10, 'mem_addr': 4294967289, 'branch_taken': 0, 'next_pc': 0, 'wb_val_for_jumps': 60}
MEM/WB Reg = {'valid': 1, 'pc_plus4': 56, 'c': {'RegWrite': 1, 'MemRead': 0, 'MemWrite': 0, 'MemToReg': 0, 'ALUSrc': 1, 'Branch': 0, 'Jump': 0, 'JumpReg': 0, 'ALUOp': 'ADD', 'ImmSel': 'I', 'BrType': None, 'IsNOP': 0}, 'd': {'instr': 1278867, 'opcode': 19, 'rd': 7, 'funct3': 0, 'rs1': 7, 'rs2': 1, 'funct7': 0, 'imm_I': 1, 'imm_S': 7, 'imm_B': 2054, 'imm_U': 1277952, 'imm_J': 231424}, 'rd': 7, 'alu_res': 3, 'mem_data': 0, 'wb_val_for_jumps': 56}

Cycle 234
PC = 56
Stall Flag = False
Flush Flag = False
IF/ID Reg = {'valid': 1, 'pc': 52, 'instr': 1278867}
ID/EX Reg = {'valid': 0, 'pc': 0, 'pc_plus4': 0, 'd': None, 'c': None, 'imm': 0, 'rs1': 0, 'rs2': 0, 'rd': 0, 'rs1_val': 0, 'rs2_val': 0, 'alu_op': 'ADD'}
EX/MEM Reg = {'valid': 0, 'pc_plus4': 0, 'c': None, 'd': None, 'rd': 0, 'alu_res': 0, 'rs2_val_fwd': 0, 'mem_addr': 0, 'branch_taken': 0, 'next_pc': 0, 'wb_val_for_jumps': 0}
MEM/WB Reg = {'valid': 1, 'pc_plus4': 60, 'c': {'RegWrite': 0, 'MemRead': 0, 'MemWrite': 0, 'MemToReg': 0, 'ALUSrc': 0, 'Branch': 1, 'Jump': 0, 'JumpReg': 0, 'ALUOp': 'SUB', 'ImmSel': 'B', 'BrType': 'blt', 'IsNOP': 0}, 'd': {'instr': 4267953891, 'opcode': 99, 'rd': 29, 'funct3': 4, 'rs1': 7, 'rs2': 6, 'funct7': 127, 'imm_I': -26, 'imm_S': -3, 'imm_B': -4, 'imm_U': 4267950080, 'imm_J': -800794}, 'rd': 29, 'alu_res': 4294967289, 'mem_data': 0, 'wb_val_for_jumps': 60}

Cycle 235
PC = 60
Stall Flag = False
Flush Flag = False
IF/ID Reg = {'valid': 1, 'pc': 56, 'instr': 4267953891}
ID/EX Reg = {'valid': 1, 'pc': 52, 'pc_plus4': 56, 'd': {'instr': 1278867, 'opcode': 19, 'rd': 7, 'funct3': 0, 'rs1': 7, 'rs2': 1, 'funct7': 0, 'imm_I': 1, 'imm_S': 7, 'imm_B': 2054, 'imm_U': 1277952, 'imm_J': 231424}, 'c': {'RegWrite': 1, 'MemRead': 0, 'MemWrite': 0, 'MemToReg': 0, 'ALUSrc': 1, 'Branch': 0, 'Jump': 0, 'JumpReg': 0, 'ALUOp': 'ADD', 'ImmSel': 'I', 'BrType': None, 'IsNOP': 0}, 'imm': 1, 'rs1': 7, 'rs2': 1, 'rd': 7, 'rs1_val': 3, 'rs2_val': 0, 'alu_op': 'ADD'}
EX/MEM Reg = {'valid': 0, 'pc_plus4': 0, 'c': None, 'd': None, 'rd': 0, 'alu_res': 0, 'rs2_val_fwd': 0, 'mem_addr': 0, 'branch_taken': 0, 'next_pc': 0, 'wb_val_for_jumps': 0}
MEM/WB Reg = {'valid': 0, 'pc_plus4': 0, 'c': None, 'd': None, 'rd': 0, 'alu_res': 0, 'mem_data': 0, 'wb_val_for_jumps': 0}

Cycle 236
PC = 64
Stall Flag = False
Flush Flag = False
IF/ID Reg = {'valid': 1, 'pc': 60, 'instr': 1213075}
ID/EX Reg = {'valid': 1, 'pc': 56, 'pc_plus4': 60, 'd': {'instr': 4267953891, 'opcode': 99, 'rd': 29, 'funct3': 4, 'rs1': 7, 'rs2': 6, 'funct7': 127, 'imm_I': -26, 'imm_S': -3, 'imm_B': -4, 'imm_U': 4267950080, 'imm_J': -800794}, 'c': {'RegWrite': 0, 'MemRead': 0, 'MemWrite': 0, 'MemToReg': 0, 'ALUSrc': 0, 'Branch': 1, 'Jump': 0, 'JumpReg': 0, 'ALUOp': 'SUB', 'ImmSel': 'B', 'BrType': 'blt', 'IsNOP': 0}, 'imm': -4, 'rs1': 7, 'rs2': 6, 'rd': 29, 'rs1_val': 3, 'rs2_val': 10, 'alu_op': 'SUB'}
EX/MEM Reg = {'valid': 1, 'pc_plus4': 56, 'c': {'RegWrite': 1, 'MemRead': 0, 'MemWrite': 0, 'MemToReg': 0, 'ALUSrc': 1, 'Branch': 0, 'Jump': 0, 'JumpReg': 0, 'ALUOp': 'ADD', 'ImmSel': 'I', 'BrType': None, 'IsNOP': 0}, 'd': {'instr': 1278867, 'opcode': 19, 'rd': 7, 'funct3': 0, 'rs1': 7, 'rs2': 1, 'funct7': 0, 'imm_I': 1, 'imm_S': 7, 'imm_B': 2054, 'imm_U': 1277952, 'imm_J': 231424}, 'rd': 7, 'alu_res': 4, 'rs2_val_fwd': 0, 'mem_addr': 4, 'branch_taken': 0, 'next_pc': 0, 'wb_val_for_jumps': 56}
MEM/WB Reg = {'valid': 0, 'pc_plus4': 0, 'c': None, 'd': None, 'rd': 0, 'alu_res': 0, 'mem_data': 0, 'wb_val_for_jumps': 0}

Cycle 237
PC = 52
Stall Flag = False
Flush Flag = True
IF/ID Reg = {'valid': 0, 'pc': 0, 'instr': 0}
ID/EX Reg = {'valid': 0, 'pc': 60, 'pc_plus4': 64, 'd': {'instr': 1213075, 'opcode': 19, 'rd': 5, 'funct3': 0, 'rs1': 5, 'rs2': 1, 'funct7': 0, 'imm_I': 1, 'imm_S': 5, 'imm_B': 2052, 'imm_U': 1212416, 'imm_J': 165888}, 'c': {'RegWrite': 1, 'MemRead': 0, 'MemWrite': 0, 'MemToReg': 0, 'ALUSrc': 1, 'Branch': 0, 'Jump': 0, 'JumpReg': 0, 'ALUOp': 'ADD', 'ImmSel': 'I', 'BrType': None, 'IsNOP': 0}, 'imm': 1, 'rs1': 5, 'rs2': 1, 'rd': 5, 'rs1_val': 4, 'rs2_val': 0, 'alu_op': 'ADD'}
EX/MEM Reg = {'valid': 1, 'pc_plus4': 60, 'c': {'RegWrite': 0, 'MemRead': 0, 'MemWrite': 0, 'MemToReg': 0, 'ALUSrc': 0, 'Branch': 1, 'Jump': 0, 'JumpReg': 0, 'ALUOp': 'SUB', 'ImmSel': 'B', 'BrType': 'blt', 'IsNOP': 0}, 'd': {'instr': 4267953891, 'opcode': 99, 'rd': 29, 'funct3': 4, 'rs1': 7, 'rs2': 6, 'funct7': 127, 'imm_I': -26, 'imm_S': -3, 'imm_B': -4, 'imm_U': 4267950080, 'imm_J': -800794}, 'rd': 29, 'alu_res': 4294967290, 'rs2_val_fwd': 10, 'mem_addr': 4294967290, 'branch_taken': 0, 'next_pc': 0, 'wb_val_for_jumps': 60}
MEM/WB Reg = {'valid': 1, 'pc_plus4': 56, 'c': {'RegWrite': 1, 'MemRead': 0, 'MemWrite': 0, 'MemToReg': 0, 'ALUSrc': 1, 'Branch': 0, 'Jump': 0, 'JumpReg': 0, 'ALUOp': 'ADD', 'ImmSel': 'I', 'BrType': None, 'IsNOP': 0}, 'd': {'instr': 1278867, 'opcode': 19, 'rd': 7, 'funct3': 0, 'rs1': 7, 'rs2': 1, 'funct7': 0, 'imm_I': 1, 'imm_S': 7, 'imm_B': 2054, 'imm_U': 1277952, 'imm_J': 231424}, 'rd': 7, 'alu_res': 4, 'mem_data': 0, 'wb_val_for_jumps': 56}

Cycle 238
PC = 56
Stall Flag = False
Flush Flag = False
IF/ID Reg = {'valid': 1, 'pc': 52, 'instr': 1278867}
ID/EX Reg = {'valid': 0, 'pc': 0, 'pc_plus4': 0, 'd': None, 'c': None, 'imm': 0, 'rs1': 0, 'rs2': 0, 'rd': 0, 'rs1_val': 0, 'rs2_val': 0, 'alu_op': 'ADD'}
EX/MEM Reg = {'valid': 0, 'pc_plus4': 0, 'c': None, 'd': None, 'rd': 0, 'alu_res': 0, 'rs2_val_fwd': 0, 'mem_addr': 0, 'branch_taken': 0, 'next_pc': 0, 'wb_val_for_jumps': 0}
MEM/WB Reg = {'valid': 1, 'pc_plus4': 60, 'c': {'RegWrite': 0, 'MemRead': 0, 'MemWrite': 0, 'MemToReg': 0, 'ALUSrc': 0, 'Branch': 1, 'Jump': 0, 'JumpReg': 0, 'ALUOp': 'SUB', 'ImmSel': 'B', 'BrType': 'blt', 'IsNOP': 0}, 'd': {'instr': 4267953891, 'opcode': 99, 'rd': 29, 'funct3': 4, 'rs1': 7, 'rs2': 6, 'funct7': 127, 'imm_I': -26, 'imm_S': -3, 'imm_B': -4, 'imm_U': 4267950080, 'imm_J': -800794}, 'rd': 29, 'alu_res': 4294967290, 'mem_data': 0, 'wb_val_for_jumps': 60}

Cycle 239
PC = 60
Stall Flag = False
Flush Flag = False
IF/ID Reg = {'valid': 1, 'pc': 56, 'instr': 4267953891}
ID/EX Reg = {'valid': 1, 'pc': 52, 'pc_plus4': 56, 'd': {'instr': 1278867, 'opcode': 19, 'rd': 7, 'funct3': 0, 'rs1': 7, 'rs2': 1, 'funct7': 0, 'imm_I': 1, 'imm_S': 7, 'imm_B': 2054, 'imm_U': 1277952, 'imm_J': 231424}, 'c': {'RegWrite': 1, 'MemRead': 0, 'MemWrite': 0, 'MemToReg': 0, 'ALUSrc': 1, 'Branch': 0, 'Jump': 0, 'JumpReg': 0, 'ALUOp': 'ADD', 'ImmSel': 'I', 'BrType': None, 'IsNOP': 0}, 'imm': 1, 'rs1': 7, 'rs2': 1, 'rd': 7, 'rs1_val': 4, 'rs2_val': 0, 'alu_op': 'ADD'}
EX/MEM Reg = {'valid': 0, 'pc_plus4': 0, 'c': None, 'd': None, 'rd': 0, 'alu_res': 0, 'rs2_val_fwd': 0, 'mem_addr': 0, 'branch_taken': 0, 'next_pc': 0, 'wb_val_for_jumps': 0}
MEM/WB Reg = {'valid': 0, 'pc_plus4': 0, 'c': None, 'd': None, 'rd': 0, 'alu_res': 0, 'mem_data': 0, 'wb_val_for_jumps': 0}

Cycle 240
PC = 64
Stall Flag = False
Flush Flag = False
IF/ID Reg = {'valid': 1, 'pc': 60, 'instr': 1213075}
ID/EX Reg = {'valid': 1, 'pc': 56, 'pc_plus4': 60, 'd': {'instr': 4267953891, 'opcode': 99, 'rd': 29, 'funct3': 4, 'rs1': 7, 'rs2': 6, 'funct7': 127, 'imm_I': -26, 'imm_S': -3, 'imm_B': -4, 'imm_U': 4267950080, 'imm_J': -800794}, 'c': {'RegWrite': 0, 'MemRead': 0, 'MemWrite': 0, 'MemToReg': 0, 'ALUSrc': 0, 'Branch': 1, 'Jump': 0, 'JumpReg': 0, 'ALUOp': 'SUB', 'ImmSel': 'B', 'BrType': 'blt', 'IsNOP': 0}, 'imm': -4, 'rs1': 7, 'rs2': 6, 'rd': 29, 'rs1_val': 4, 'rs2_val': 10, 'alu_op': 'SUB'}
EX/MEM Reg = {'valid': 1, 'pc_plus4': 56, 'c': {'RegWrite': 1, 'MemRead': 0, 'MemWrite': 0, 'MemToReg': 0, 'ALUSrc': 1, 'Branch': 0, 'Jump': 0, 'JumpReg': 0, 'ALUOp': 'ADD', 'ImmSel': 'I', 'BrType': None, 'IsNOP': 0}, 'd': {'instr': 1278867, 'opcode': 19, 'rd': 7, 'funct3': 0, 'rs1': 7, 'rs2': 1, 'funct7': 0, 'imm_I': 1, 'imm_S': 7, 'imm_B': 2054, 'imm_U': 1277952, 'imm_J': 231424}, 'rd': 7, 'alu_res': 5, 'rs2_val_fwd': 0, 'mem_addr': 5, 'branch_taken': 0, 'next_pc': 0, 'wb_val_for_jumps': 56}
MEM/WB Reg = {'valid': 0, 'pc_plus4': 0, 'c': None, 'd': None, 'rd': 0, 'alu_res': 0, 'mem_data': 0, 'wb_val_for_jumps': 0}

Cycle 241
PC = 52
Stall Flag = False
Flush Flag = True
IF/ID Reg = {'valid': 0, 'pc': 0, 'instr': 0}
ID/EX Reg = {'valid': 0, 'pc': 60, 'pc_plus4': 64, 'd': {'instr': 1213075, 'opcode': 19, 'rd': 5, 'funct3': 0, 'rs1': 5, 'rs2': 1, 'funct7': 0, 'imm_I': 1, 'imm_S': 5, 'imm_B': 2052, 'imm_U': 1212416, 'imm_J': 165888}, 'c': {'RegWrite': 1, 'MemRead': 0, 'MemWrite': 0, 'MemToReg': 0, 'ALUSrc': 1, 'Branch': 0, 'Jump': 0, 'JumpReg': 0, 'ALUOp': 'ADD', 'ImmSel': 'I', 'BrType': None, 'IsNOP': 0}, 'imm': 1, 'rs1': 5, 'rs2': 1, 'rd': 5, 'rs1_val': 4, 'rs2_val': 0, 'alu_op': 'ADD'}
EX/MEM Reg = {'valid': 1, 'pc_plus4': 60, 'c': {'RegWrite': 0, 'MemRead': 0, 'MemWrite': 0, 'MemToReg': 0, 'ALUSrc': 0, 'Branch': 1, 'Jump': 0, 'JumpReg': 0, 'ALUOp': 'SUB', 'ImmSel': 'B', 'BrType': 'blt', 'IsNOP': 0}, 'd': {'instr': 4267953891, 'opcode': 99, 'rd': 29, 'funct3': 4, 'rs1': 7, 'rs2': 6, 'funct7': 127, 'imm_I': -26, 'imm_S': -3, 'imm_B': -4, 'imm_U': 4267950080, 'imm_J': -800794}, 'rd': 29, 'alu_res': 4294967291, 'rs2_val_fwd': 10, 'mem_addr': 4294967291, 'branch_taken': 0, 'next_pc': 0, 'wb_val_for_jumps': 60}
MEM/WB Reg = {'valid': 1, 'pc_plus4': 56, 'c': {'RegWrite': 1, 'MemRead': 0, 'MemWrite': 0, 'MemToReg': 0, 'ALUSrc': 1, 'Branch': 0, 'Jump': 0, 'JumpReg': 0, 'ALUOp': 'ADD', 'ImmSel': 'I', 'BrType': None, 'IsNOP': 0}, 'd': {'instr': 1278867, 'opcode': 19, 'rd': 7, 'funct3': 0, 'rs1': 7, 'rs2': 1, 'funct7': 0, 'imm_I': 1, 'imm_S': 7, 'imm_B': 2054, 'imm_U': 1277952, 'imm_J': 231424}, 'rd': 7, 'alu_res': 5, 'mem_data': 0, 'wb_val_for_jumps': 56}

Cycle 242
PC = 56
Stall Flag = False
Flush Flag = False
IF/ID Reg = {'valid': 1, 'pc': 52, 'instr': 1278867}
ID/EX Reg = {'valid': 0, 'pc': 0, 'pc_plus4': 0, 'd': None, 'c': None, 'imm': 0, 'rs1': 0, 'rs2': 0, 'rd': 0, 'rs1_val': 0, 'rs2_val': 0, 'alu_op': 'ADD'}
EX/MEM Reg = {'valid': 0, 'pc_plus4': 0, 'c': None, 'd': None, 'rd': 0, 'alu_res': 0, 'rs2_val_fwd': 0, 'mem_addr': 0, 'branch_taken': 0, 'next_pc': 0, 'wb_val_for_jumps': 0}
MEM/WB Reg = {'valid': 1, 'pc_plus4': 60, 'c': {'RegWrite': 0, 'MemRead': 0, 'MemWrite': 0, 'MemToReg': 0, 'ALUSrc': 0, 'Branch': 1, 'Jump': 0, 'JumpReg': 0, 'ALUOp': 'SUB', 'ImmSel': 'B', 'BrType': 'blt', 'IsNOP': 0}, 'd': {'instr': 4267953891, 'opcode': 99, 'rd': 29, 'funct3': 4, 'rs1': 7, 'rs2': 6, 'funct7': 127, 'imm_I': -26, 'imm_S': -3, 'imm_B': -4, 'imm_U': 4267950080, 'imm_J': -800794}, 'rd': 29, 'alu_res': 4294967291, 'mem_data': 0, 'wb_val_for_jumps': 60}

Cycle 243
PC = 60
Stall Flag = False
Flush Flag = False
IF/ID Reg = {'valid': 1, 'pc': 56, 'instr': 4267953891}
ID/EX Reg = {'valid': 1, 'pc': 52, 'pc_plus4': 56, 'd': {'instr': 1278867, 'opcode': 19, 'rd': 7, 'funct3': 0, 'rs1': 7, 'rs2': 1, 'funct7': 0, 'imm_I': 1, 'imm_S': 7, 'imm_B': 2054, 'imm_U': 1277952, 'imm_J': 231424}, 'c': {'RegWrite': 1, 'MemRead': 0, 'MemWrite': 0, 'MemToReg': 0, 'ALUSrc': 1, 'Branch': 0, 'Jump': 0, 'JumpReg': 0, 'ALUOp': 'ADD', 'ImmSel': 'I', 'BrType': None, 'IsNOP': 0}, 'imm': 1, 'rs1': 7, 'rs2': 1, 'rd': 7, 'rs1_val': 5, 'rs2_val': 0, 'alu_op': 'ADD'}
EX/MEM Reg = {'valid': 0, 'pc_plus4': 0, 'c': None, 'd': None, 'rd': 0, 'alu_res': 0, 'rs2_val_fwd': 0, 'mem_addr': 0, 'branch_taken': 0, 'next_pc': 0, 'wb_val_for_jumps': 0}
MEM/WB Reg = {'valid': 0, 'pc_plus4': 0, 'c': None, 'd': None, 'rd': 0, 'alu_res': 0, 'mem_data': 0, 'wb_val_for_jumps': 0}

Cycle 244
PC = 64
Stall Flag = False
Flush Flag = False
IF/ID Reg = {'valid': 1, 'pc': 60, 'instr': 1213075}
ID/EX Reg = {'valid': 1, 'pc': 56, 'pc_plus4': 60, 'd': {'instr': 4267953891, 'opcode': 99, 'rd': 29, 'funct3': 4, 'rs1': 7, 'rs2': 6, 'funct7': 127, 'imm_I': -26, 'imm_S': -3, 'imm_B': -4, 'imm_U': 4267950080, 'imm_J': -800794}, 'c': {'RegWrite': 0, 'MemRead': 0, 'MemWrite': 0, 'MemToReg': 0, 'ALUSrc': 0, 'Branch': 1, 'Jump': 0, 'JumpReg': 0, 'ALUOp': 'SUB', 'ImmSel': 'B', 'BrType': 'blt', 'IsNOP': 0}, 'imm': -4, 'rs1': 7, 'rs2': 6, 'rd': 29, 'rs1_val': 5, 'rs2_val': 10, 'alu_op': 'SUB'}
EX/MEM Reg = {'valid': 1, 'pc_plus4': 56, 'c': {'RegWrite': 1, 'MemRead': 0, 'MemWrite': 0, 'MemToReg': 0, 'ALUSrc': 1, 'Branch': 0, 'Jump': 0, 'JumpReg': 0, 'ALUOp': 'ADD', 'ImmSel': 'I', 'BrType': None, 'IsNOP': 0}, 'd': {'instr': 1278867, 'opcode': 19, 'rd': 7, 'funct3': 0, 'rs1': 7, 'rs2': 1, 'funct7': 0, 'imm_I': 1, 'imm_S': 7, 'imm_B': 2054, 'imm_U': 1277952, 'imm_J': 231424}, 'rd': 7, 'alu_res': 6, 'rs2_val_fwd': 0, 'mem_addr': 6, 'branch_taken': 0, 'next_pc': 0, 'wb_val_for_jumps': 56}
MEM/WB Reg = {'valid': 0, 'pc_plus4': 0, 'c': None, 'd': None, 'rd': 0, 'alu_res': 0, 'mem_data': 0, 'wb_val_for_jumps': 0}

Cycle 245
PC = 52
Stall Flag = False
Flush Flag = True
IF/ID Reg = {'valid': 0, 'pc': 0, 'instr': 0}
ID/EX Reg = {'valid': 0, 'pc': 60, 'pc_plus4': 64, 'd': {'instr': 1213075, 'opcode': 19, 'rd': 5, 'funct3': 0, 'rs1': 5, 'rs2': 1, 'funct7': 0, 'imm_I': 1, 'imm_S': 5, 'imm_B': 2052, 'imm_U': 1212416, 'imm_J': 165888}, 'c': {'RegWrite': 1, 'MemRead': 0, 'MemWrite': 0, 'MemToReg': 0, 'ALUSrc': 1, 'Branch': 0, 'Jump': 0, 'JumpReg': 0, 'ALUOp': 'ADD', 'ImmSel': 'I', 'BrType': None, 'IsNOP': 0}, 'imm': 1, 'rs1': 5, 'rs2': 1, 'rd': 5, 'rs1_val': 4, 'rs2_val': 0, 'alu_op': 'ADD'}
EX/MEM Reg = {'valid': 1, 'pc_plus4': 60, 'c': {'RegWrite': 0, 'MemRead': 0, 'MemWrite': 0, 'MemToReg': 0, 'ALUSrc': 0, 'Branch': 1, 'Jump': 0, 'JumpReg': 0, 'ALUOp': 'SUB', 'ImmSel': 'B', 'BrType': 'blt', 'IsNOP': 0}, 'd': {'instr': 4267953891, 'opcode': 99, 'rd': 29, 'funct3': 4, 'rs1': 7, 'rs2': 6, 'funct7': 127, 'imm_I': -26, 'imm_S': -3, 'imm_B': -4, 'imm_U': 4267950080, 'imm_J': -800794}, 'rd': 29, 'alu_res': 4294967292, 'rs2_val_fwd': 10, 'mem_addr': 4294967292, 'branch_taken': 0, 'next_pc': 0, 'wb_val_for_jumps': 60}
MEM/WB Reg = {'valid': 1, 'pc_plus4': 56, 'c': {'RegWrite': 1, 'MemRead': 0, 'MemWrite': 0, 'MemToReg': 0, 'ALUSrc': 1, 'Branch': 0, 'Jump': 0, 'JumpReg': 0, 'ALUOp': 'ADD', 'ImmSel': 'I', 'BrType': None, 'IsNOP': 0}, 'd': {'instr': 1278867, 'opcode': 19, 'rd': 7, 'funct3': 0, 'rs1': 7, 'rs2': 1, 'funct7': 0, 'imm_I': 1, 'imm_S': 7, 'imm_B': 2054, 'imm_U': 1277952, 'imm_J': 231424}, 'rd': 7, 'alu_res': 6, 'mem_data': 0, 'wb_val_for_jumps': 56}

Cycle 246
PC = 56
Stall Flag = False
Flush Flag = False
IF/ID Reg = {'valid': 1, 'pc': 52, 'instr': 1278867}
ID/EX Reg = {'valid': 0, 'pc': 0, 'pc_plus4': 0, 'd': None, 'c': None, 'imm': 0, 'rs1': 0, 'rs2': 0, 'rd': 0, 'rs1_val': 0, 'rs2_val': 0, 'alu_op': 'ADD'}
EX/MEM Reg = {'valid': 0, 'pc_plus4': 0, 'c': None, 'd': None, 'rd': 0, 'alu_res': 0, 'rs2_val_fwd': 0, 'mem_addr': 0, 'branch_taken': 0, 'next_pc': 0, 'wb_val_for_jumps': 0}
MEM/WB Reg = {'valid': 1, 'pc_plus4': 60, 'c': {'RegWrite': 0, 'MemRead': 0, 'MemWrite': 0, 'MemToReg': 0, 'ALUSrc': 0, 'Branch': 1, 'Jump': 0, 'JumpReg': 0, 'ALUOp': 'SUB', 'ImmSel': 'B', 'BrType': 'blt', 'IsNOP': 0}, 'd': {'instr': 4267953891, 'opcode': 99, 'rd': 29, 'funct3': 4, 'rs1': 7, 'rs2': 6, 'funct7': 127, 'imm_I': -26, 'imm_S': -3, 'imm_B': -4, 'imm_U': 4267950080, 'imm_J': -800794}, 'rd': 29, 'alu_res': 4294967292, 'mem_data': 0, 'wb_val_for_jumps': 60}

Cycle 247
PC = 60
Stall Flag = False
Flush Flag = False
IF/ID Reg = {'valid': 1, 'pc': 56, 'instr': 4267953891}
ID/EX Reg = {'valid': 1, 'pc': 52, 'pc_plus4': 56, 'd': {'instr': 1278867, 'opcode': 19, 'rd': 7, 'funct3': 0, 'rs1': 7, 'rs2': 1, 'funct7': 0, 'imm_I': 1, 'imm_S': 7, 'imm_B': 2054, 'imm_U': 1277952, 'imm_J': 231424}, 'c': {'RegWrite': 1, 'MemRead': 0, 'MemWrite': 0, 'MemToReg': 0, 'ALUSrc': 1, 'Branch': 0, 'Jump': 0, 'JumpReg': 0, 'ALUOp': 'ADD', 'ImmSel': 'I', 'BrType': None, 'IsNOP': 0}, 'imm': 1, 'rs1': 7, 'rs2': 1, 'rd': 7, 'rs1_val': 6, 'rs2_val': 0, 'alu_op': 'ADD'}
EX/MEM Reg = {'valid': 0, 'pc_plus4': 0, 'c': None, 'd': None, 'rd': 0, 'alu_res': 0, 'rs2_val_fwd': 0, 'mem_addr': 0, 'branch_taken': 0, 'next_pc': 0, 'wb_val_for_jumps': 0}
MEM/WB Reg = {'valid': 0, 'pc_plus4': 0, 'c': None, 'd': None, 'rd': 0, 'alu_res': 0, 'mem_data': 0, 'wb_val_for_jumps': 0}

Cycle 248
PC = 64
Stall Flag = False
Flush Flag = False
IF/ID Reg = {'valid': 1, 'pc': 60, 'instr': 1213075}
ID/EX Reg = {'valid': 1, 'pc': 56, 'pc_plus4': 60, 'd': {'instr': 4267953891, 'opcode': 99, 'rd': 29, 'funct3': 4, 'rs1': 7, 'rs2': 6, 'funct7': 127, 'imm_I': -26, 'imm_S': -3, 'imm_B': -4, 'imm_U': 4267950080, 'imm_J': -800794}, 'c': {'RegWrite': 0, 'MemRead': 0, 'MemWrite': 0, 'MemToReg': 0, 'ALUSrc': 0, 'Branch': 1, 'Jump': 0, 'JumpReg': 0, 'ALUOp': 'SUB', 'ImmSel': 'B', 'BrType': 'blt', 'IsNOP': 0}, 'imm': -4, 'rs1': 7, 'rs2': 6, 'rd': 29, 'rs1_val': 6, 'rs2_val': 10, 'alu_op': 'SUB'}
EX/MEM Reg = {'valid': 1, 'pc_plus4': 56, 'c': {'RegWrite': 1, 'MemRead': 0, 'MemWrite': 0, 'MemToReg': 0, 'ALUSrc': 1, 'Branch': 0, 'Jump': 0, 'JumpReg': 0, 'ALUOp': 'ADD', 'ImmSel': 'I', 'BrType': None, 'IsNOP': 0}, 'd': {'instr': 1278867, 'opcode': 19, 'rd': 7, 'funct3': 0, 'rs1': 7, 'rs2': 1, 'funct7': 0, 'imm_I': 1, 'imm_S': 7, 'imm_B': 2054, 'imm_U': 1277952, 'imm_J': 231424}, 'rd': 7, 'alu_res': 7, 'rs2_val_fwd': 0, 'mem_addr': 7, 'branch_taken': 0, 'next_pc': 0, 'wb_val_for_jumps': 56}
MEM/WB Reg = {'valid': 0, 'pc_plus4': 0, 'c': None, 'd': None, 'rd': 0, 'alu_res': 0, 'mem_data': 0, 'wb_val_for_jumps': 0}

Cycle 249
PC = 52
Stall Flag = False
Flush Flag = True
IF/ID Reg = {'valid': 0, 'pc': 0, 'instr': 0}
ID/EX Reg = {'valid': 0, 'pc': 60, 'pc_plus4': 64, 'd': {'instr': 1213075, 'opcode': 19, 'rd': 5, 'funct3': 0, 'rs1': 5, 'rs2': 1, 'funct7': 0, 'imm_I': 1, 'imm_S': 5, 'imm_B': 2052, 'imm_U': 1212416, 'imm_J': 165888}, 'c': {'RegWrite': 1, 'MemRead': 0, 'MemWrite': 0, 'MemToReg': 0, 'ALUSrc': 1, 'Branch': 0, 'Jump': 0, 'JumpReg': 0, 'ALUOp': 'ADD', 'ImmSel': 'I', 'BrType': None, 'IsNOP': 0}, 'imm': 1, 'rs1': 5, 'rs2': 1, 'rd': 5, 'rs1_val': 4, 'rs2_val': 0, 'alu_op': 'ADD'}
EX/MEM Reg = {'valid': 1, 'pc_plus4': 60, 'c': {'RegWrite': 0, 'MemRead': 0, 'MemWrite': 0, 'MemToReg': 0, 'ALUSrc': 0, 'Branch': 1, 'Jump': 0, 'JumpReg': 0, 'ALUOp': 'SUB', 'ImmSel': 'B', 'BrType': 'blt', 'IsNOP': 0}, 'd': {'instr': 4267953891, 'opcode': 99, 'rd': 29, 'funct3': 4, 'rs1': 7, 'rs2': 6, 'funct7': 127, 'imm_I': -26, 'imm_S': -3, 'imm_B': -4, 'imm_U': 4267950080, 'imm_J': -800794}, 'rd': 29, 'alu_res': 4294967293, 'rs2_val_fwd': 10, 'mem_addr': 4294967293, 'branch_taken': 0, 'next_pc': 0, 'wb_val_for_jumps': 60}
MEM/WB Reg = {'valid': 1, 'pc_plus4': 56, 'c': {'RegWrite': 1, 'MemRead': 0, 'MemWrite': 0, 'MemToReg': 0, 'ALUSrc': 1, 'Branch': 0, 'Jump': 0, 'JumpReg': 0, 'ALUOp': 'ADD', 'ImmSel': 'I', 'BrType': None, 'IsNOP': 0}, 'd': {'instr': 1278867, 'opcode': 19, 'rd': 7, 'funct3': 0, 'rs1': 7, 'rs2': 1, 'funct7': 0, 'imm_I': 1, 'imm_S': 7, 'imm_B': 2054, 'imm_U': 1277952, 'imm_J': 231424}, 'rd': 7, 'alu_res': 7, 'mem_data': 0, 'wb_val_for_jumps': 56}

Cycle 250
PC = 56
Stall Flag = False
Flush Flag = False
IF/ID Reg = {'valid': 1, 'pc': 52, 'instr': 1278867}
ID/EX Reg = {'valid': 0, 'pc': 0, 'pc_plus4': 0, 'd': None, 'c': None, 'imm': 0, 'rs1': 0, 'rs2': 0, 'rd': 0, 'rs1_val': 0, 'rs2_val': 0, 'alu_op': 'ADD'}
EX/MEM Reg = {'valid': 0, 'pc_plus4': 0, 'c': None, 'd': None, 'rd': 0, 'alu_res': 0, 'rs2_val_fwd': 0, 'mem_addr': 0, 'branch_taken': 0, 'next_pc': 0, 'wb_val_for_jumps': 0}
MEM/WB Reg = {'valid': 1, 'pc_plus4': 60, 'c': {'RegWrite': 0, 'MemRead': 0, 'MemWrite': 0, 'MemToReg': 0, 'ALUSrc': 0, 'Branch': 1, 'Jump': 0, 'JumpReg': 0, 'ALUOp': 'SUB', 'ImmSel': 'B', 'BrType': 'blt', 'IsNOP': 0}, 'd': {'instr': 4267953891, 'opcode': 99, 'rd': 29, 'funct3': 4, 'rs1': 7, 'rs2': 6, 'funct7': 127, 'imm_I': -26, 'imm_S': -3, 'imm_B': -4, 'imm_U': 4267950080, 'imm_J': -800794}, 'rd': 29, 'alu_res': 4294967293, 'mem_data': 0, 'wb_val_for_jumps': 60}

Cycle 251
PC = 60
Stall Flag = False
Flush Flag = False
IF/ID Reg = {'valid': 1, 'pc': 56, 'instr': 4267953891}
ID/EX Reg = {'valid': 1, 'pc': 52, 'pc_plus4': 56, 'd': {'instr': 1278867, 'opcode': 19, 'rd': 7, 'funct3': 0, 'rs1': 7, 'rs2': 1, 'funct7': 0, 'imm_I': 1, 'imm_S': 7, 'imm_B': 2054, 'imm_U': 1277952, 'imm_J': 231424}, 'c': {'RegWrite': 1, 'MemRead': 0, 'MemWrite': 0, 'MemToReg': 0, 'ALUSrc': 1, 'Branch': 0, 'Jump': 0, 'JumpReg': 0, 'ALUOp': 'ADD', 'ImmSel': 'I', 'BrType': None, 'IsNOP': 0}, 'imm': 1, 'rs1': 7, 'rs2': 1, 'rd': 7, 'rs1_val': 7, 'rs2_val': 0, 'alu_op': 'ADD'}
EX/MEM Reg = {'valid': 0, 'pc_plus4': 0, 'c': None, 'd': None, 'rd': 0, 'alu_res': 0, 'rs2_val_fwd': 0, 'mem_addr': 0, 'branch_taken': 0, 'next_pc': 0, 'wb_val_for_jumps': 0}
MEM/WB Reg = {'valid': 0, 'pc_plus4': 0, 'c': None, 'd': None, 'rd': 0, 'alu_res': 0, 'mem_data': 0, 'wb_val_for_jumps': 0}

Cycle 252
PC = 64
Stall Flag = False
Flush Flag = False
IF/ID Reg = {'valid': 1, 'pc': 60, 'instr': 1213075}
ID/EX Reg = {'valid': 1, 'pc': 56, 'pc_plus4': 60, 'd': {'instr': 4267953891, 'opcode': 99, 'rd': 29, 'funct3': 4, 'rs1': 7, 'rs2': 6, 'funct7': 127, 'imm_I': -26, 'imm_S': -3, 'imm_B': -4, 'imm_U': 4267950080, 'imm_J': -800794}, 'c': {'RegWrite': 0, 'MemRead': 0, 'MemWrite': 0, 'MemToReg': 0, 'ALUSrc': 0, 'Branch': 1, 'Jump': 0, 'JumpReg': 0, 'ALUOp': 'SUB', 'ImmSel': 'B', 'BrType': 'blt', 'IsNOP': 0}, 'imm': -4, 'rs1': 7, 'rs2': 6, 'rd': 29, 'rs1_val': 7, 'rs2_val': 10, 'alu_op': 'SUB'}
EX/MEM Reg = {'valid': 1, 'pc_plus4': 56, 'c': {'RegWrite': 1, 'MemRead': 0, 'MemWrite': 0, 'MemToReg': 0, 'ALUSrc': 1, 'Branch': 0, 'Jump': 0, 'JumpReg': 0, 'ALUOp': 'ADD', 'ImmSel': 'I', 'BrType': None, 'IsNOP': 0}, 'd': {'instr': 1278867, 'opcode': 19, 'rd': 7, 'funct3': 0, 'rs1': 7, 'rs2': 1, 'funct7': 0, 'imm_I': 1, 'imm_S': 7, 'imm_B': 2054, 'imm_U': 1277952, 'imm_J': 231424}, 'rd': 7, 'alu_res': 8, 'rs2_val_fwd': 0, 'mem_addr': 8, 'branch_taken': 0, 'next_pc': 0, 'wb_val_for_jumps': 56}
MEM/WB Reg = {'valid': 0, 'pc_plus4': 0, 'c': None, 'd': None, 'rd': 0, 'alu_res': 0, 'mem_data': 0, 'wb_val_for_jumps': 0}

Cycle 253
PC = 52
Stall Flag = False
Flush Flag = True
IF/ID Reg = {'valid': 0, 'pc': 0, 'instr': 0}
ID/EX Reg = {'valid': 0, 'pc': 60, 'pc_plus4': 64, 'd': {'instr': 1213075, 'opcode': 19, 'rd': 5, 'funct3': 0, 'rs1': 5, 'rs2': 1, 'funct7': 0, 'imm_I': 1, 'imm_S': 5, 'imm_B': 2052, 'imm_U': 1212416, 'imm_J': 165888}, 'c': {'RegWrite': 1, 'MemRead': 0, 'MemWrite': 0, 'MemToReg': 0, 'ALUSrc': 1, 'Branch': 0, 'Jump': 0, 'JumpReg': 0, 'ALUOp': 'ADD', 'ImmSel': 'I', 'BrType': None, 'IsNOP': 0}, 'imm': 1, 'rs1': 5, 'rs2': 1, 'rd': 5, 'rs1_val': 4, 'rs2_val': 0, 'alu_op': 'ADD'}
EX/MEM Reg = {'valid': 1, 'pc_plus4': 60, 'c': {'RegWrite': 0, 'MemRead': 0, 'MemWrite': 0, 'MemToReg': 0, 'ALUSrc': 0, 'Branch': 1, 'Jump': 0, 'JumpReg': 0, 'ALUOp': 'SUB', 'ImmSel': 'B', 'BrType': 'blt', 'IsNOP': 0}, 'd': {'instr': 4267953891, 'opcode': 99, 'rd': 29, 'funct3': 4, 'rs1': 7, 'rs2': 6, 'funct7': 127, 'imm_I': -26, 'imm_S': -3, 'imm_B': -4, 'imm_U': 4267950080, 'imm_J': -800794}, 'rd': 29, 'alu_res': 4294967294, 'rs2_val_fwd': 10, 'mem_addr': 4294967294, 'branch_taken': 0, 'next_pc': 0, 'wb_val_for_jumps': 60}
MEM/WB Reg = {'valid': 1, 'pc_plus4': 56, 'c': {'RegWrite': 1, 'MemRead': 0, 'MemWrite': 0, 'MemToReg': 0, 'ALUSrc': 1, 'Branch': 0, 'Jump': 0, 'JumpReg': 0, 'ALUOp': 'ADD', 'ImmSel': 'I', 'BrType': None, 'IsNOP': 0}, 'd': {'instr': 1278867, 'opcode': 19, 'rd': 7, 'funct3': 0, 'rs1': 7, 'rs2': 1, 'funct7': 0, 'imm_I': 1, 'imm_S': 7, 'imm_B': 2054, 'imm_U': 1277952, 'imm_J': 231424}, 'rd': 7, 'alu_res': 8, 'mem_data': 0, 'wb_val_for_jumps': 56}

Cycle 254
PC = 56
Stall Flag = False
Flush Flag = False
IF/ID Reg = {'valid': 1, 'pc': 52, 'instr': 1278867}
ID/EX Reg = {'valid': 0, 'pc': 0, 'pc_plus4': 0, 'd': None, 'c': None, 'imm': 0, 'rs1': 0, 'rs2': 0, 'rd': 0, 'rs1_val': 0, 'rs2_val': 0, 'alu_op': 'ADD'}
EX/MEM Reg = {'valid': 0, 'pc_plus4': 0, 'c': None, 'd': None, 'rd': 0, 'alu_res': 0, 'rs2_val_fwd': 0, 'mem_addr': 0, 'branch_taken': 0, 'next_pc': 0, 'wb_val_for_jumps': 0}
MEM/WB Reg = {'valid': 1, 'pc_plus4': 60, 'c': {'RegWrite': 0, 'MemRead': 0, 'MemWrite': 0, 'MemToReg': 0, 'ALUSrc': 0, 'Branch': 1, 'Jump': 0, 'JumpReg': 0, 'ALUOp': 'SUB', 'ImmSel': 'B', 'BrType': 'blt', 'IsNOP': 0}, 'd': {'instr': 4267953891, 'opcode': 99, 'rd': 29, 'funct3': 4, 'rs1': 7, 'rs2': 6, 'funct7': 127, 'imm_I': -26, 'imm_S': -3, 'imm_B': -4, 'imm_U': 4267950080, 'imm_J': -800794}, 'rd': 29, 'alu_res': 4294967294, 'mem_data': 0, 'wb_val_for_jumps': 60}

Cycle 255
PC = 60
Stall Flag = False
Flush Flag = False
IF/ID Reg = {'valid': 1, 'pc': 56, 'instr': 4267953891}
ID/EX Reg = {'valid': 1, 'pc': 52, 'pc_plus4': 56, 'd': {'instr': 1278867, 'opcode': 19, 'rd': 7, 'funct3': 0, 'rs1': 7, 'rs2': 1, 'funct7': 0, 'imm_I': 1, 'imm_S': 7, 'imm_B': 2054, 'imm_U': 1277952, 'imm_J': 231424}, 'c': {'RegWrite': 1, 'MemRead': 0, 'MemWrite': 0, 'MemToReg': 0, 'ALUSrc': 1, 'Branch': 0, 'Jump': 0, 'JumpReg': 0, 'ALUOp': 'ADD', 'ImmSel': 'I', 'BrType': None, 'IsNOP': 0}, 'imm': 1, 'rs1': 7, 'rs2': 1, 'rd': 7, 'rs1_val': 8, 'rs2_val': 0, 'alu_op': 'ADD'}
EX/MEM Reg = {'valid': 0, 'pc_plus4': 0, 'c': None, 'd': None, 'rd': 0, 'alu_res': 0, 'rs2_val_fwd': 0, 'mem_addr': 0, 'branch_taken': 0, 'next_pc': 0, 'wb_val_for_jumps': 0}
MEM/WB Reg = {'valid': 0, 'pc_plus4': 0, 'c': None, 'd': None, 'rd': 0, 'alu_res': 0, 'mem_data': 0, 'wb_val_for_jumps': 0}

Cycle 256
PC = 64
Stall Flag = False
Flush Flag = False
IF/ID Reg = {'valid': 1, 'pc': 60, 'instr': 1213075}
ID/EX Reg = {'valid': 1, 'pc': 56, 'pc_plus4': 60, 'd': {'instr': 4267953891, 'opcode': 99, 'rd': 29, 'funct3': 4, 'rs1': 7, 'rs2': 6, 'funct7': 127, 'imm_I': -26, 'imm_S': -3, 'imm_B': -4, 'imm_U': 4267950080, 'imm_J': -800794}, 'c': {'RegWrite': 0, 'MemRead': 0, 'MemWrite': 0, 'MemToReg': 0, 'ALUSrc': 0, 'Branch': 1, 'Jump': 0, 'JumpReg': 0, 'ALUOp': 'SUB', 'ImmSel': 'B', 'BrType': 'blt', 'IsNOP': 0}, 'imm': -4, 'rs1': 7, 'rs2': 6, 'rd': 29, 'rs1_val': 8, 'rs2_val': 10, 'alu_op': 'SUB'}
EX/MEM Reg = {'valid': 1, 'pc_plus4': 56, 'c': {'RegWrite': 1, 'MemRead': 0, 'MemWrite': 0, 'MemToReg': 0, 'ALUSrc': 1, 'Branch': 0, 'Jump': 0, 'JumpReg': 0, 'ALUOp': 'ADD', 'ImmSel': 'I', 'BrType': None, 'IsNOP': 0}, 'd': {'instr': 1278867, 'opcode': 19, 'rd': 7, 'funct3': 0, 'rs1': 7, 'rs2': 1, 'funct7': 0, 'imm_I': 1, 'imm_S': 7, 'imm_B': 2054, 'imm_U': 1277952, 'imm_J': 231424}, 'rd': 7, 'alu_res': 9, 'rs2_val_fwd': 0, 'mem_addr': 9, 'branch_taken': 0, 'next_pc': 0, 'wb_val_for_jumps': 56}
MEM/WB Reg = {'valid': 0, 'pc_plus4': 0, 'c': None, 'd': None, 'rd': 0, 'alu_res': 0, 'mem_data': 0, 'wb_val_for_jumps': 0}

Cycle 257
PC = 52
Stall Flag = False
Flush Flag = True
IF/ID Reg = {'valid': 0, 'pc': 0, 'instr': 0}
ID/EX Reg = {'valid': 0, 'pc': 60, 'pc_plus4': 64, 'd': {'instr': 1213075, 'opcode': 19, 'rd': 5, 'funct3': 0, 'rs1': 5, 'rs2': 1, 'funct7': 0, 'imm_I': 1, 'imm_S': 5, 'imm_B': 2052, 'imm_U': 1212416, 'imm_J': 165888}, 'c': {'RegWrite': 1, 'MemRead': 0, 'MemWrite': 0, 'MemToReg': 0, 'ALUSrc': 1, 'Branch': 0, 'Jump': 0, 'JumpReg': 0, 'ALUOp': 'ADD', 'ImmSel': 'I', 'BrType': None, 'IsNOP': 0}, 'imm': 1, 'rs1': 5, 'rs2': 1, 'rd': 5, 'rs1_val': 4, 'rs2_val': 0, 'alu_op': 'ADD'}
EX/MEM Reg = {'valid': 1, 'pc_plus4': 60, 'c': {'RegWrite': 0, 'MemRead': 0, 'MemWrite': 0, 'MemToReg': 0, 'ALUSrc': 0, 'Branch': 1, 'Jump': 0, 'JumpReg': 0, 'ALUOp': 'SUB', 'ImmSel': 'B', 'BrType': 'blt', 'IsNOP': 0}, 'd': {'instr': 4267953891, 'opcode': 99, 'rd': 29, 'funct3': 4, 'rs1': 7, 'rs2': 6, 'funct7': 127, 'imm_I': -26, 'imm_S': -3, 'imm_B': -4, 'imm_U': 4267950080, 'imm_J': -800794}, 'rd': 29, 'alu_res': 4294967295, 'rs2_val_fwd': 10, 'mem_addr': 4294967295, 'branch_taken': 0, 'next_pc': 0, 'wb_val_for_jumps': 60}
MEM/WB Reg = {'valid': 1, 'pc_plus4': 56, 'c': {'RegWrite': 1, 'MemRead': 0, 'MemWrite': 0, 'MemToReg': 0, 'ALUSrc': 1, 'Branch': 0, 'Jump': 0, 'JumpReg': 0, 'ALUOp': 'ADD', 'ImmSel': 'I', 'BrType': None, 'IsNOP': 0}, 'd': {'instr': 1278867, 'opcode': 19, 'rd': 7, 'funct3': 0, 'rs1': 7, 'rs2': 1, 'funct7': 0, 'imm_I': 1, 'imm_S': 7, 'imm_B': 2054, 'imm_U': 1277952, 'imm_J': 231424}, 'rd': 7, 'alu_res': 9, 'mem_data': 0, 'wb_val_for_jumps': 56}

Cycle 258
PC = 56
Stall Flag = False
Flush Flag = False
IF/ID Reg = {'valid': 1, 'pc': 52, 'instr': 1278867}
ID/EX Reg = {'valid': 0, 'pc': 0, 'pc_plus4': 0, 'd': None, 'c': None, 'imm': 0, 'rs1': 0, 'rs2': 0, 'rd': 0, 'rs1_val': 0, 'rs2_val': 0, 'alu_op': 'ADD'}
EX/MEM Reg = {'valid': 0, 'pc_plus4': 0, 'c': None, 'd': None, 'rd': 0, 'alu_res': 0, 'rs2_val_fwd': 0, 'mem_addr': 0, 'branch_taken': 0, 'next_pc': 0, 'wb_val_for_jumps': 0}
MEM/WB Reg = {'valid': 1, 'pc_plus4': 60, 'c': {'RegWrite': 0, 'MemRead': 0, 'MemWrite': 0, 'MemToReg': 0, 'ALUSrc': 0, 'Branch': 1, 'Jump': 0, 'JumpReg': 0, 'ALUOp': 'SUB', 'ImmSel': 'B', 'BrType': 'blt', 'IsNOP': 0}, 'd': {'instr': 4267953891, 'opcode': 99, 'rd': 29, 'funct3': 4, 'rs1': 7, 'rs2': 6, 'funct7': 127, 'imm_I': -26, 'imm_S': -3, 'imm_B': -4, 'imm_U': 4267950080, 'imm_J': -800794}, 'rd': 29, 'alu_res': 4294967295, 'mem_data': 0, 'wb_val_for_jumps': 60}

Cycle 259
PC = 60
Stall Flag = False
Flush Flag = False
IF/ID Reg = {'valid': 1, 'pc': 56, 'instr': 4267953891}
ID/EX Reg = {'valid': 1, 'pc': 52, 'pc_plus4': 56, 'd': {'instr': 1278867, 'opcode': 19, 'rd': 7, 'funct3': 0, 'rs1': 7, 'rs2': 1, 'funct7': 0, 'imm_I': 1, 'imm_S': 7, 'imm_B': 2054, 'imm_U': 1277952, 'imm_J': 231424}, 'c': {'RegWrite': 1, 'MemRead': 0, 'MemWrite': 0, 'MemToReg': 0, 'ALUSrc': 1, 'Branch': 0, 'Jump': 0, 'JumpReg': 0, 'ALUOp': 'ADD', 'ImmSel': 'I', 'BrType': None, 'IsNOP': 0}, 'imm': 1, 'rs1': 7, 'rs2': 1, 'rd': 7, 'rs1_val': 9, 'rs2_val': 0, 'alu_op': 'ADD'}
EX/MEM Reg = {'valid': 0, 'pc_plus4': 0, 'c': None, 'd': None, 'rd': 0, 'alu_res': 0, 'rs2_val_fwd': 0, 'mem_addr': 0, 'branch_taken': 0, 'next_pc': 0, 'wb_val_for_jumps': 0}
MEM/WB Reg = {'valid': 0, 'pc_plus4': 0, 'c': None, 'd': None, 'rd': 0, 'alu_res': 0, 'mem_data': 0, 'wb_val_for_jumps': 0}

Cycle 260
PC = 64
Stall Flag = False
Flush Flag = False
IF/ID Reg = {'valid': 1, 'pc': 60, 'instr': 1213075}
ID/EX Reg = {'valid': 1, 'pc': 56, 'pc_plus4': 60, 'd': {'instr': 4267953891, 'opcode': 99, 'rd': 29, 'funct3': 4, 'rs1': 7, 'rs2': 6, 'funct7': 127, 'imm_I': -26, 'imm_S': -3, 'imm_B': -4, 'imm_U': 4267950080, 'imm_J': -800794}, 'c': {'RegWrite': 0, 'MemRead': 0, 'MemWrite': 0, 'MemToReg': 0, 'ALUSrc': 0, 'Branch': 1, 'Jump': 0, 'JumpReg': 0, 'ALUOp': 'SUB', 'ImmSel': 'B', 'BrType': 'blt', 'IsNOP': 0}, 'imm': -4, 'rs1': 7, 'rs2': 6, 'rd': 29, 'rs1_val': 9, 'rs2_val': 10, 'alu_op': 'SUB'}
EX/MEM Reg = {'valid': 1, 'pc_plus4': 56, 'c': {'RegWrite': 1, 'MemRead': 0, 'MemWrite': 0, 'MemToReg': 0, 'ALUSrc': 1, 'Branch': 0, 'Jump': 0, 'JumpReg': 0, 'ALUOp': 'ADD', 'ImmSel': 'I', 'BrType': None, 'IsNOP': 0}, 'd': {'instr': 1278867, 'opcode': 19, 'rd': 7, 'funct3': 0, 'rs1': 7, 'rs2': 1, 'funct7': 0, 'imm_I': 1, 'imm_S': 7, 'imm_B': 2054, 'imm_U': 1277952, 'imm_J': 231424}, 'rd': 7, 'alu_res': 10, 'rs2_val_fwd': 0, 'mem_addr': 10, 'branch_taken': 0, 'next_pc': 0, 'wb_val_for_jumps': 56}
MEM/WB Reg = {'valid': 0, 'pc_plus4': 0, 'c': None, 'd': None, 'rd': 0, 'alu_res': 0, 'mem_data': 0, 'wb_val_for_jumps': 0}

Cycle 261
PC = 68
Stall Flag = False
Flush Flag = False
IF/ID Reg = {'valid': 1, 'pc': 64, 'instr': 4267886819}
ID/EX Reg = {'valid': 1, 'pc': 60, 'pc_plus4': 64, 'd': {'instr': 1213075, 'opcode': 19, 'rd': 5, 'funct3': 0, 'rs1': 5, 'rs2': 1, 'funct7': 0, 'imm_I': 1, 'imm_S': 5, 'imm_B': 2052, 'imm_U': 1212416, 'imm_J': 165888}, 'c': {'RegWrite': 1, 'MemRead': 0, 'MemWrite': 0, 'MemToReg': 0, 'ALUSrc': 1, 'Branch': 0, 'Jump': 0, 'JumpReg': 0, 'ALUOp': 'ADD', 'ImmSel': 'I', 'BrType': None, 'IsNOP': 0}, 'imm': 1, 'rs1': 5, 'rs2': 1, 'rd': 5, 'rs1_val': 4, 'rs2_val': 0, 'alu_op': 'ADD'}
EX/MEM Reg = {'valid': 1, 'pc_plus4': 60, 'c': {'RegWrite': 0, 'MemRead': 0, 'MemWrite': 0, 'MemToReg': 0, 'ALUSrc': 0, 'Branch': 1, 'Jump': 0, 'JumpReg': 0, 'ALUOp': 'SUB', 'ImmSel': 'B', 'BrType': 'blt', 'IsNOP': 0}, 'd': {'instr': 4267953891, 'opcode': 99, 'rd': 29, 'funct3': 4, 'rs1': 7, 'rs2': 6, 'funct7': 127, 'imm_I': -26, 'imm_S': -3, 'imm_B': -4, 'imm_U': 4267950080, 'imm_J': -800794}, 'rd': 29, 'alu_res': 0, 'rs2_val_fwd': 10, 'mem_addr': 0, 'branch_taken': 0, 'next_pc': 0, 'wb_val_for_jumps': 60}
MEM/WB Reg = {'valid': 1, 'pc_plus4': 56, 'c': {'RegWrite': 1, 'MemRead': 0, 'MemWrite': 0, 'MemToReg': 0, 'ALUSrc': 1, 'Branch': 0, 'Jump': 0, 'JumpReg': 0, 'ALUOp': 'ADD', 'ImmSel': 'I', 'BrType': None, 'IsNOP': 0}, 'd': {'instr': 1278867, 'opcode': 19, 'rd': 7, 'funct3': 0, 'rs1': 7, 'rs2': 1, 'funct7': 0, 'imm_I': 1, 'imm_S': 7, 'imm_B': 2054, 'imm_U': 1277952, 'imm_J': 231424}, 'rd': 7, 'alu_res': 10, 'mem_data': 0, 'wb_val_for_jumps': 56}

Cycle 262
PC = 72
Stall Flag = False
Flush Flag = False
IF/ID Reg = {'valid': 1, 'pc': 68, 'instr': 1049235}
ID/EX Reg = {'valid': 1, 'pc': 64, 'pc_plus4': 68, 'd': {'instr': 4267886819, 'opcode': 99, 'rd': 17, 'funct3': 4, 'rs1': 5, 'rs2': 6, 'funct7': 127, 'imm_I': -26, 'imm_S': -15, 'imm_B': -16, 'imm_U': 4267884544, 'imm_J': -866330}, 'c': {'RegWrite': 0, 'MemRead': 0, 'MemWrite': 0, 'MemToReg': 0, 'ALUSrc': 0, 'Branch': 1, 'Jump': 0, 'JumpReg': 0, 'ALUOp': 'SUB', 'ImmSel': 'B', 'BrType': 'blt', 'IsNOP': 0}, 'imm': -16, 'rs1': 5, 'rs2': 6, 'rd': 17, 'rs1_val': 4, 'rs2_val': 10, 'alu_op': 'SUB'}
EX/MEM Reg = {'valid': 1, 'pc_plus4': 64, 'c': {'RegWrite': 1, 'MemRead': 0, 'MemWrite': 0, 'MemToReg': 0, 'ALUSrc': 1, 'Branch': 0, 'Jump': 0, 'JumpReg': 0, 'ALUOp': 'ADD', 'ImmSel': 'I', 'BrType': None, 'IsNOP': 0}, 'd': {'instr': 1213075, 'opcode': 19, 'rd': 5, 'funct3': 0, 'rs1': 5, 'rs2': 1, 'funct7': 0, 'imm_I': 1, 'imm_S': 5, 'imm_B': 2052, 'imm_U': 1212416, 'imm_J': 165888}, 'rd': 5, 'alu_res': 5, 'rs2_val_fwd': 0, 'mem_addr': 5, 'branch_taken': 0, 'next_pc': 0, 'wb_val_for_jumps': 64}
MEM/WB Reg = {'valid': 1, 'pc_plus4': 60, 'c': {'RegWrite': 0, 'MemRead': 0, 'MemWrite': 0, 'MemToReg': 0, 'ALUSrc': 0, 'Branch': 1, 'Jump': 0, 'JumpReg': 0, 'ALUOp': 'SUB', 'ImmSel': 'B', 'BrType': 'blt', 'IsNOP': 0}, 'd': {'instr': 4267953891, 'opcode': 99, 'rd': 29, 'funct3': 4, 'rs1': 7, 'rs2': 6, 'funct7': 127, 'imm_I': -26, 'imm_S': -3, 'imm_B': -4, 'imm_U': 4267950080, 'imm_J': -800794}, 'rd': 29, 'alu_res': 0, 'mem_data': 0, 'wb_val_for_jumps': 60}

Cycle 263
PC = 48
Stall Flag = False
Flush Flag = True
IF/ID Reg = {'valid': 0, 'pc': 0, 'instr': 0}
ID/EX Reg = {'valid': 0, 'pc': 68, 'pc_plus4': 72, 'd': {'instr': 1049235, 'opcode': 19, 'rd': 5, 'funct3': 0, 'rs1': 0, 'rs2': 1, 'funct7': 0, 'imm_I': 1, 'imm_S': 5, 'imm_B': 2052, 'imm_U': 1048576, 'imm_J': 2048}, 'c': {'RegWrite': 1, 'MemRead': 0, 'MemWrite': 0, 'MemToReg': 0, 'ALUSrc': 1, 'Branch': 0, 'Jump': 0, 'JumpReg': 0, 'ALUOp': 'ADD', 'ImmSel': 'I', 'BrType': None, 'IsNOP': 0}, 'imm': 1, 'rs1': 0, 'rs2': 1, 'rd': 5, 'rs1_val': 0, 'rs2_val': 0, 'alu_op': 'ADD'}
EX/MEM Reg = {'valid': 1, 'pc_plus4': 68, 'c': {'RegWrite': 0, 'MemRead': 0, 'MemWrite': 0, 'MemToReg': 0, 'ALUSrc': 0, 'Branch': 1, 'Jump': 0, 'JumpReg': 0, 'ALUOp': 'SUB', 'ImmSel': 'B', 'BrType': 'blt', 'IsNOP': 0}, 'd': {'instr': 4267886819, 'opcode': 99, 'rd': 17, 'funct3': 4, 'rs1': 5, 'rs2': 6, 'funct7': 127, 'imm_I': -26, 'imm_S': -15, 'imm_B': -16, 'imm_U': 4267884544, 'imm_J': -866330}, 'rd': 17, 'alu_res': 4294967291, 'rs2_val_fwd': 10, 'mem_addr': 4294967291, 'branch_taken': 0, 'next_pc': 0, 'wb_val_for_jumps': 68}
MEM/WB Reg = {'valid': 1, 'pc_plus4': 64, 'c': {'RegWrite': 1, 'MemRead': 0, 'MemWrite': 0, 'MemToReg': 0, 'ALUSrc': 1, 'Branch': 0, 'Jump': 0, 'JumpReg': 0, 'ALUOp': 'ADD', 'ImmSel': 'I', 'BrType': None, 'IsNOP': 0}, 'd': {'instr': 1213075, 'opcode': 19, 'rd': 5, 'funct3': 0, 'rs1': 5, 'rs2': 1, 'funct7': 0, 'imm_I': 1, 'imm_S': 5, 'imm_B': 2052, 'imm_U': 1212416, 'imm_J': 165888}, 'rd': 5, 'alu_res': 5, 'mem_data': 0, 'wb_val_for_jumps': 64}

Cycle 264
PC = 52
Stall Flag = False
Flush Flag = False
IF/ID Reg = {'valid': 1, 'pc': 48, 'instr': 915}
ID/EX Reg = {'valid': 0, 'pc': 0, 'pc_plus4': 0, 'd': None, 'c': None, 'imm': 0, 'rs1': 0, 'rs2': 0, 'rd': 0, 'rs1_val': 0, 'rs2_val': 0, 'alu_op': 'ADD'}
EX/MEM Reg = {'valid': 0, 'pc_plus4': 0, 'c': None, 'd': None, 'rd': 0, 'alu_res': 0, 'rs2_val_fwd': 0, 'mem_addr': 0, 'branch_taken': 0, 'next_pc': 0, 'wb_val_for_jumps': 0}
MEM/WB Reg = {'valid': 1, 'pc_plus4': 68, 'c': {'RegWrite': 0, 'MemRead': 0, 'MemWrite': 0, 'MemToReg': 0, 'ALUSrc': 0, 'Branch': 1, 'Jump': 0, 'JumpReg': 0, 'ALUOp': 'SUB', 'ImmSel': 'B', 'BrType': 'blt', 'IsNOP': 0}, 'd': {'instr': 4267886819, 'opcode': 99, 'rd': 17, 'funct3': 4, 'rs1': 5, 'rs2': 6, 'funct7': 127, 'imm_I': -26, 'imm_S': -15, 'imm_B': -16, 'imm_U': 4267884544, 'imm_J': -866330}, 'rd': 17, 'alu_res': 4294967291, 'mem_data': 0, 'wb_val_for_jumps': 68}

Cycle 265
PC = 56
Stall Flag = False
Flush Flag = False
IF/ID Reg = {'valid': 1, 'pc': 52, 'instr': 1278867}
ID/EX Reg = {'valid': 1, 'pc': 48, 'pc_plus4': 52, 'd': {'instr': 915, 'opcode': 19, 'rd': 7, 'funct3': 0, 'rs1': 0, 'rs2': 0, 'funct7': 0, 'imm_I': 0, 'imm_S': 7, 'imm_B': 2054, 'imm_U': 0, 'imm_J': 0}, 'c': {'RegWrite': 1, 'MemRead': 0, 'MemWrite': 0, 'MemToReg': 0, 'ALUSrc': 1, 'Branch': 0, 'Jump': 0, 'JumpReg': 0, 'ALUOp': 'ADD', 'ImmSel': 'I', 'BrType': None, 'IsNOP': 0}, 'imm': 0, 'rs1': 0, 'rs2': 0, 'rd': 7, 'rs1_val': 0, 'rs2_val': 0, 'alu_op': 'ADD'}
EX/MEM Reg = {'valid': 0, 'pc_plus4': 0, 'c': None, 'd': None, 'rd': 0, 'alu_res': 0, 'rs2_val_fwd': 0, 'mem_addr': 0, 'branch_taken': 0, 'next_pc': 0, 'wb_val_for_jumps': 0}
MEM/WB Reg = {'valid': 0, 'pc_plus4': 0, 'c': None, 'd': None, 'rd': 0, 'alu_res': 0, 'mem_data': 0, 'wb_val_for_jumps': 0}

Cycle 266
PC = 60
Stall Flag = False
Flush Flag = False
IF/ID Reg = {'valid': 1, 'pc': 56, 'instr': 4267953891}
ID/EX Reg = {'valid': 1, 'pc': 52, 'pc_plus4': 56, 'd': {'instr': 1278867, 'opcode': 19, 'rd': 7, 'funct3': 0, 'rs1': 7, 'rs2': 1, 'funct7': 0, 'imm_I': 1, 'imm_S': 7, 'imm_B': 2054, 'imm_U': 1277952, 'imm_J': 231424}, 'c': {'RegWrite': 1, 'MemRead': 0, 'MemWrite': 0, 'MemToReg': 0, 'ALUSrc': 1, 'Branch': 0, 'Jump': 0, 'JumpReg': 0, 'ALUOp': 'ADD', 'ImmSel': 'I', 'BrType': None, 'IsNOP': 0}, 'imm': 1, 'rs1': 7, 'rs2': 1, 'rd': 7, 'rs1_val': 10, 'rs2_val': 0, 'alu_op': 'ADD'}
EX/MEM Reg = {'valid': 1, 'pc_plus4': 52, 'c': {'RegWrite': 1, 'MemRead': 0, 'MemWrite': 0, 'MemToReg': 0, 'ALUSrc': 1, 'Branch': 0, 'Jump': 0, 'JumpReg': 0, 'ALUOp': 'ADD', 'ImmSel': 'I', 'BrType': None, 'IsNOP': 0}, 'd': {'instr': 915, 'opcode': 19, 'rd': 7, 'funct3': 0, 'rs1': 0, 'rs2': 0, 'funct7': 0, 'imm_I': 0, 'imm_S': 7, 'imm_B': 2054, 'imm_U': 0, 'imm_J': 0}, 'rd': 7, 'alu_res': 0, 'rs2_val_fwd': 0, 'mem_addr': 0, 'branch_taken': 0, 'next_pc': 0, 'wb_val_for_jumps': 52}
MEM/WB Reg = {'valid': 0, 'pc_plus4': 0, 'c': None, 'd': None, 'rd': 0, 'alu_res': 0, 'mem_data': 0, 'wb_val_for_jumps': 0}

Cycle 267
PC = 64
Stall Flag = False
Flush Flag = False
IF/ID Reg = {'valid': 1, 'pc': 60, 'instr': 1213075}
ID/EX Reg = {'valid': 1, 'pc': 56, 'pc_plus4': 60, 'd': {'instr': 4267953891, 'opcode': 99, 'rd': 29, 'funct3': 4, 'rs1': 7, 'rs2': 6, 'funct7': 127, 'imm_I': -26, 'imm_S': -3, 'imm_B': -4, 'imm_U': 4267950080, 'imm_J': -800794}, 'c': {'RegWrite': 0, 'MemRead': 0, 'MemWrite': 0, 'MemToReg': 0, 'ALUSrc': 0, 'Branch': 1, 'Jump': 0, 'JumpReg': 0, 'ALUOp': 'SUB', 'ImmSel': 'B', 'BrType': 'blt', 'IsNOP': 0}, 'imm': -4, 'rs1': 7, 'rs2': 6, 'rd': 29, 'rs1_val': 10, 'rs2_val': 10, 'alu_op': 'SUB'}
EX/MEM Reg = {'valid': 1, 'pc_plus4': 56, 'c': {'RegWrite': 1, 'MemRead': 0, 'MemWrite': 0, 'MemToReg': 0, 'ALUSrc': 1, 'Branch': 0, 'Jump': 0, 'JumpReg': 0, 'ALUOp': 'ADD', 'ImmSel': 'I', 'BrType': None, 'IsNOP': 0}, 'd': {'instr': 1278867, 'opcode': 19, 'rd': 7, 'funct3': 0, 'rs1': 7, 'rs2': 1, 'funct7': 0, 'imm_I': 1, 'imm_S': 7, 'imm_B': 2054, 'imm_U': 1277952, 'imm_J': 231424}, 'rd': 7, 'alu_res': 1, 'rs2_val_fwd': 0, 'mem_addr': 1, 'branch_taken': 0, 'next_pc': 0, 'wb_val_for_jumps': 56}
MEM/WB Reg = {'valid': 1, 'pc_plus4': 52, 'c': {'RegWrite': 1, 'MemRead': 0, 'MemWrite': 0, 'MemToReg': 0, 'ALUSrc': 1, 'Branch': 0, 'Jump': 0, 'JumpReg': 0, 'ALUOp': 'ADD', 'ImmSel': 'I', 'BrType': None, 'IsNOP': 0}, 'd': {'instr': 915, 'opcode': 19, 'rd': 7, 'funct3': 0, 'rs1': 0, 'rs2': 0, 'funct7': 0, 'imm_I': 0, 'imm_S': 7, 'imm_B': 2054, 'imm_U': 0, 'imm_J': 0}, 'rd': 7, 'alu_res': 0, 'mem_data': 0, 'wb_val_for_jumps': 52}

Cycle 268
PC = 52
Stall Flag = False
Flush Flag = True
IF/ID Reg = {'valid': 0, 'pc': 0, 'instr': 0}
ID/EX Reg = {'valid': 0, 'pc': 60, 'pc_plus4': 64, 'd': {'instr': 1213075, 'opcode': 19, 'rd': 5, 'funct3': 0, 'rs1': 5, 'rs2': 1, 'funct7': 0, 'imm_I': 1, 'imm_S': 5, 'imm_B': 2052, 'imm_U': 1212416, 'imm_J': 165888}, 'c': {'RegWrite': 1, 'MemRead': 0, 'MemWrite': 0, 'MemToReg': 0, 'ALUSrc': 1, 'Branch': 0, 'Jump': 0, 'JumpReg': 0, 'ALUOp': 'ADD', 'ImmSel': 'I', 'BrType': None, 'IsNOP': 0}, 'imm': 1, 'rs1': 5, 'rs2': 1, 'rd': 5, 'rs1_val': 5, 'rs2_val': 0, 'alu_op': 'ADD'}
EX/MEM Reg = {'valid': 1, 'pc_plus4': 60, 'c': {'RegWrite': 0, 'MemRead': 0, 'MemWrite': 0, 'MemToReg': 0, 'ALUSrc': 0, 'Branch': 1, 'Jump': 0, 'JumpReg': 0, 'ALUOp': 'SUB', 'ImmSel': 'B', 'BrType': 'blt', 'IsNOP': 0}, 'd': {'instr': 4267953891, 'opcode': 99, 'rd': 29, 'funct3': 4, 'rs1': 7, 'rs2': 6, 'funct7': 127, 'imm_I': -26, 'imm_S': -3, 'imm_B': -4, 'imm_U': 4267950080, 'imm_J': -800794}, 'rd': 29, 'alu_res': 4294967287, 'rs2_val_fwd': 10, 'mem_addr': 4294967287, 'branch_taken': 0, 'next_pc': 0, 'wb_val_for_jumps': 60}
MEM/WB Reg = {'valid': 1, 'pc_plus4': 56, 'c': {'RegWrite': 1, 'MemRead': 0, 'MemWrite': 0, 'MemToReg': 0, 'ALUSrc': 1, 'Branch': 0, 'Jump': 0, 'JumpReg': 0, 'ALUOp': 'ADD', 'ImmSel': 'I', 'BrType': None, 'IsNOP': 0}, 'd': {'instr': 1278867, 'opcode': 19, 'rd': 7, 'funct3': 0, 'rs1': 7, 'rs2': 1, 'funct7': 0, 'imm_I': 1, 'imm_S': 7, 'imm_B': 2054, 'imm_U': 1277952, 'imm_J': 231424}, 'rd': 7, 'alu_res': 1, 'mem_data': 0, 'wb_val_for_jumps': 56}

Cycle 269
PC = 56
Stall Flag = False
Flush Flag = False
IF/ID Reg = {'valid': 1, 'pc': 52, 'instr': 1278867}
ID/EX Reg = {'valid': 0, 'pc': 0, 'pc_plus4': 0, 'd': None, 'c': None, 'imm': 0, 'rs1': 0, 'rs2': 0, 'rd': 0, 'rs1_val': 0, 'rs2_val': 0, 'alu_op': 'ADD'}
EX/MEM Reg = {'valid': 0, 'pc_plus4': 0, 'c': None, 'd': None, 'rd': 0, 'alu_res': 0, 'rs2_val_fwd': 0, 'mem_addr': 0, 'branch_taken': 0, 'next_pc': 0, 'wb_val_for_jumps': 0}
MEM/WB Reg = {'valid': 1, 'pc_plus4': 60, 'c': {'RegWrite': 0, 'MemRead': 0, 'MemWrite': 0, 'MemToReg': 0, 'ALUSrc': 0, 'Branch': 1, 'Jump': 0, 'JumpReg': 0, 'ALUOp': 'SUB', 'ImmSel': 'B', 'BrType': 'blt', 'IsNOP': 0}, 'd': {'instr': 4267953891, 'opcode': 99, 'rd': 29, 'funct3': 4, 'rs1': 7, 'rs2': 6, 'funct7': 127, 'imm_I': -26, 'imm_S': -3, 'imm_B': -4, 'imm_U': 4267950080, 'imm_J': -800794}, 'rd': 29, 'alu_res': 4294967287, 'mem_data': 0, 'wb_val_for_jumps': 60}

Cycle 270
PC = 60
Stall Flag = False
Flush Flag = False
IF/ID Reg = {'valid': 1, 'pc': 56, 'instr': 4267953891}
ID/EX Reg = {'valid': 1, 'pc': 52, 'pc_plus4': 56, 'd': {'instr': 1278867, 'opcode': 19, 'rd': 7, 'funct3': 0, 'rs1': 7, 'rs2': 1, 'funct7': 0, 'imm_I': 1, 'imm_S': 7, 'imm_B': 2054, 'imm_U': 1277952, 'imm_J': 231424}, 'c': {'RegWrite': 1, 'MemRead': 0, 'MemWrite': 0, 'MemToReg': 0, 'ALUSrc': 1, 'Branch': 0, 'Jump': 0, 'JumpReg': 0, 'ALUOp': 'ADD', 'ImmSel': 'I', 'BrType': None, 'IsNOP': 0}, 'imm': 1, 'rs1': 7, 'rs2': 1, 'rd': 7, 'rs1_val': 1, 'rs2_val': 0, 'alu_op': 'ADD'}
EX/MEM Reg = {'valid': 0, 'pc_plus4': 0, 'c': None, 'd': None, 'rd': 0, 'alu_res': 0, 'rs2_val_fwd': 0, 'mem_addr': 0, 'branch_taken': 0, 'next_pc': 0, 'wb_val_for_jumps': 0}
MEM/WB Reg = {'valid': 0, 'pc_plus4': 0, 'c': None, 'd': None, 'rd': 0, 'alu_res': 0, 'mem_data': 0, 'wb_val_for_jumps': 0}

Cycle 271
PC = 64
Stall Flag = False
Flush Flag = False
IF/ID Reg = {'valid': 1, 'pc': 60, 'instr': 1213075}
ID/EX Reg = {'valid': 1, 'pc': 56, 'pc_plus4': 60, 'd': {'instr': 4267953891, 'opcode': 99, 'rd': 29, 'funct3': 4, 'rs1': 7, 'rs2': 6, 'funct7': 127, 'imm_I': -26, 'imm_S': -3, 'imm_B': -4, 'imm_U': 4267950080, 'imm_J': -800794}, 'c': {'RegWrite': 0, 'MemRead': 0, 'MemWrite': 0, 'MemToReg': 0, 'ALUSrc': 0, 'Branch': 1, 'Jump': 0, 'JumpReg': 0, 'ALUOp': 'SUB', 'ImmSel': 'B', 'BrType': 'blt', 'IsNOP': 0}, 'imm': -4, 'rs1': 7, 'rs2': 6, 'rd': 29, 'rs1_val': 1, 'rs2_val': 10, 'alu_op': 'SUB'}
EX/MEM Reg = {'valid': 1, 'pc_plus4': 56, 'c': {'RegWrite': 1, 'MemRead': 0, 'MemWrite': 0, 'MemToReg': 0, 'ALUSrc': 1, 'Branch': 0, 'Jump': 0, 'JumpReg': 0, 'ALUOp': 'ADD', 'ImmSel': 'I', 'BrType': None, 'IsNOP': 0}, 'd': {'instr': 1278867, 'opcode': 19, 'rd': 7, 'funct3': 0, 'rs1': 7, 'rs2': 1, 'funct7': 0, 'imm_I': 1, 'imm_S': 7, 'imm_B': 2054, 'imm_U': 1277952, 'imm_J': 231424}, 'rd': 7, 'alu_res': 2, 'rs2_val_fwd': 0, 'mem_addr': 2, 'branch_taken': 0, 'next_pc': 0, 'wb_val_for_jumps': 56}
MEM/WB Reg = {'valid': 0, 'pc_plus4': 0, 'c': None, 'd': None, 'rd': 0, 'alu_res': 0, 'mem_data': 0, 'wb_val_for_jumps': 0}

Cycle 272
PC = 52
Stall Flag = False
Flush Flag = True
IF/ID Reg = {'valid': 0, 'pc': 0, 'instr': 0}
ID/EX Reg = {'valid': 0, 'pc': 60, 'pc_plus4': 64, 'd': {'instr': 1213075, 'opcode': 19, 'rd': 5, 'funct3': 0, 'rs1': 5, 'rs2': 1, 'funct7': 0, 'imm_I': 1, 'imm_S': 5, 'imm_B': 2052, 'imm_U': 1212416, 'imm_J': 165888}, 'c': {'RegWrite': 1, 'MemRead': 0, 'MemWrite': 0, 'MemToReg': 0, 'ALUSrc': 1, 'Branch': 0, 'Jump': 0, 'JumpReg': 0, 'ALUOp': 'ADD', 'ImmSel': 'I', 'BrType': None, 'IsNOP': 0}, 'imm': 1, 'rs1': 5, 'rs2': 1, 'rd': 5, 'rs1_val': 5, 'rs2_val': 0, 'alu_op': 'ADD'}
EX/MEM Reg = {'valid': 1, 'pc_plus4': 60, 'c': {'RegWrite': 0, 'MemRead': 0, 'MemWrite': 0, 'MemToReg': 0, 'ALUSrc': 0, 'Branch': 1, 'Jump': 0, 'JumpReg': 0, 'ALUOp': 'SUB', 'ImmSel': 'B', 'BrType': 'blt', 'IsNOP': 0}, 'd': {'instr': 4267953891, 'opcode': 99, 'rd': 29, 'funct3': 4, 'rs1': 7, 'rs2': 6, 'funct7': 127, 'imm_I': -26, 'imm_S': -3, 'imm_B': -4, 'imm_U': 4267950080, 'imm_J': -800794}, 'rd': 29, 'alu_res': 4294967288, 'rs2_val_fwd': 10, 'mem_addr': 4294967288, 'branch_taken': 0, 'next_pc': 0, 'wb_val_for_jumps': 60}
MEM/WB Reg = {'valid': 1, 'pc_plus4': 56, 'c': {'RegWrite': 1, 'MemRead': 0, 'MemWrite': 0, 'MemToReg': 0, 'ALUSrc': 1, 'Branch': 0, 'Jump': 0, 'JumpReg': 0, 'ALUOp': 'ADD', 'ImmSel': 'I', 'BrType': None, 'IsNOP': 0}, 'd': {'instr': 1278867, 'opcode': 19, 'rd': 7, 'funct3': 0, 'rs1': 7, 'rs2': 1, 'funct7': 0, 'imm_I': 1, 'imm_S': 7, 'imm_B': 2054, 'imm_U': 1277952, 'imm_J': 231424}, 'rd': 7, 'alu_res': 2, 'mem_data': 0, 'wb_val_for_jumps': 56}

Cycle 273
PC = 56
Stall Flag = False
Flush Flag = False
IF/ID Reg = {'valid': 1, 'pc': 52, 'instr': 1278867}
ID/EX Reg = {'valid': 0, 'pc': 0, 'pc_plus4': 0, 'd': None, 'c': None, 'imm': 0, 'rs1': 0, 'rs2': 0, 'rd': 0, 'rs1_val': 0, 'rs2_val': 0, 'alu_op': 'ADD'}
EX/MEM Reg = {'valid': 0, 'pc_plus4': 0, 'c': None, 'd': None, 'rd': 0, 'alu_res': 0, 'rs2_val_fwd': 0, 'mem_addr': 0, 'branch_taken': 0, 'next_pc': 0, 'wb_val_for_jumps': 0}
MEM/WB Reg = {'valid': 1, 'pc_plus4': 60, 'c': {'RegWrite': 0, 'MemRead': 0, 'MemWrite': 0, 'MemToReg': 0, 'ALUSrc': 0, 'Branch': 1, 'Jump': 0, 'JumpReg': 0, 'ALUOp': 'SUB', 'ImmSel': 'B', 'BrType': 'blt', 'IsNOP': 0}, 'd': {'instr': 4267953891, 'opcode': 99, 'rd': 29, 'funct3': 4, 'rs1': 7, 'rs2': 6, 'funct7': 127, 'imm_I': -26, 'imm_S': -3, 'imm_B': -4, 'imm_U': 4267950080, 'imm_J': -800794}, 'rd': 29, 'alu_res': 4294967288, 'mem_data': 0, 'wb_val_for_jumps': 60}

Cycle 274
PC = 60
Stall Flag = False
Flush Flag = False
IF/ID Reg = {'valid': 1, 'pc': 56, 'instr': 4267953891}
ID/EX Reg = {'valid': 1, 'pc': 52, 'pc_plus4': 56, 'd': {'instr': 1278867, 'opcode': 19, 'rd': 7, 'funct3': 0, 'rs1': 7, 'rs2': 1, 'funct7': 0, 'imm_I': 1, 'imm_S': 7, 'imm_B': 2054, 'imm_U': 1277952, 'imm_J': 231424}, 'c': {'RegWrite': 1, 'MemRead': 0, 'MemWrite': 0, 'MemToReg': 0, 'ALUSrc': 1, 'Branch': 0, 'Jump': 0, 'JumpReg': 0, 'ALUOp': 'ADD', 'ImmSel': 'I', 'BrType': None, 'IsNOP': 0}, 'imm': 1, 'rs1': 7, 'rs2': 1, 'rd': 7, 'rs1_val': 2, 'rs2_val': 0, 'alu_op': 'ADD'}
EX/MEM Reg = {'valid': 0, 'pc_plus4': 0, 'c': None, 'd': None, 'rd': 0, 'alu_res': 0, 'rs2_val_fwd': 0, 'mem_addr': 0, 'branch_taken': 0, 'next_pc': 0, 'wb_val_for_jumps': 0}
MEM/WB Reg = {'valid': 0, 'pc_plus4': 0, 'c': None, 'd': None, 'rd': 0, 'alu_res': 0, 'mem_data': 0, 'wb_val_for_jumps': 0}

Cycle 275
PC = 64
Stall Flag = False
Flush Flag = False
IF/ID Reg = {'valid': 1, 'pc': 60, 'instr': 1213075}
ID/EX Reg = {'valid': 1, 'pc': 56, 'pc_plus4': 60, 'd': {'instr': 4267953891, 'opcode': 99, 'rd': 29, 'funct3': 4, 'rs1': 7, 'rs2': 6, 'funct7': 127, 'imm_I': -26, 'imm_S': -3, 'imm_B': -4, 'imm_U': 4267950080, 'imm_J': -800794}, 'c': {'RegWrite': 0, 'MemRead': 0, 'MemWrite': 0, 'MemToReg': 0, 'ALUSrc': 0, 'Branch': 1, 'Jump': 0, 'JumpReg': 0, 'ALUOp': 'SUB', 'ImmSel': 'B', 'BrType': 'blt', 'IsNOP': 0}, 'imm': -4, 'rs1': 7, 'rs2': 6, 'rd': 29, 'rs1_val': 2, 'rs2_val': 10, 'alu_op': 'SUB'}
EX/MEM Reg = {'valid': 1, 'pc_plus4': 56, 'c': {'RegWrite': 1, 'MemRead': 0, 'MemWrite': 0, 'MemToReg': 0, 'ALUSrc': 1, 'Branch': 0, 'Jump': 0, 'JumpReg': 0, 'ALUOp': 'ADD', 'ImmSel': 'I', 'BrType': None, 'IsNOP': 0}, 'd': {'instr': 1278867, 'opcode': 19, 'rd': 7, 'funct3': 0, 'rs1': 7, 'rs2': 1, 'funct7': 0, 'imm_I': 1, 'imm_S': 7, 'imm_B': 2054, 'imm_U': 1277952, 'imm_J': 231424}, 'rd': 7, 'alu_res': 3, 'rs2_val_fwd': 0, 'mem_addr': 3, 'branch_taken': 0, 'next_pc': 0, 'wb_val_for_jumps': 56}
MEM/WB Reg = {'valid': 0, 'pc_plus4': 0, 'c': None, 'd': None, 'rd': 0, 'alu_res': 0, 'mem_data': 0, 'wb_val_for_jumps': 0}

Cycle 276
PC = 52
Stall Flag = False
Flush Flag = True
IF/ID Reg = {'valid': 0, 'pc': 0, 'instr': 0}
ID/EX Reg = {'valid': 0, 'pc': 60, 'pc_plus4': 64, 'd': {'instr': 1213075, 'opcode': 19, 'rd': 5, 'funct3': 0, 'rs1': 5, 'rs2': 1, 'funct7': 0, 'imm_I': 1, 'imm_S': 5, 'imm_B': 2052, 'imm_U': 1212416, 'imm_J': 165888}, 'c': {'RegWrite': 1, 'MemRead': 0, 'MemWrite': 0, 'MemToReg': 0, 'ALUSrc': 1, 'Branch': 0, 'Jump': 0, 'JumpReg': 0, 'ALUOp': 'ADD', 'ImmSel': 'I', 'BrType': None, 'IsNOP': 0}, 'imm': 1, 'rs1': 5, 'rs2': 1, 'rd': 5, 'rs1_val': 5, 'rs2_val': 0, 'alu_op': 'ADD'}
EX/MEM Reg = {'valid': 1, 'pc_plus4': 60, 'c': {'RegWrite': 0, 'MemRead': 0, 'MemWrite': 0, 'MemToReg': 0, 'ALUSrc': 0, 'Branch': 1, 'Jump': 0, 'JumpReg': 0, 'ALUOp': 'SUB', 'ImmSel': 'B', 'BrType': 'blt', 'IsNOP': 0}, 'd': {'instr': 4267953891, 'opcode': 99, 'rd': 29, 'funct3': 4, 'rs1': 7, 'rs2': 6, 'funct7': 127, 'imm_I': -26, 'imm_S': -3, 'imm_B': -4, 'imm_U': 4267950080, 'imm_J': -800794}, 'rd': 29, 'alu_res': 4294967289, 'rs2_val_fwd': 10, 'mem_addr': 4294967289, 'branch_taken': 0, 'next_pc': 0, 'wb_val_for_jumps': 60}
MEM/WB Reg = {'valid': 1, 'pc_plus4': 56, 'c': {'RegWrite': 1, 'MemRead': 0, 'MemWrite': 0, 'MemToReg': 0, 'ALUSrc': 1, 'Branch': 0, 'Jump': 0, 'JumpReg': 0, 'ALUOp': 'ADD', 'ImmSel': 'I', 'BrType': None, 'IsNOP': 0}, 'd': {'instr': 1278867, 'opcode': 19, 'rd': 7, 'funct3': 0, 'rs1': 7, 'rs2': 1, 'funct7': 0, 'imm_I': 1, 'imm_S': 7, 'imm_B': 2054, 'imm_U': 1277952, 'imm_J': 231424}, 'rd': 7, 'alu_res': 3, 'mem_data': 0, 'wb_val_for_jumps': 56}

Cycle 277
PC = 56
Stall Flag = False
Flush Flag = False
IF/ID Reg = {'valid': 1, 'pc': 52, 'instr': 1278867}
ID/EX Reg = {'valid': 0, 'pc': 0, 'pc_plus4': 0, 'd': None, 'c': None, 'imm': 0, 'rs1': 0, 'rs2': 0, 'rd': 0, 'rs1_val': 0, 'rs2_val': 0, 'alu_op': 'ADD'}
EX/MEM Reg = {'valid': 0, 'pc_plus4': 0, 'c': None, 'd': None, 'rd': 0, 'alu_res': 0, 'rs2_val_fwd': 0, 'mem_addr': 0, 'branch_taken': 0, 'next_pc': 0, 'wb_val_for_jumps': 0}
MEM/WB Reg = {'valid': 1, 'pc_plus4': 60, 'c': {'RegWrite': 0, 'MemRead': 0, 'MemWrite': 0, 'MemToReg': 0, 'ALUSrc': 0, 'Branch': 1, 'Jump': 0, 'JumpReg': 0, 'ALUOp': 'SUB', 'ImmSel': 'B', 'BrType': 'blt', 'IsNOP': 0}, 'd': {'instr': 4267953891, 'opcode': 99, 'rd': 29, 'funct3': 4, 'rs1': 7, 'rs2': 6, 'funct7': 127, 'imm_I': -26, 'imm_S': -3, 'imm_B': -4, 'imm_U': 4267950080, 'imm_J': -800794}, 'rd': 29, 'alu_res': 4294967289, 'mem_data': 0, 'wb_val_for_jumps': 60}

Cycle 278
PC = 60
Stall Flag = False
Flush Flag = False
IF/ID Reg = {'valid': 1, 'pc': 56, 'instr': 4267953891}
ID/EX Reg = {'valid': 1, 'pc': 52, 'pc_plus4': 56, 'd': {'instr': 1278867, 'opcode': 19, 'rd': 7, 'funct3': 0, 'rs1': 7, 'rs2': 1, 'funct7': 0, 'imm_I': 1, 'imm_S': 7, 'imm_B': 2054, 'imm_U': 1277952, 'imm_J': 231424}, 'c': {'RegWrite': 1, 'MemRead': 0, 'MemWrite': 0, 'MemToReg': 0, 'ALUSrc': 1, 'Branch': 0, 'Jump': 0, 'JumpReg': 0, 'ALUOp': 'ADD', 'ImmSel': 'I', 'BrType': None, 'IsNOP': 0}, 'imm': 1, 'rs1': 7, 'rs2': 1, 'rd': 7, 'rs1_val': 3, 'rs2_val': 0, 'alu_op': 'ADD'}
EX/MEM Reg = {'valid': 0, 'pc_plus4': 0, 'c': None, 'd': None, 'rd': 0, 'alu_res': 0, 'rs2_val_fwd': 0, 'mem_addr': 0, 'branch_taken': 0, 'next_pc': 0, 'wb_val_for_jumps': 0}
MEM/WB Reg = {'valid': 0, 'pc_plus4': 0, 'c': None, 'd': None, 'rd': 0, 'alu_res': 0, 'mem_data': 0, 'wb_val_for_jumps': 0}

Cycle 279
PC = 64
Stall Flag = False
Flush Flag = False
IF/ID Reg = {'valid': 1, 'pc': 60, 'instr': 1213075}
ID/EX Reg = {'valid': 1, 'pc': 56, 'pc_plus4': 60, 'd': {'instr': 4267953891, 'opcode': 99, 'rd': 29, 'funct3': 4, 'rs1': 7, 'rs2': 6, 'funct7': 127, 'imm_I': -26, 'imm_S': -3, 'imm_B': -4, 'imm_U': 4267950080, 'imm_J': -800794}, 'c': {'RegWrite': 0, 'MemRead': 0, 'MemWrite': 0, 'MemToReg': 0, 'ALUSrc': 0, 'Branch': 1, 'Jump': 0, 'JumpReg': 0, 'ALUOp': 'SUB', 'ImmSel': 'B', 'BrType': 'blt', 'IsNOP': 0}, 'imm': -4, 'rs1': 7, 'rs2': 6, 'rd': 29, 'rs1_val': 3, 'rs2_val': 10, 'alu_op': 'SUB'}
EX/MEM Reg = {'valid': 1, 'pc_plus4': 56, 'c': {'RegWrite': 1, 'MemRead': 0, 'MemWrite': 0, 'MemToReg': 0, 'ALUSrc': 1, 'Branch': 0, 'Jump': 0, 'JumpReg': 0, 'ALUOp': 'ADD', 'ImmSel': 'I', 'BrType': None, 'IsNOP': 0}, 'd': {'instr': 1278867, 'opcode': 19, 'rd': 7, 'funct3': 0, 'rs1': 7, 'rs2': 1, 'funct7': 0, 'imm_I': 1, 'imm_S': 7, 'imm_B': 2054, 'imm_U': 1277952, 'imm_J': 231424}, 'rd': 7, 'alu_res': 4, 'rs2_val_fwd': 0, 'mem_addr': 4, 'branch_taken': 0, 'next_pc': 0, 'wb_val_for_jumps': 56}
MEM/WB Reg = {'valid': 0, 'pc_plus4': 0, 'c': None, 'd': None, 'rd': 0, 'alu_res': 0, 'mem_data': 0, 'wb_val_for_jumps': 0}

Cycle 280
PC = 52
Stall Flag = False
Flush Flag = True
IF/ID Reg = {'valid': 0, 'pc': 0, 'instr': 0}
ID/EX Reg = {'valid': 0, 'pc': 60, 'pc_plus4': 64, 'd': {'instr': 1213075, 'opcode': 19, 'rd': 5, 'funct3': 0, 'rs1': 5, 'rs2': 1, 'funct7': 0, 'imm_I': 1, 'imm_S': 5, 'imm_B': 2052, 'imm_U': 1212416, 'imm_J': 165888}, 'c': {'RegWrite': 1, 'MemRead': 0, 'MemWrite': 0, 'MemToReg': 0, 'ALUSrc': 1, 'Branch': 0, 'Jump': 0, 'JumpReg': 0, 'ALUOp': 'ADD', 'ImmSel': 'I', 'BrType': None, 'IsNOP': 0}, 'imm': 1, 'rs1': 5, 'rs2': 1, 'rd': 5, 'rs1_val': 5, 'rs2_val': 0, 'alu_op': 'ADD'}
EX/MEM Reg = {'valid': 1, 'pc_plus4': 60, 'c': {'RegWrite': 0, 'MemRead': 0, 'MemWrite': 0, 'MemToReg': 0, 'ALUSrc': 0, 'Branch': 1, 'Jump': 0, 'JumpReg': 0, 'ALUOp': 'SUB', 'ImmSel': 'B', 'BrType': 'blt', 'IsNOP': 0}, 'd': {'instr': 4267953891, 'opcode': 99, 'rd': 29, 'funct3': 4, 'rs1': 7, 'rs2': 6, 'funct7': 127, 'imm_I': -26, 'imm_S': -3, 'imm_B': -4, 'imm_U': 4267950080, 'imm_J': -800794}, 'rd': 29, 'alu_res': 4294967290, 'rs2_val_fwd': 10, 'mem_addr': 4294967290, 'branch_taken': 0, 'next_pc': 0, 'wb_val_for_jumps': 60}
MEM/WB Reg = {'valid': 1, 'pc_plus4': 56, 'c': {'RegWrite': 1, 'MemRead': 0, 'MemWrite': 0, 'MemToReg': 0, 'ALUSrc': 1, 'Branch': 0, 'Jump': 0, 'JumpReg': 0, 'ALUOp': 'ADD', 'ImmSel': 'I', 'BrType': None, 'IsNOP': 0}, 'd': {'instr': 1278867, 'opcode': 19, 'rd': 7, 'funct3': 0, 'rs1': 7, 'rs2': 1, 'funct7': 0, 'imm_I': 1, 'imm_S': 7, 'imm_B': 2054, 'imm_U': 1277952, 'imm_J': 231424}, 'rd': 7, 'alu_res': 4, 'mem_data': 0, 'wb_val_for_jumps': 56}

Cycle 281
PC = 56
Stall Flag = False
Flush Flag = False
IF/ID Reg = {'valid': 1, 'pc': 52, 'instr': 1278867}
ID/EX Reg = {'valid': 0, 'pc': 0, 'pc_plus4': 0, 'd': None, 'c': None, 'imm': 0, 'rs1': 0, 'rs2': 0, 'rd': 0, 'rs1_val': 0, 'rs2_val': 0, 'alu_op': 'ADD'}
EX/MEM Reg = {'valid': 0, 'pc_plus4': 0, 'c': None, 'd': None, 'rd': 0, 'alu_res': 0, 'rs2_val_fwd': 0, 'mem_addr': 0, 'branch_taken': 0, 'next_pc': 0, 'wb_val_for_jumps': 0}
MEM/WB Reg = {'valid': 1, 'pc_plus4': 60, 'c': {'RegWrite': 0, 'MemRead': 0, 'MemWrite': 0, 'MemToReg': 0, 'ALUSrc': 0, 'Branch': 1, 'Jump': 0, 'JumpReg': 0, 'ALUOp': 'SUB', 'ImmSel': 'B', 'BrType': 'blt', 'IsNOP': 0}, 'd': {'instr': 4267953891, 'opcode': 99, 'rd': 29, 'funct3': 4, 'rs1': 7, 'rs2': 6, 'funct7': 127, 'imm_I': -26, 'imm_S': -3, 'imm_B': -4, 'imm_U': 4267950080, 'imm_J': -800794}, 'rd': 29, 'alu_res': 4294967290, 'mem_data': 0, 'wb_val_for_jumps': 60}

Cycle 282
PC = 60
Stall Flag = False
Flush Flag = False
IF/ID Reg = {'valid': 1, 'pc': 56, 'instr': 4267953891}
ID/EX Reg = {'valid': 1, 'pc': 52, 'pc_plus4': 56, 'd': {'instr': 1278867, 'opcode': 19, 'rd': 7, 'funct3': 0, 'rs1': 7, 'rs2': 1, 'funct7': 0, 'imm_I': 1, 'imm_S': 7, 'imm_B': 2054, 'imm_U': 1277952, 'imm_J': 231424}, 'c': {'RegWrite': 1, 'MemRead': 0, 'MemWrite': 0, 'MemToReg': 0, 'ALUSrc': 1, 'Branch': 0, 'Jump': 0, 'JumpReg': 0, 'ALUOp': 'ADD', 'ImmSel': 'I', 'BrType': None, 'IsNOP': 0}, 'imm': 1, 'rs1': 7, 'rs2': 1, 'rd': 7, 'rs1_val': 4, 'rs2_val': 0, 'alu_op': 'ADD'}
EX/MEM Reg = {'valid': 0, 'pc_plus4': 0, 'c': None, 'd': None, 'rd': 0, 'alu_res': 0, 'rs2_val_fwd': 0, 'mem_addr': 0, 'branch_taken': 0, 'next_pc': 0, 'wb_val_for_jumps': 0}
MEM/WB Reg = {'valid': 0, 'pc_plus4': 0, 'c': None, 'd': None, 'rd': 0, 'alu_res': 0, 'mem_data': 0, 'wb_val_for_jumps': 0}

Cycle 283
PC = 64
Stall Flag = False
Flush Flag = False
IF/ID Reg = {'valid': 1, 'pc': 60, 'instr': 1213075}
ID/EX Reg = {'valid': 1, 'pc': 56, 'pc_plus4': 60, 'd': {'instr': 4267953891, 'opcode': 99, 'rd': 29, 'funct3': 4, 'rs1': 7, 'rs2': 6, 'funct7': 127, 'imm_I': -26, 'imm_S': -3, 'imm_B': -4, 'imm_U': 4267950080, 'imm_J': -800794}, 'c': {'RegWrite': 0, 'MemRead': 0, 'MemWrite': 0, 'MemToReg': 0, 'ALUSrc': 0, 'Branch': 1, 'Jump': 0, 'JumpReg': 0, 'ALUOp': 'SUB', 'ImmSel': 'B', 'BrType': 'blt', 'IsNOP': 0}, 'imm': -4, 'rs1': 7, 'rs2': 6, 'rd': 29, 'rs1_val': 4, 'rs2_val': 10, 'alu_op': 'SUB'}
EX/MEM Reg = {'valid': 1, 'pc_plus4': 56, 'c': {'RegWrite': 1, 'MemRead': 0, 'MemWrite': 0, 'MemToReg': 0, 'ALUSrc': 1, 'Branch': 0, 'Jump': 0, 'JumpReg': 0, 'ALUOp': 'ADD', 'ImmSel': 'I', 'BrType': None, 'IsNOP': 0}, 'd': {'instr': 1278867, 'opcode': 19, 'rd': 7, 'funct3': 0, 'rs1': 7, 'rs2': 1, 'funct7': 0, 'imm_I': 1, 'imm_S': 7, 'imm_B': 2054, 'imm_U': 1277952, 'imm_J': 231424}, 'rd': 7, 'alu_res': 5, 'rs2_val_fwd': 0, 'mem_addr': 5, 'branch_taken': 0, 'next_pc': 0, 'wb_val_for_jumps': 56}
MEM/WB Reg = {'valid': 0, 'pc_plus4': 0, 'c': None, 'd': None, 'rd': 0, 'alu_res': 0, 'mem_data': 0, 'wb_val_for_jumps': 0}

Cycle 284
PC = 52
Stall Flag = False
Flush Flag = True
IF/ID Reg = {'valid': 0, 'pc': 0, 'instr': 0}
ID/EX Reg = {'valid': 0, 'pc': 60, 'pc_plus4': 64, 'd': {'instr': 1213075, 'opcode': 19, 'rd': 5, 'funct3': 0, 'rs1': 5, 'rs2': 1, 'funct7': 0, 'imm_I': 1, 'imm_S': 5, 'imm_B': 2052, 'imm_U': 1212416, 'imm_J': 165888}, 'c': {'RegWrite': 1, 'MemRead': 0, 'MemWrite': 0, 'MemToReg': 0, 'ALUSrc': 1, 'Branch': 0, 'Jump': 0, 'JumpReg': 0, 'ALUOp': 'ADD', 'ImmSel': 'I', 'BrType': None, 'IsNOP': 0}, 'imm': 1, 'rs1': 5, 'rs2': 1, 'rd': 5, 'rs1_val': 5, 'rs2_val': 0, 'alu_op': 'ADD'}
EX/MEM Reg = {'valid': 1, 'pc_plus4': 60, 'c': {'RegWrite': 0, 'MemRead': 0, 'MemWrite': 0, 'MemToReg': 0, 'ALUSrc': 0, 'Branch': 1, 'Jump': 0, 'JumpReg': 0, 'ALUOp': 'SUB', 'ImmSel': 'B', 'BrType': 'blt', 'IsNOP': 0}, 'd': {'instr': 4267953891, 'opcode': 99, 'rd': 29, 'funct3': 4, 'rs1': 7, 'rs2': 6, 'funct7': 127, 'imm_I': -26, 'imm_S': -3, 'imm_B': -4, 'imm_U': 4267950080, 'imm_J': -800794}, 'rd': 29, 'alu_res': 4294967291, 'rs2_val_fwd': 10, 'mem_addr': 4294967291, 'branch_taken': 0, 'next_pc': 0, 'wb_val_for_jumps': 60}
MEM/WB Reg = {'valid': 1, 'pc_plus4': 56, 'c': {'RegWrite': 1, 'MemRead': 0, 'MemWrite': 0, 'MemToReg': 0, 'ALUSrc': 1, 'Branch': 0, 'Jump': 0, 'JumpReg': 0, 'ALUOp': 'ADD', 'ImmSel': 'I', 'BrType': None, 'IsNOP': 0}, 'd': {'instr': 1278867, 'opcode': 19, 'rd': 7, 'funct3': 0, 'rs1': 7, 'rs2': 1, 'funct7': 0, 'imm_I': 1, 'imm_S': 7, 'imm_B': 2054, 'imm_U': 1277952, 'imm_J': 231424}, 'rd': 7, 'alu_res': 5, 'mem_data': 0, 'wb_val_for_jumps': 56}

Cycle 285
PC = 56
Stall Flag = False
Flush Flag = False
IF/ID Reg = {'valid': 1, 'pc': 52, 'instr': 1278867}
ID/EX Reg = {'valid': 0, 'pc': 0, 'pc_plus4': 0, 'd': None, 'c': None, 'imm': 0, 'rs1': 0, 'rs2': 0, 'rd': 0, 'rs1_val': 0, 'rs2_val': 0, 'alu_op': 'ADD'}
EX/MEM Reg = {'valid': 0, 'pc_plus4': 0, 'c': None, 'd': None, 'rd': 0, 'alu_res': 0, 'rs2_val_fwd': 0, 'mem_addr': 0, 'branch_taken': 0, 'next_pc': 0, 'wb_val_for_jumps': 0}
MEM/WB Reg = {'valid': 1, 'pc_plus4': 60, 'c': {'RegWrite': 0, 'MemRead': 0, 'MemWrite': 0, 'MemToReg': 0, 'ALUSrc': 0, 'Branch': 1, 'Jump': 0, 'JumpReg': 0, 'ALUOp': 'SUB', 'ImmSel': 'B', 'BrType': 'blt', 'IsNOP': 0}, 'd': {'instr': 4267953891, 'opcode': 99, 'rd': 29, 'funct3': 4, 'rs1': 7, 'rs2': 6, 'funct7': 127, 'imm_I': -26, 'imm_S': -3, 'imm_B': -4, 'imm_U': 4267950080, 'imm_J': -800794}, 'rd': 29, 'alu_res': 4294967291, 'mem_data': 0, 'wb_val_for_jumps': 60}

Cycle 286
PC = 60
Stall Flag = False
Flush Flag = False
IF/ID Reg = {'valid': 1, 'pc': 56, 'instr': 4267953891}
ID/EX Reg = {'valid': 1, 'pc': 52, 'pc_plus4': 56, 'd': {'instr': 1278867, 'opcode': 19, 'rd': 7, 'funct3': 0, 'rs1': 7, 'rs2': 1, 'funct7': 0, 'imm_I': 1, 'imm_S': 7, 'imm_B': 2054, 'imm_U': 1277952, 'imm_J': 231424}, 'c': {'RegWrite': 1, 'MemRead': 0, 'MemWrite': 0, 'MemToReg': 0, 'ALUSrc': 1, 'Branch': 0, 'Jump': 0, 'JumpReg': 0, 'ALUOp': 'ADD', 'ImmSel': 'I', 'BrType': None, 'IsNOP': 0}, 'imm': 1, 'rs1': 7, 'rs2': 1, 'rd': 7, 'rs1_val': 5, 'rs2_val': 0, 'alu_op': 'ADD'}
EX/MEM Reg = {'valid': 0, 'pc_plus4': 0, 'c': None, 'd': None, 'rd': 0, 'alu_res': 0, 'rs2_val_fwd': 0, 'mem_addr': 0, 'branch_taken': 0, 'next_pc': 0, 'wb_val_for_jumps': 0}
MEM/WB Reg = {'valid': 0, 'pc_plus4': 0, 'c': None, 'd': None, 'rd': 0, 'alu_res': 0, 'mem_data': 0, 'wb_val_for_jumps': 0}

Cycle 287
PC = 64
Stall Flag = False
Flush Flag = False
IF/ID Reg = {'valid': 1, 'pc': 60, 'instr': 1213075}
ID/EX Reg = {'valid': 1, 'pc': 56, 'pc_plus4': 60, 'd': {'instr': 4267953891, 'opcode': 99, 'rd': 29, 'funct3': 4, 'rs1': 7, 'rs2': 6, 'funct7': 127, 'imm_I': -26, 'imm_S': -3, 'imm_B': -4, 'imm_U': 4267950080, 'imm_J': -800794}, 'c': {'RegWrite': 0, 'MemRead': 0, 'MemWrite': 0, 'MemToReg': 0, 'ALUSrc': 0, 'Branch': 1, 'Jump': 0, 'JumpReg': 0, 'ALUOp': 'SUB', 'ImmSel': 'B', 'BrType': 'blt', 'IsNOP': 0}, 'imm': -4, 'rs1': 7, 'rs2': 6, 'rd': 29, 'rs1_val': 5, 'rs2_val': 10, 'alu_op': 'SUB'}
EX/MEM Reg = {'valid': 1, 'pc_plus4': 56, 'c': {'RegWrite': 1, 'MemRead': 0, 'MemWrite': 0, 'MemToReg': 0, 'ALUSrc': 1, 'Branch': 0, 'Jump': 0, 'JumpReg': 0, 'ALUOp': 'ADD', 'ImmSel': 'I', 'BrType': None, 'IsNOP': 0}, 'd': {'instr': 1278867, 'opcode': 19, 'rd': 7, 'funct3': 0, 'rs1': 7, 'rs2': 1, 'funct7': 0, 'imm_I': 1, 'imm_S': 7, 'imm_B': 2054, 'imm_U': 1277952, 'imm_J': 231424}, 'rd': 7, 'alu_res': 6, 'rs2_val_fwd': 0, 'mem_addr': 6, 'branch_taken': 0, 'next_pc': 0, 'wb_val_for_jumps': 56}
MEM/WB Reg = {'valid': 0, 'pc_plus4': 0, 'c': None, 'd': None, 'rd': 0, 'alu_res': 0, 'mem_data': 0, 'wb_val_for_jumps': 0}

Cycle 288
PC = 52
Stall Flag = False
Flush Flag = True
IF/ID Reg = {'valid': 0, 'pc': 0, 'instr': 0}
ID/EX Reg = {'valid': 0, 'pc': 60, 'pc_plus4': 64, 'd': {'instr': 1213075, 'opcode': 19, 'rd': 5, 'funct3': 0, 'rs1': 5, 'rs2': 1, 'funct7': 0, 'imm_I': 1, 'imm_S': 5, 'imm_B': 2052, 'imm_U': 1212416, 'imm_J': 165888}, 'c': {'RegWrite': 1, 'MemRead': 0, 'MemWrite': 0, 'MemToReg': 0, 'ALUSrc': 1, 'Branch': 0, 'Jump': 0, 'JumpReg': 0, 'ALUOp': 'ADD', 'ImmSel': 'I', 'BrType': None, 'IsNOP': 0}, 'imm': 1, 'rs1': 5, 'rs2': 1, 'rd': 5, 'rs1_val': 5, 'rs2_val': 0, 'alu_op': 'ADD'}
EX/MEM Reg = {'valid': 1, 'pc_plus4': 60, 'c': {'RegWrite': 0, 'MemRead': 0, 'MemWrite': 0, 'MemToReg': 0, 'ALUSrc': 0, 'Branch': 1, 'Jump': 0, 'JumpReg': 0, 'ALUOp': 'SUB', 'ImmSel': 'B', 'BrType': 'blt', 'IsNOP': 0}, 'd': {'instr': 4267953891, 'opcode': 99, 'rd': 29, 'funct3': 4, 'rs1': 7, 'rs2': 6, 'funct7': 127, 'imm_I': -26, 'imm_S': -3, 'imm_B': -4, 'imm_U': 4267950080, 'imm_J': -800794}, 'rd': 29, 'alu_res': 4294967292, 'rs2_val_fwd': 10, 'mem_addr': 4294967292, 'branch_taken': 0, 'next_pc': 0, 'wb_val_for_jumps': 60}
MEM/WB Reg = {'valid': 1, 'pc_plus4': 56, 'c': {'RegWrite': 1, 'MemRead': 0, 'MemWrite': 0, 'MemToReg': 0, 'ALUSrc': 1, 'Branch': 0, 'Jump': 0, 'JumpReg': 0, 'ALUOp': 'ADD', 'ImmSel': 'I', 'BrType': None, 'IsNOP': 0}, 'd': {'instr': 1278867, 'opcode': 19, 'rd': 7, 'funct3': 0, 'rs1': 7, 'rs2': 1, 'funct7': 0, 'imm_I': 1, 'imm_S': 7, 'imm_B': 2054, 'imm_U': 1277952, 'imm_J': 231424}, 'rd': 7, 'alu_res': 6, 'mem_data': 0, 'wb_val_for_jumps': 56}

Cycle 289
PC = 56
Stall Flag = False
Flush Flag = False
IF/ID Reg = {'valid': 1, 'pc': 52, 'instr': 1278867}
ID/EX Reg = {'valid': 0, 'pc': 0, 'pc_plus4': 0, 'd': None, 'c': None, 'imm': 0, 'rs1': 0, 'rs2': 0, 'rd': 0, 'rs1_val': 0, 'rs2_val': 0, 'alu_op': 'ADD'}
EX/MEM Reg = {'valid': 0, 'pc_plus4': 0, 'c': None, 'd': None, 'rd': 0, 'alu_res': 0, 'rs2_val_fwd': 0, 'mem_addr': 0, 'branch_taken': 0, 'next_pc': 0, 'wb_val_for_jumps': 0}
MEM/WB Reg = {'valid': 1, 'pc_plus4': 60, 'c': {'RegWrite': 0, 'MemRead': 0, 'MemWrite': 0, 'MemToReg': 0, 'ALUSrc': 0, 'Branch': 1, 'Jump': 0, 'JumpReg': 0, 'ALUOp': 'SUB', 'ImmSel': 'B', 'BrType': 'blt', 'IsNOP': 0}, 'd': {'instr': 4267953891, 'opcode': 99, 'rd': 29, 'funct3': 4, 'rs1': 7, 'rs2': 6, 'funct7': 127, 'imm_I': -26, 'imm_S': -3, 'imm_B': -4, 'imm_U': 4267950080, 'imm_J': -800794}, 'rd': 29, 'alu_res': 4294967292, 'mem_data': 0, 'wb_val_for_jumps': 60}

Cycle 290
PC = 60
Stall Flag = False
Flush Flag = False
IF/ID Reg = {'valid': 1, 'pc': 56, 'instr': 4267953891}
ID/EX Reg = {'valid': 1, 'pc': 52, 'pc_plus4': 56, 'd': {'instr': 1278867, 'opcode': 19, 'rd': 7, 'funct3': 0, 'rs1': 7, 'rs2': 1, 'funct7': 0, 'imm_I': 1, 'imm_S': 7, 'imm_B': 2054, 'imm_U': 1277952, 'imm_J': 231424}, 'c': {'RegWrite': 1, 'MemRead': 0, 'MemWrite': 0, 'MemToReg': 0, 'ALUSrc': 1, 'Branch': 0, 'Jump': 0, 'JumpReg': 0, 'ALUOp': 'ADD', 'ImmSel': 'I', 'BrType': None, 'IsNOP': 0}, 'imm': 1, 'rs1': 7, 'rs2': 1, 'rd': 7, 'rs1_val': 6, 'rs2_val': 0, 'alu_op': 'ADD'}
EX/MEM Reg = {'valid': 0, 'pc_plus4': 0, 'c': None, 'd': None, 'rd': 0, 'alu_res': 0, 'rs2_val_fwd': 0, 'mem_addr': 0, 'branch_taken': 0, 'next_pc': 0, 'wb_val_for_jumps': 0}
MEM/WB Reg = {'valid': 0, 'pc_plus4': 0, 'c': None, 'd': None, 'rd': 0, 'alu_res': 0, 'mem_data': 0, 'wb_val_for_jumps': 0}

Cycle 291
PC = 64
Stall Flag = False
Flush Flag = False
IF/ID Reg = {'valid': 1, 'pc': 60, 'instr': 1213075}
ID/EX Reg = {'valid': 1, 'pc': 56, 'pc_plus4': 60, 'd': {'instr': 4267953891, 'opcode': 99, 'rd': 29, 'funct3': 4, 'rs1': 7, 'rs2': 6, 'funct7': 127, 'imm_I': -26, 'imm_S': -3, 'imm_B': -4, 'imm_U': 4267950080, 'imm_J': -800794}, 'c': {'RegWrite': 0, 'MemRead': 0, 'MemWrite': 0, 'MemToReg': 0, 'ALUSrc': 0, 'Branch': 1, 'Jump': 0, 'JumpReg': 0, 'ALUOp': 'SUB', 'ImmSel': 'B', 'BrType': 'blt', 'IsNOP': 0}, 'imm': -4, 'rs1': 7, 'rs2': 6, 'rd': 29, 'rs1_val': 6, 'rs2_val': 10, 'alu_op': 'SUB'}
EX/MEM Reg = {'valid': 1, 'pc_plus4': 56, 'c': {'RegWrite': 1, 'MemRead': 0, 'MemWrite': 0, 'MemToReg': 0, 'ALUSrc': 1, 'Branch': 0, 'Jump': 0, 'JumpReg': 0, 'ALUOp': 'ADD', 'ImmSel': 'I', 'BrType': None, 'IsNOP': 0}, 'd': {'instr': 1278867, 'opcode': 19, 'rd': 7, 'funct3': 0, 'rs1': 7, 'rs2': 1, 'funct7': 0, 'imm_I': 1, 'imm_S': 7, 'imm_B': 2054, 'imm_U': 1277952, 'imm_J': 231424}, 'rd': 7, 'alu_res': 7, 'rs2_val_fwd': 0, 'mem_addr': 7, 'branch_taken': 0, 'next_pc': 0, 'wb_val_for_jumps': 56}
MEM/WB Reg = {'valid': 0, 'pc_plus4': 0, 'c': None, 'd': None, 'rd': 0, 'alu_res': 0, 'mem_data': 0, 'wb_val_for_jumps': 0}

Cycle 292
PC = 52
Stall Flag = False
Flush Flag = True
IF/ID Reg = {'valid': 0, 'pc': 0, 'instr': 0}
ID/EX Reg = {'valid': 0, 'pc': 60, 'pc_plus4': 64, 'd': {'instr': 1213075, 'opcode': 19, 'rd': 5, 'funct3': 0, 'rs1': 5, 'rs2': 1, 'funct7': 0, 'imm_I': 1, 'imm_S': 5, 'imm_B': 2052, 'imm_U': 1212416, 'imm_J': 165888}, 'c': {'RegWrite': 1, 'MemRead': 0, 'MemWrite': 0, 'MemToReg': 0, 'ALUSrc': 1, 'Branch': 0, 'Jump': 0, 'JumpReg': 0, 'ALUOp': 'ADD', 'ImmSel': 'I', 'BrType': None, 'IsNOP': 0}, 'imm': 1, 'rs1': 5, 'rs2': 1, 'rd': 5, 'rs1_val': 5, 'rs2_val': 0, 'alu_op': 'ADD'}
EX/MEM Reg = {'valid': 1, 'pc_plus4': 60, 'c': {'RegWrite': 0, 'MemRead': 0, 'MemWrite': 0, 'MemToReg': 0, 'ALUSrc': 0, 'Branch': 1, 'Jump': 0, 'JumpReg': 0, 'ALUOp': 'SUB', 'ImmSel': 'B', 'BrType': 'blt', 'IsNOP': 0}, 'd': {'instr': 4267953891, 'opcode': 99, 'rd': 29, 'funct3': 4, 'rs1': 7, 'rs2': 6, 'funct7': 127, 'imm_I': -26, 'imm_S': -3, 'imm_B': -4, 'imm_U': 4267950080, 'imm_J': -800794}, 'rd': 29, 'alu_res': 4294967293, 'rs2_val_fwd': 10, 'mem_addr': 4294967293, 'branch_taken': 0, 'next_pc': 0, 'wb_val_for_jumps': 60}
MEM/WB Reg = {'valid': 1, 'pc_plus4': 56, 'c': {'RegWrite': 1, 'MemRead': 0, 'MemWrite': 0, 'MemToReg': 0, 'ALUSrc': 1, 'Branch': 0, 'Jump': 0, 'JumpReg': 0, 'ALUOp': 'ADD', 'ImmSel': 'I', 'BrType': None, 'IsNOP': 0}, 'd': {'instr': 1278867, 'opcode': 19, 'rd': 7, 'funct3': 0, 'rs1': 7, 'rs2': 1, 'funct7': 0, 'imm_I': 1, 'imm_S': 7, 'imm_B': 2054, 'imm_U': 1277952, 'imm_J': 231424}, 'rd': 7, 'alu_res': 7, 'mem_data': 0, 'wb_val_for_jumps': 56}

Cycle 293
PC = 56
Stall Flag = False
Flush Flag = False
IF/ID Reg = {'valid': 1, 'pc': 52, 'instr': 1278867}
ID/EX Reg = {'valid': 0, 'pc': 0, 'pc_plus4': 0, 'd': None, 'c': None, 'imm': 0, 'rs1': 0, 'rs2': 0, 'rd': 0, 'rs1_val': 0, 'rs2_val': 0, 'alu_op': 'ADD'}
EX/MEM Reg = {'valid': 0, 'pc_plus4': 0, 'c': None, 'd': None, 'rd': 0, 'alu_res': 0, 'rs2_val_fwd': 0, 'mem_addr': 0, 'branch_taken': 0, 'next_pc': 0, 'wb_val_for_jumps': 0}
MEM/WB Reg = {'valid': 1, 'pc_plus4': 60, 'c': {'RegWrite': 0, 'MemRead': 0, 'MemWrite': 0, 'MemToReg': 0, 'ALUSrc': 0, 'Branch': 1, 'Jump': 0, 'JumpReg': 0, 'ALUOp': 'SUB', 'ImmSel': 'B', 'BrType': 'blt', 'IsNOP': 0}, 'd': {'instr': 4267953891, 'opcode': 99, 'rd': 29, 'funct3': 4, 'rs1': 7, 'rs2': 6, 'funct7': 127, 'imm_I': -26, 'imm_S': -3, 'imm_B': -4, 'imm_U': 4267950080, 'imm_J': -800794}, 'rd': 29, 'alu_res': 4294967293, 'mem_data': 0, 'wb_val_for_jumps': 60}

Cycle 294
PC = 60
Stall Flag = False
Flush Flag = False
IF/ID Reg = {'valid': 1, 'pc': 56, 'instr': 4267953891}
ID/EX Reg = {'valid': 1, 'pc': 52, 'pc_plus4': 56, 'd': {'instr': 1278867, 'opcode': 19, 'rd': 7, 'funct3': 0, 'rs1': 7, 'rs2': 1, 'funct7': 0, 'imm_I': 1, 'imm_S': 7, 'imm_B': 2054, 'imm_U': 1277952, 'imm_J': 231424}, 'c': {'RegWrite': 1, 'MemRead': 0, 'MemWrite': 0, 'MemToReg': 0, 'ALUSrc': 1, 'Branch': 0, 'Jump': 0, 'JumpReg': 0, 'ALUOp': 'ADD', 'ImmSel': 'I', 'BrType': None, 'IsNOP': 0}, 'imm': 1, 'rs1': 7, 'rs2': 1, 'rd': 7, 'rs1_val': 7, 'rs2_val': 0, 'alu_op': 'ADD'}
EX/MEM Reg = {'valid': 0, 'pc_plus4': 0, 'c': None, 'd': None, 'rd': 0, 'alu_res': 0, 'rs2_val_fwd': 0, 'mem_addr': 0, 'branch_taken': 0, 'next_pc': 0, 'wb_val_for_jumps': 0}
MEM/WB Reg = {'valid': 0, 'pc_plus4': 0, 'c': None, 'd': None, 'rd': 0, 'alu_res': 0, 'mem_data': 0, 'wb_val_for_jumps': 0}

Cycle 295
PC = 64
Stall Flag = False
Flush Flag = False
IF/ID Reg = {'valid': 1, 'pc': 60, 'instr': 1213075}
ID/EX Reg = {'valid': 1, 'pc': 56, 'pc_plus4': 60, 'd': {'instr': 4267953891, 'opcode': 99, 'rd': 29, 'funct3': 4, 'rs1': 7, 'rs2': 6, 'funct7': 127, 'imm_I': -26, 'imm_S': -3, 'imm_B': -4, 'imm_U': 4267950080, 'imm_J': -800794}, 'c': {'RegWrite': 0, 'MemRead': 0, 'MemWrite': 0, 'MemToReg': 0, 'ALUSrc': 0, 'Branch': 1, 'Jump': 0, 'JumpReg': 0, 'ALUOp': 'SUB', 'ImmSel': 'B', 'BrType': 'blt', 'IsNOP': 0}, 'imm': -4, 'rs1': 7, 'rs2': 6, 'rd': 29, 'rs1_val': 7, 'rs2_val': 10, 'alu_op': 'SUB'}
EX/MEM Reg = {'valid': 1, 'pc_plus4': 56, 'c': {'RegWrite': 1, 'MemRead': 0, 'MemWrite': 0, 'MemToReg': 0, 'ALUSrc': 1, 'Branch': 0, 'Jump': 0, 'JumpReg': 0, 'ALUOp': 'ADD', 'ImmSel': 'I', 'BrType': None, 'IsNOP': 0}, 'd': {'instr': 1278867, 'opcode': 19, 'rd': 7, 'funct3': 0, 'rs1': 7, 'rs2': 1, 'funct7': 0, 'imm_I': 1, 'imm_S': 7, 'imm_B': 2054, 'imm_U': 1277952, 'imm_J': 231424}, 'rd': 7, 'alu_res': 8, 'rs2_val_fwd': 0, 'mem_addr': 8, 'branch_taken': 0, 'next_pc': 0, 'wb_val_for_jumps': 56}
MEM/WB Reg = {'valid': 0, 'pc_plus4': 0, 'c': None, 'd': None, 'rd': 0, 'alu_res': 0, 'mem_data': 0, 'wb_val_for_jumps': 0}

Cycle 296
PC = 52
Stall Flag = False
Flush Flag = True
IF/ID Reg = {'valid': 0, 'pc': 0, 'instr': 0}
ID/EX Reg = {'valid': 0, 'pc': 60, 'pc_plus4': 64, 'd': {'instr': 1213075, 'opcode': 19, 'rd': 5, 'funct3': 0, 'rs1': 5, 'rs2': 1, 'funct7': 0, 'imm_I': 1, 'imm_S': 5, 'imm_B': 2052, 'imm_U': 1212416, 'imm_J': 165888}, 'c': {'RegWrite': 1, 'MemRead': 0, 'MemWrite': 0, 'MemToReg': 0, 'ALUSrc': 1, 'Branch': 0, 'Jump': 0, 'JumpReg': 0, 'ALUOp': 'ADD', 'ImmSel': 'I', 'BrType': None, 'IsNOP': 0}, 'imm': 1, 'rs1': 5, 'rs2': 1, 'rd': 5, 'rs1_val': 5, 'rs2_val': 0, 'alu_op': 'ADD'}
EX/MEM Reg = {'valid': 1, 'pc_plus4': 60, 'c': {'RegWrite': 0, 'MemRead': 0, 'MemWrite': 0, 'MemToReg': 0, 'ALUSrc': 0, 'Branch': 1, 'Jump': 0, 'JumpReg': 0, 'ALUOp': 'SUB', 'ImmSel': 'B', 'BrType': 'blt', 'IsNOP': 0}, 'd': {'instr': 4267953891, 'opcode': 99, 'rd': 29, 'funct3': 4, 'rs1': 7, 'rs2': 6, 'funct7': 127, 'imm_I': -26, 'imm_S': -3, 'imm_B': -4, 'imm_U': 4267950080, 'imm_J': -800794}, 'rd': 29, 'alu_res': 4294967294, 'rs2_val_fwd': 10, 'mem_addr': 4294967294, 'branch_taken': 0, 'next_pc': 0, 'wb_val_for_jumps': 60}
MEM/WB Reg = {'valid': 1, 'pc_plus4': 56, 'c': {'RegWrite': 1, 'MemRead': 0, 'MemWrite': 0, 'MemToReg': 0, 'ALUSrc': 1, 'Branch': 0, 'Jump': 0, 'JumpReg': 0, 'ALUOp': 'ADD', 'ImmSel': 'I', 'BrType': None, 'IsNOP': 0}, 'd': {'instr': 1278867, 'opcode': 19, 'rd': 7, 'funct3': 0, 'rs1': 7, 'rs2': 1, 'funct7': 0, 'imm_I': 1, 'imm_S': 7, 'imm_B': 2054, 'imm_U': 1277952, 'imm_J': 231424}, 'rd': 7, 'alu_res': 8, 'mem_data': 0, 'wb_val_for_jumps': 56}

Cycle 297
PC = 56
Stall Flag = False
Flush Flag = False
IF/ID Reg = {'valid': 1, 'pc': 52, 'instr': 1278867}
ID/EX Reg = {'valid': 0, 'pc': 0, 'pc_plus4': 0, 'd': None, 'c': None, 'imm': 0, 'rs1': 0, 'rs2': 0, 'rd': 0, 'rs1_val': 0, 'rs2_val': 0, 'alu_op': 'ADD'}
EX/MEM Reg = {'valid': 0, 'pc_plus4': 0, 'c': None, 'd': None, 'rd': 0, 'alu_res': 0, 'rs2_val_fwd': 0, 'mem_addr': 0, 'branch_taken': 0, 'next_pc': 0, 'wb_val_for_jumps': 0}
MEM/WB Reg = {'valid': 1, 'pc_plus4': 60, 'c': {'RegWrite': 0, 'MemRead': 0, 'MemWrite': 0, 'MemToReg': 0, 'ALUSrc': 0, 'Branch': 1, 'Jump': 0, 'JumpReg': 0, 'ALUOp': 'SUB', 'ImmSel': 'B', 'BrType': 'blt', 'IsNOP': 0}, 'd': {'instr': 4267953891, 'opcode': 99, 'rd': 29, 'funct3': 4, 'rs1': 7, 'rs2': 6, 'funct7': 127, 'imm_I': -26, 'imm_S': -3, 'imm_B': -4, 'imm_U': 4267950080, 'imm_J': -800794}, 'rd': 29, 'alu_res': 4294967294, 'mem_data': 0, 'wb_val_for_jumps': 60}

Cycle 298
PC = 60
Stall Flag = False
Flush Flag = False
IF/ID Reg = {'valid': 1, 'pc': 56, 'instr': 4267953891}
ID/EX Reg = {'valid': 1, 'pc': 52, 'pc_plus4': 56, 'd': {'instr': 1278867, 'opcode': 19, 'rd': 7, 'funct3': 0, 'rs1': 7, 'rs2': 1, 'funct7': 0, 'imm_I': 1, 'imm_S': 7, 'imm_B': 2054, 'imm_U': 1277952, 'imm_J': 231424}, 'c': {'RegWrite': 1, 'MemRead': 0, 'MemWrite': 0, 'MemToReg': 0, 'ALUSrc': 1, 'Branch': 0, 'Jump': 0, 'JumpReg': 0, 'ALUOp': 'ADD', 'ImmSel': 'I', 'BrType': None, 'IsNOP': 0}, 'imm': 1, 'rs1': 7, 'rs2': 1, 'rd': 7, 'rs1_val': 8, 'rs2_val': 0, 'alu_op': 'ADD'}
EX/MEM Reg = {'valid': 0, 'pc_plus4': 0, 'c': None, 'd': None, 'rd': 0, 'alu_res': 0, 'rs2_val_fwd': 0, 'mem_addr': 0, 'branch_taken': 0, 'next_pc': 0, 'wb_val_for_jumps': 0}
MEM/WB Reg = {'valid': 0, 'pc_plus4': 0, 'c': None, 'd': None, 'rd': 0, 'alu_res': 0, 'mem_data': 0, 'wb_val_for_jumps': 0}

Cycle 299
PC = 64
Stall Flag = False
Flush Flag = False
IF/ID Reg = {'valid': 1, 'pc': 60, 'instr': 1213075}
ID/EX Reg = {'valid': 1, 'pc': 56, 'pc_plus4': 60, 'd': {'instr': 4267953891, 'opcode': 99, 'rd': 29, 'funct3': 4, 'rs1': 7, 'rs2': 6, 'funct7': 127, 'imm_I': -26, 'imm_S': -3, 'imm_B': -4, 'imm_U': 4267950080, 'imm_J': -800794}, 'c': {'RegWrite': 0, 'MemRead': 0, 'MemWrite': 0, 'MemToReg': 0, 'ALUSrc': 0, 'Branch': 1, 'Jump': 0, 'JumpReg': 0, 'ALUOp': 'SUB', 'ImmSel': 'B', 'BrType': 'blt', 'IsNOP': 0}, 'imm': -4, 'rs1': 7, 'rs2': 6, 'rd': 29, 'rs1_val': 8, 'rs2_val': 10, 'alu_op': 'SUB'}
EX/MEM Reg = {'valid': 1, 'pc_plus4': 56, 'c': {'RegWrite': 1, 'MemRead': 0, 'MemWrite': 0, 'MemToReg': 0, 'ALUSrc': 1, 'Branch': 0, 'Jump': 0, 'JumpReg': 0, 'ALUOp': 'ADD', 'ImmSel': 'I', 'BrType': None, 'IsNOP': 0}, 'd': {'instr': 1278867, 'opcode': 19, 'rd': 7, 'funct3': 0, 'rs1': 7, 'rs2': 1, 'funct7': 0, 'imm_I': 1, 'imm_S': 7, 'imm_B': 2054, 'imm_U': 1277952, 'imm_J': 231424}, 'rd': 7, 'alu_res': 9, 'rs2_val_fwd': 0, 'mem_addr': 9, 'branch_taken': 0, 'next_pc': 0, 'wb_val_for_jumps': 56}
MEM/WB Reg = {'valid': 0, 'pc_plus4': 0, 'c': None, 'd': None, 'rd': 0, 'alu_res': 0, 'mem_data': 0, 'wb_val_for_jumps': 0}

Cycle 300
PC = 52
Stall Flag = False
Flush Flag = True
IF/ID Reg = {'valid': 0, 'pc': 0, 'instr': 0}
ID/EX Reg = {'valid': 0, 'pc': 60, 'pc_plus4': 64, 'd': {'instr': 1213075, 'opcode': 19, 'rd': 5, 'funct3': 0, 'rs1': 5, 'rs2': 1, 'funct7': 0, 'imm_I': 1, 'imm_S': 5, 'imm_B': 2052, 'imm_U': 1212416, 'imm_J': 165888}, 'c': {'RegWrite': 1, 'MemRead': 0, 'MemWrite': 0, 'MemToReg': 0, 'ALUSrc': 1, 'Branch': 0, 'Jump': 0, 'JumpReg': 0, 'ALUOp': 'ADD', 'ImmSel': 'I', 'BrType': None, 'IsNOP': 0}, 'imm': 1, 'rs1': 5, 'rs2': 1, 'rd': 5, 'rs1_val': 5, 'rs2_val': 0, 'alu_op': 'ADD'}
EX/MEM Reg = {'valid': 1, 'pc_plus4': 60, 'c': {'RegWrite': 0, 'MemRead': 0, 'MemWrite': 0, 'MemToReg': 0, 'ALUSrc': 0, 'Branch': 1, 'Jump': 0, 'JumpReg': 0, 'ALUOp': 'SUB', 'ImmSel': 'B', 'BrType': 'blt', 'IsNOP': 0}, 'd': {'instr': 4267953891, 'opcode': 99, 'rd': 29, 'funct3': 4, 'rs1': 7, 'rs2': 6, 'funct7': 127, 'imm_I': -26, 'imm_S': -3, 'imm_B': -4, 'imm_U': 4267950080, 'imm_J': -800794}, 'rd': 29, 'alu_res': 4294967295, 'rs2_val_fwd': 10, 'mem_addr': 4294967295, 'branch_taken': 0, 'next_pc': 0, 'wb_val_for_jumps': 60}
MEM/WB Reg = {'valid': 1, 'pc_plus4': 56, 'c': {'RegWrite': 1, 'MemRead': 0, 'MemWrite': 0, 'MemToReg': 0, 'ALUSrc': 1, 'Branch': 0, 'Jump': 0, 'JumpReg': 0, 'ALUOp': 'ADD', 'ImmSel': 'I', 'BrType': None, 'IsNOP': 0}, 'd': {'instr': 1278867, 'opcode': 19, 'rd': 7, 'funct3': 0, 'rs1': 7, 'rs2': 1, 'funct7': 0, 'imm_I': 1, 'imm_S': 7, 'imm_B': 2054, 'imm_U': 1277952, 'imm_J': 231424}, 'rd': 7, 'alu_res': 9, 'mem_data': 0, 'wb_val_for_jumps': 56}

Cycle 301
PC = 56
Stall Flag = False
Flush Flag = False
IF/ID Reg = {'valid': 1, 'pc': 52, 'instr': 1278867}
ID/EX Reg = {'valid': 0, 'pc': 0, 'pc_plus4': 0, 'd': None, 'c': None, 'imm': 0, 'rs1': 0, 'rs2': 0, 'rd': 0, 'rs1_val': 0, 'rs2_val': 0, 'alu_op': 'ADD'}
EX/MEM Reg = {'valid': 0, 'pc_plus4': 0, 'c': None, 'd': None, 'rd': 0, 'alu_res': 0, 'rs2_val_fwd': 0, 'mem_addr': 0, 'branch_taken': 0, 'next_pc': 0, 'wb_val_for_jumps': 0}
MEM/WB Reg = {'valid': 1, 'pc_plus4': 60, 'c': {'RegWrite': 0, 'MemRead': 0, 'MemWrite': 0, 'MemToReg': 0, 'ALUSrc': 0, 'Branch': 1, 'Jump': 0, 'JumpReg': 0, 'ALUOp': 'SUB', 'ImmSel': 'B', 'BrType': 'blt', 'IsNOP': 0}, 'd': {'instr': 4267953891, 'opcode': 99, 'rd': 29, 'funct3': 4, 'rs1': 7, 'rs2': 6, 'funct7': 127, 'imm_I': -26, 'imm_S': -3, 'imm_B': -4, 'imm_U': 4267950080, 'imm_J': -800794}, 'rd': 29, 'alu_res': 4294967295, 'mem_data': 0, 'wb_val_for_jumps': 60}

Cycle 302
PC = 60
Stall Flag = False
Flush Flag = False
IF/ID Reg = {'valid': 1, 'pc': 56, 'instr': 4267953891}
ID/EX Reg = {'valid': 1, 'pc': 52, 'pc_plus4': 56, 'd': {'instr': 1278867, 'opcode': 19, 'rd': 7, 'funct3': 0, 'rs1': 7, 'rs2': 1, 'funct7': 0, 'imm_I': 1, 'imm_S': 7, 'imm_B': 2054, 'imm_U': 1277952, 'imm_J': 231424}, 'c': {'RegWrite': 1, 'MemRead': 0, 'MemWrite': 0, 'MemToReg': 0, 'ALUSrc': 1, 'Branch': 0, 'Jump': 0, 'JumpReg': 0, 'ALUOp': 'ADD', 'ImmSel': 'I', 'BrType': None, 'IsNOP': 0}, 'imm': 1, 'rs1': 7, 'rs2': 1, 'rd': 7, 'rs1_val': 9, 'rs2_val': 0, 'alu_op': 'ADD'}
EX/MEM Reg = {'valid': 0, 'pc_plus4': 0, 'c': None, 'd': None, 'rd': 0, 'alu_res': 0, 'rs2_val_fwd': 0, 'mem_addr': 0, 'branch_taken': 0, 'next_pc': 0, 'wb_val_for_jumps': 0}
MEM/WB Reg = {'valid': 0, 'pc_plus4': 0, 'c': None, 'd': None, 'rd': 0, 'alu_res': 0, 'mem_data': 0, 'wb_val_for_jumps': 0}

Cycle 303
PC = 64
Stall Flag = False
Flush Flag = False
IF/ID Reg = {'valid': 1, 'pc': 60, 'instr': 1213075}
ID/EX Reg = {'valid': 1, 'pc': 56, 'pc_plus4': 60, 'd': {'instr': 4267953891, 'opcode': 99, 'rd': 29, 'funct3': 4, 'rs1': 7, 'rs2': 6, 'funct7': 127, 'imm_I': -26, 'imm_S': -3, 'imm_B': -4, 'imm_U': 4267950080, 'imm_J': -800794}, 'c': {'RegWrite': 0, 'MemRead': 0, 'MemWrite': 0, 'MemToReg': 0, 'ALUSrc': 0, 'Branch': 1, 'Jump': 0, 'JumpReg': 0, 'ALUOp': 'SUB', 'ImmSel': 'B', 'BrType': 'blt', 'IsNOP': 0}, 'imm': -4, 'rs1': 7, 'rs2': 6, 'rd': 29, 'rs1_val': 9, 'rs2_val': 10, 'alu_op': 'SUB'}
EX/MEM Reg = {'valid': 1, 'pc_plus4': 56, 'c': {'RegWrite': 1, 'MemRead': 0, 'MemWrite': 0, 'MemToReg': 0, 'ALUSrc': 1, 'Branch': 0, 'Jump': 0, 'JumpReg': 0, 'ALUOp': 'ADD', 'ImmSel': 'I', 'BrType': None, 'IsNOP': 0}, 'd': {'instr': 1278867, 'opcode': 19, 'rd': 7, 'funct3': 0, 'rs1': 7, 'rs2': 1, 'funct7': 0, 'imm_I': 1, 'imm_S': 7, 'imm_B': 2054, 'imm_U': 1277952, 'imm_J': 231424}, 'rd': 7, 'alu_res': 10, 'rs2_val_fwd': 0, 'mem_addr': 10, 'branch_taken': 0, 'next_pc': 0, 'wb_val_for_jumps': 56}
MEM/WB Reg = {'valid': 0, 'pc_plus4': 0, 'c': None, 'd': None, 'rd': 0, 'alu_res': 0, 'mem_data': 0, 'wb_val_for_jumps': 0}

Cycle 304
PC = 68
Stall Flag = False
Flush Flag = False
IF/ID Reg = {'valid': 1, 'pc': 64, 'instr': 4267886819}
ID/EX Reg = {'valid': 1, 'pc': 60, 'pc_plus4': 64, 'd': {'instr': 1213075, 'opcode': 19, 'rd': 5, 'funct3': 0, 'rs1': 5, 'rs2': 1, 'funct7': 0, 'imm_I': 1, 'imm_S': 5, 'imm_B': 2052, 'imm_U': 1212416, 'imm_J': 165888}, 'c': {'RegWrite': 1, 'MemRead': 0, 'MemWrite': 0, 'MemToReg': 0, 'ALUSrc': 1, 'Branch': 0, 'Jump': 0, 'JumpReg': 0, 'ALUOp': 'ADD', 'ImmSel': 'I', 'BrType': None, 'IsNOP': 0}, 'imm': 1, 'rs1': 5, 'rs2': 1, 'rd': 5, 'rs1_val': 5, 'rs2_val': 0, 'alu_op': 'ADD'}
EX/MEM Reg = {'valid': 1, 'pc_plus4': 60, 'c': {'RegWrite': 0, 'MemRead': 0, 'MemWrite': 0, 'MemToReg': 0, 'ALUSrc': 0, 'Branch': 1, 'Jump': 0, 'JumpReg': 0, 'ALUOp': 'SUB', 'ImmSel': 'B', 'BrType': 'blt', 'IsNOP': 0}, 'd': {'instr': 4267953891, 'opcode': 99, 'rd': 29, 'funct3': 4, 'rs1': 7, 'rs2': 6, 'funct7': 127, 'imm_I': -26, 'imm_S': -3, 'imm_B': -4, 'imm_U': 4267950080, 'imm_J': -800794}, 'rd': 29, 'alu_res': 0, 'rs2_val_fwd': 10, 'mem_addr': 0, 'branch_taken': 0, 'next_pc': 0, 'wb_val_for_jumps': 60}
MEM/WB Reg = {'valid': 1, 'pc_plus4': 56, 'c': {'RegWrite': 1, 'MemRead': 0, 'MemWrite': 0, 'MemToReg': 0, 'ALUSrc': 1, 'Branch': 0, 'Jump': 0, 'JumpReg': 0, 'ALUOp': 'ADD', 'ImmSel': 'I', 'BrType': None, 'IsNOP': 0}, 'd': {'instr': 1278867, 'opcode': 19, 'rd': 7, 'funct3': 0, 'rs1': 7, 'rs2': 1, 'funct7': 0, 'imm_I': 1, 'imm_S': 7, 'imm_B': 2054, 'imm_U': 1277952, 'imm_J': 231424}, 'rd': 7, 'alu_res': 10, 'mem_data': 0, 'wb_val_for_jumps': 56}

Cycle 305
PC = 72
Stall Flag = False
Flush Flag = False
IF/ID Reg = {'valid': 1, 'pc': 68, 'instr': 1049235}
ID/EX Reg = {'valid': 1, 'pc': 64, 'pc_plus4': 68, 'd': {'instr': 4267886819, 'opcode': 99, 'rd': 17, 'funct3': 4, 'rs1': 5, 'rs2': 6, 'funct7': 127, 'imm_I': -26, 'imm_S': -15, 'imm_B': -16, 'imm_U': 4267884544, 'imm_J': -866330}, 'c': {'RegWrite': 0, 'MemRead': 0, 'MemWrite': 0, 'MemToReg': 0, 'ALUSrc': 0, 'Branch': 1, 'Jump': 0, 'JumpReg': 0, 'ALUOp': 'SUB', 'ImmSel': 'B', 'BrType': 'blt', 'IsNOP': 0}, 'imm': -16, 'rs1': 5, 'rs2': 6, 'rd': 17, 'rs1_val': 5, 'rs2_val': 10, 'alu_op': 'SUB'}
EX/MEM Reg = {'valid': 1, 'pc_plus4': 64, 'c': {'RegWrite': 1, 'MemRead': 0, 'MemWrite': 0, 'MemToReg': 0, 'ALUSrc': 1, 'Branch': 0, 'Jump': 0, 'JumpReg': 0, 'ALUOp': 'ADD', 'ImmSel': 'I', 'BrType': None, 'IsNOP': 0}, 'd': {'instr': 1213075, 'opcode': 19, 'rd': 5, 'funct3': 0, 'rs1': 5, 'rs2': 1, 'funct7': 0, 'imm_I': 1, 'imm_S': 5, 'imm_B': 2052, 'imm_U': 1212416, 'imm_J': 165888}, 'rd': 5, 'alu_res': 6, 'rs2_val_fwd': 0, 'mem_addr': 6, 'branch_taken': 0, 'next_pc': 0, 'wb_val_for_jumps': 64}
MEM/WB Reg = {'valid': 1, 'pc_plus4': 60, 'c': {'RegWrite': 0, 'MemRead': 0, 'MemWrite': 0, 'MemToReg': 0, 'ALUSrc': 0, 'Branch': 1, 'Jump': 0, 'JumpReg': 0, 'ALUOp': 'SUB', 'ImmSel': 'B', 'BrType': 'blt', 'IsNOP': 0}, 'd': {'instr': 4267953891, 'opcode': 99, 'rd': 29, 'funct3': 4, 'rs1': 7, 'rs2': 6, 'funct7': 127, 'imm_I': -26, 'imm_S': -3, 'imm_B': -4, 'imm_U': 4267950080, 'imm_J': -800794}, 'rd': 29, 'alu_res': 0, 'mem_data': 0, 'wb_val_for_jumps': 60}

Cycle 306
PC = 48
Stall Flag = False
Flush Flag = True
IF/ID Reg = {'valid': 0, 'pc': 0, 'instr': 0}
ID/EX Reg = {'valid': 0, 'pc': 68, 'pc_plus4': 72, 'd': {'instr': 1049235, 'opcode': 19, 'rd': 5, 'funct3': 0, 'rs1': 0, 'rs2': 1, 'funct7': 0, 'imm_I': 1, 'imm_S': 5, 'imm_B': 2052, 'imm_U': 1048576, 'imm_J': 2048}, 'c': {'RegWrite': 1, 'MemRead': 0, 'MemWrite': 0, 'MemToReg': 0, 'ALUSrc': 1, 'Branch': 0, 'Jump': 0, 'JumpReg': 0, 'ALUOp': 'ADD', 'ImmSel': 'I', 'BrType': None, 'IsNOP': 0}, 'imm': 1, 'rs1': 0, 'rs2': 1, 'rd': 5, 'rs1_val': 0, 'rs2_val': 0, 'alu_op': 'ADD'}
EX/MEM Reg = {'valid': 1, 'pc_plus4': 68, 'c': {'RegWrite': 0, 'MemRead': 0, 'MemWrite': 0, 'MemToReg': 0, 'ALUSrc': 0, 'Branch': 1, 'Jump': 0, 'JumpReg': 0, 'ALUOp': 'SUB', 'ImmSel': 'B', 'BrType': 'blt', 'IsNOP': 0}, 'd': {'instr': 4267886819, 'opcode': 99, 'rd': 17, 'funct3': 4, 'rs1': 5, 'rs2': 6, 'funct7': 127, 'imm_I': -26, 'imm_S': -15, 'imm_B': -16, 'imm_U': 4267884544, 'imm_J': -866330}, 'rd': 17, 'alu_res': 4294967292, 'rs2_val_fwd': 10, 'mem_addr': 4294967292, 'branch_taken': 0, 'next_pc': 0, 'wb_val_for_jumps': 68}
MEM/WB Reg = {'valid': 1, 'pc_plus4': 64, 'c': {'RegWrite': 1, 'MemRead': 0, 'MemWrite': 0, 'MemToReg': 0, 'ALUSrc': 1, 'Branch': 0, 'Jump': 0, 'JumpReg': 0, 'ALUOp': 'ADD', 'ImmSel': 'I', 'BrType': None, 'IsNOP': 0}, 'd': {'instr': 1213075, 'opcode': 19, 'rd': 5, 'funct3': 0, 'rs1': 5, 'rs2': 1, 'funct7': 0, 'imm_I': 1, 'imm_S': 5, 'imm_B': 2052, 'imm_U': 1212416, 'imm_J': 165888}, 'rd': 5, 'alu_res': 6, 'mem_data': 0, 'wb_val_for_jumps': 64}

Cycle 307
PC = 52
Stall Flag = False
Flush Flag = False
IF/ID Reg = {'valid': 1, 'pc': 48, 'instr': 915}
ID/EX Reg = {'valid': 0, 'pc': 0, 'pc_plus4': 0, 'd': None, 'c': None, 'imm': 0, 'rs1': 0, 'rs2': 0, 'rd': 0, 'rs1_val': 0, 'rs2_val': 0, 'alu_op': 'ADD'}
EX/MEM Reg = {'valid': 0, 'pc_plus4': 0, 'c': None, 'd': None, 'rd': 0, 'alu_res': 0, 'rs2_val_fwd': 0, 'mem_addr': 0, 'branch_taken': 0, 'next_pc': 0, 'wb_val_for_jumps': 0}
MEM/WB Reg = {'valid': 1, 'pc_plus4': 68, 'c': {'RegWrite': 0, 'MemRead': 0, 'MemWrite': 0, 'MemToReg': 0, 'ALUSrc': 0, 'Branch': 1, 'Jump': 0, 'JumpReg': 0, 'ALUOp': 'SUB', 'ImmSel': 'B', 'BrType': 'blt', 'IsNOP': 0}, 'd': {'instr': 4267886819, 'opcode': 99, 'rd': 17, 'funct3': 4, 'rs1': 5, 'rs2': 6, 'funct7': 127, 'imm_I': -26, 'imm_S': -15, 'imm_B': -16, 'imm_U': 4267884544, 'imm_J': -866330}, 'rd': 17, 'alu_res': 4294967292, 'mem_data': 0, 'wb_val_for_jumps': 68}

Cycle 308
PC = 56
Stall Flag = False
Flush Flag = False
IF/ID Reg = {'valid': 1, 'pc': 52, 'instr': 1278867}
ID/EX Reg = {'valid': 1, 'pc': 48, 'pc_plus4': 52, 'd': {'instr': 915, 'opcode': 19, 'rd': 7, 'funct3': 0, 'rs1': 0, 'rs2': 0, 'funct7': 0, 'imm_I': 0, 'imm_S': 7, 'imm_B': 2054, 'imm_U': 0, 'imm_J': 0}, 'c': {'RegWrite': 1, 'MemRead': 0, 'MemWrite': 0, 'MemToReg': 0, 'ALUSrc': 1, 'Branch': 0, 'Jump': 0, 'JumpReg': 0, 'ALUOp': 'ADD', 'ImmSel': 'I', 'BrType': None, 'IsNOP': 0}, 'imm': 0, 'rs1': 0, 'rs2': 0, 'rd': 7, 'rs1_val': 0, 'rs2_val': 0, 'alu_op': 'ADD'}
EX/MEM Reg = {'valid': 0, 'pc_plus4': 0, 'c': None, 'd': None, 'rd': 0, 'alu_res': 0, 'rs2_val_fwd': 0, 'mem_addr': 0, 'branch_taken': 0, 'next_pc': 0, 'wb_val_for_jumps': 0}
MEM/WB Reg = {'valid': 0, 'pc_plus4': 0, 'c': None, 'd': None, 'rd': 0, 'alu_res': 0, 'mem_data': 0, 'wb_val_for_jumps': 0}

Cycle 309
PC = 60
Stall Flag = False
Flush Flag = False
IF/ID Reg = {'valid': 1, 'pc': 56, 'instr': 4267953891}
ID/EX Reg = {'valid': 1, 'pc': 52, 'pc_plus4': 56, 'd': {'instr': 1278867, 'opcode': 19, 'rd': 7, 'funct3': 0, 'rs1': 7, 'rs2': 1, 'funct7': 0, 'imm_I': 1, 'imm_S': 7, 'imm_B': 2054, 'imm_U': 1277952, 'imm_J': 231424}, 'c': {'RegWrite': 1, 'MemRead': 0, 'MemWrite': 0, 'MemToReg': 0, 'ALUSrc': 1, 'Branch': 0, 'Jump': 0, 'JumpReg': 0, 'ALUOp': 'ADD', 'ImmSel': 'I', 'BrType': None, 'IsNOP': 0}, 'imm': 1, 'rs1': 7, 'rs2': 1, 'rd': 7, 'rs1_val': 10, 'rs2_val': 0, 'alu_op': 'ADD'}
EX/MEM Reg = {'valid': 1, 'pc_plus4': 52, 'c': {'RegWrite': 1, 'MemRead': 0, 'MemWrite': 0, 'MemToReg': 0, 'ALUSrc': 1, 'Branch': 0, 'Jump': 0, 'JumpReg': 0, 'ALUOp': 'ADD', 'ImmSel': 'I', 'BrType': None, 'IsNOP': 0}, 'd': {'instr': 915, 'opcode': 19, 'rd': 7, 'funct3': 0, 'rs1': 0, 'rs2': 0, 'funct7': 0, 'imm_I': 0, 'imm_S': 7, 'imm_B': 2054, 'imm_U': 0, 'imm_J': 0}, 'rd': 7, 'alu_res': 0, 'rs2_val_fwd': 0, 'mem_addr': 0, 'branch_taken': 0, 'next_pc': 0, 'wb_val_for_jumps': 52}
MEM/WB Reg = {'valid': 0, 'pc_plus4': 0, 'c': None, 'd': None, 'rd': 0, 'alu_res': 0, 'mem_data': 0, 'wb_val_for_jumps': 0}

Cycle 310
PC = 64
Stall Flag = False
Flush Flag = False
IF/ID Reg = {'valid': 1, 'pc': 60, 'instr': 1213075}
ID/EX Reg = {'valid': 1, 'pc': 56, 'pc_plus4': 60, 'd': {'instr': 4267953891, 'opcode': 99, 'rd': 29, 'funct3': 4, 'rs1': 7, 'rs2': 6, 'funct7': 127, 'imm_I': -26, 'imm_S': -3, 'imm_B': -4, 'imm_U': 4267950080, 'imm_J': -800794}, 'c': {'RegWrite': 0, 'MemRead': 0, 'MemWrite': 0, 'MemToReg': 0, 'ALUSrc': 0, 'Branch': 1, 'Jump': 0, 'JumpReg': 0, 'ALUOp': 'SUB', 'ImmSel': 'B', 'BrType': 'blt', 'IsNOP': 0}, 'imm': -4, 'rs1': 7, 'rs2': 6, 'rd': 29, 'rs1_val': 10, 'rs2_val': 10, 'alu_op': 'SUB'}
EX/MEM Reg = {'valid': 1, 'pc_plus4': 56, 'c': {'RegWrite': 1, 'MemRead': 0, 'MemWrite': 0, 'MemToReg': 0, 'ALUSrc': 1, 'Branch': 0, 'Jump': 0, 'JumpReg': 0, 'ALUOp': 'ADD', 'ImmSel': 'I', 'BrType': None, 'IsNOP': 0}, 'd': {'instr': 1278867, 'opcode': 19, 'rd': 7, 'funct3': 0, 'rs1': 7, 'rs2': 1, 'funct7': 0, 'imm_I': 1, 'imm_S': 7, 'imm_B': 2054, 'imm_U': 1277952, 'imm_J': 231424}, 'rd': 7, 'alu_res': 1, 'rs2_val_fwd': 0, 'mem_addr': 1, 'branch_taken': 0, 'next_pc': 0, 'wb_val_for_jumps': 56}
MEM/WB Reg = {'valid': 1, 'pc_plus4': 52, 'c': {'RegWrite': 1, 'MemRead': 0, 'MemWrite': 0, 'MemToReg': 0, 'ALUSrc': 1, 'Branch': 0, 'Jump': 0, 'JumpReg': 0, 'ALUOp': 'ADD', 'ImmSel': 'I', 'BrType': None, 'IsNOP': 0}, 'd': {'instr': 915, 'opcode': 19, 'rd': 7, 'funct3': 0, 'rs1': 0, 'rs2': 0, 'funct7': 0, 'imm_I': 0, 'imm_S': 7, 'imm_B': 2054, 'imm_U': 0, 'imm_J': 0}, 'rd': 7, 'alu_res': 0, 'mem_data': 0, 'wb_val_for_jumps': 52}

Cycle 311
PC = 52
Stall Flag = False
Flush Flag = True
IF/ID Reg = {'valid': 0, 'pc': 0, 'instr': 0}
ID/EX Reg = {'valid': 0, 'pc': 60, 'pc_plus4': 64, 'd': {'instr': 1213075, 'opcode': 19, 'rd': 5, 'funct3': 0, 'rs1': 5, 'rs2': 1, 'funct7': 0, 'imm_I': 1, 'imm_S': 5, 'imm_B': 2052, 'imm_U': 1212416, 'imm_J': 165888}, 'c': {'RegWrite': 1, 'MemRead': 0, 'MemWrite': 0, 'MemToReg': 0, 'ALUSrc': 1, 'Branch': 0, 'Jump': 0, 'JumpReg': 0, 'ALUOp': 'ADD', 'ImmSel': 'I', 'BrType': None, 'IsNOP': 0}, 'imm': 1, 'rs1': 5, 'rs2': 1, 'rd': 5, 'rs1_val': 6, 'rs2_val': 0, 'alu_op': 'ADD'}
EX/MEM Reg = {'valid': 1, 'pc_plus4': 60, 'c': {'RegWrite': 0, 'MemRead': 0, 'MemWrite': 0, 'MemToReg': 0, 'ALUSrc': 0, 'Branch': 1, 'Jump': 0, 'JumpReg': 0, 'ALUOp': 'SUB', 'ImmSel': 'B', 'BrType': 'blt', 'IsNOP': 0}, 'd': {'instr': 4267953891, 'opcode': 99, 'rd': 29, 'funct3': 4, 'rs1': 7, 'rs2': 6, 'funct7': 127, 'imm_I': -26, 'imm_S': -3, 'imm_B': -4, 'imm_U': 4267950080, 'imm_J': -800794}, 'rd': 29, 'alu_res': 4294967287, 'rs2_val_fwd': 10, 'mem_addr': 4294967287, 'branch_taken': 0, 'next_pc': 0, 'wb_val_for_jumps': 60}
MEM/WB Reg = {'valid': 1, 'pc_plus4': 56, 'c': {'RegWrite': 1, 'MemRead': 0, 'MemWrite': 0, 'MemToReg': 0, 'ALUSrc': 1, 'Branch': 0, 'Jump': 0, 'JumpReg': 0, 'ALUOp': 'ADD', 'ImmSel': 'I', 'BrType': None, 'IsNOP': 0}, 'd': {'instr': 1278867, 'opcode': 19, 'rd': 7, 'funct3': 0, 'rs1': 7, 'rs2': 1, 'funct7': 0, 'imm_I': 1, 'imm_S': 7, 'imm_B': 2054, 'imm_U': 1277952, 'imm_J': 231424}, 'rd': 7, 'alu_res': 1, 'mem_data': 0, 'wb_val_for_jumps': 56}

Cycle 312
PC = 56
Stall Flag = False
Flush Flag = False
IF/ID Reg = {'valid': 1, 'pc': 52, 'instr': 1278867}
ID/EX Reg = {'valid': 0, 'pc': 0, 'pc_plus4': 0, 'd': None, 'c': None, 'imm': 0, 'rs1': 0, 'rs2': 0, 'rd': 0, 'rs1_val': 0, 'rs2_val': 0, 'alu_op': 'ADD'}
EX/MEM Reg = {'valid': 0, 'pc_plus4': 0, 'c': None, 'd': None, 'rd': 0, 'alu_res': 0, 'rs2_val_fwd': 0, 'mem_addr': 0, 'branch_taken': 0, 'next_pc': 0, 'wb_val_for_jumps': 0}
MEM/WB Reg = {'valid': 1, 'pc_plus4': 60, 'c': {'RegWrite': 0, 'MemRead': 0, 'MemWrite': 0, 'MemToReg': 0, 'ALUSrc': 0, 'Branch': 1, 'Jump': 0, 'JumpReg': 0, 'ALUOp': 'SUB', 'ImmSel': 'B', 'BrType': 'blt', 'IsNOP': 0}, 'd': {'instr': 4267953891, 'opcode': 99, 'rd': 29, 'funct3': 4, 'rs1': 7, 'rs2': 6, 'funct7': 127, 'imm_I': -26, 'imm_S': -3, 'imm_B': -4, 'imm_U': 4267950080, 'imm_J': -800794}, 'rd': 29, 'alu_res': 4294967287, 'mem_data': 0, 'wb_val_for_jumps': 60}

Cycle 313
PC = 60
Stall Flag = False
Flush Flag = False
IF/ID Reg = {'valid': 1, 'pc': 56, 'instr': 4267953891}
ID/EX Reg = {'valid': 1, 'pc': 52, 'pc_plus4': 56, 'd': {'instr': 1278867, 'opcode': 19, 'rd': 7, 'funct3': 0, 'rs1': 7, 'rs2': 1, 'funct7': 0, 'imm_I': 1, 'imm_S': 7, 'imm_B': 2054, 'imm_U': 1277952, 'imm_J': 231424}, 'c': {'RegWrite': 1, 'MemRead': 0, 'MemWrite': 0, 'MemToReg': 0, 'ALUSrc': 1, 'Branch': 0, 'Jump': 0, 'JumpReg': 0, 'ALUOp': 'ADD', 'ImmSel': 'I', 'BrType': None, 'IsNOP': 0}, 'imm': 1, 'rs1': 7, 'rs2': 1, 'rd': 7, 'rs1_val': 1, 'rs2_val': 0, 'alu_op': 'ADD'}
EX/MEM Reg = {'valid': 0, 'pc_plus4': 0, 'c': None, 'd': None, 'rd': 0, 'alu_res': 0, 'rs2_val_fwd': 0, 'mem_addr': 0, 'branch_taken': 0, 'next_pc': 0, 'wb_val_for_jumps': 0}
MEM/WB Reg = {'valid': 0, 'pc_plus4': 0, 'c': None, 'd': None, 'rd': 0, 'alu_res': 0, 'mem_data': 0, 'wb_val_for_jumps': 0}

Cycle 314
PC = 64
Stall Flag = False
Flush Flag = False
IF/ID Reg = {'valid': 1, 'pc': 60, 'instr': 1213075}
ID/EX Reg = {'valid': 1, 'pc': 56, 'pc_plus4': 60, 'd': {'instr': 4267953891, 'opcode': 99, 'rd': 29, 'funct3': 4, 'rs1': 7, 'rs2': 6, 'funct7': 127, 'imm_I': -26, 'imm_S': -3, 'imm_B': -4, 'imm_U': 4267950080, 'imm_J': -800794}, 'c': {'RegWrite': 0, 'MemRead': 0, 'MemWrite': 0, 'MemToReg': 0, 'ALUSrc': 0, 'Branch': 1, 'Jump': 0, 'JumpReg': 0, 'ALUOp': 'SUB', 'ImmSel': 'B', 'BrType': 'blt', 'IsNOP': 0}, 'imm': -4, 'rs1': 7, 'rs2': 6, 'rd': 29, 'rs1_val': 1, 'rs2_val': 10, 'alu_op': 'SUB'}
EX/MEM Reg = {'valid': 1, 'pc_plus4': 56, 'c': {'RegWrite': 1, 'MemRead': 0, 'MemWrite': 0, 'MemToReg': 0, 'ALUSrc': 1, 'Branch': 0, 'Jump': 0, 'JumpReg': 0, 'ALUOp': 'ADD', 'ImmSel': 'I', 'BrType': None, 'IsNOP': 0}, 'd': {'instr': 1278867, 'opcode': 19, 'rd': 7, 'funct3': 0, 'rs1': 7, 'rs2': 1, 'funct7': 0, 'imm_I': 1, 'imm_S': 7, 'imm_B': 2054, 'imm_U': 1277952, 'imm_J': 231424}, 'rd': 7, 'alu_res': 2, 'rs2_val_fwd': 0, 'mem_addr': 2, 'branch_taken': 0, 'next_pc': 0, 'wb_val_for_jumps': 56}
MEM/WB Reg = {'valid': 0, 'pc_plus4': 0, 'c': None, 'd': None, 'rd': 0, 'alu_res': 0, 'mem_data': 0, 'wb_val_for_jumps': 0}

Cycle 315
PC = 52
Stall Flag = False
Flush Flag = True
IF/ID Reg = {'valid': 0, 'pc': 0, 'instr': 0}
ID/EX Reg = {'valid': 0, 'pc': 60, 'pc_plus4': 64, 'd': {'instr': 1213075, 'opcode': 19, 'rd': 5, 'funct3': 0, 'rs1': 5, 'rs2': 1, 'funct7': 0, 'imm_I': 1, 'imm_S': 5, 'imm_B': 2052, 'imm_U': 1212416, 'imm_J': 165888}, 'c': {'RegWrite': 1, 'MemRead': 0, 'MemWrite': 0, 'MemToReg': 0, 'ALUSrc': 1, 'Branch': 0, 'Jump': 0, 'JumpReg': 0, 'ALUOp': 'ADD', 'ImmSel': 'I', 'BrType': None, 'IsNOP': 0}, 'imm': 1, 'rs1': 5, 'rs2': 1, 'rd': 5, 'rs1_val': 6, 'rs2_val': 0, 'alu_op': 'ADD'}
EX/MEM Reg = {'valid': 1, 'pc_plus4': 60, 'c': {'RegWrite': 0, 'MemRead': 0, 'MemWrite': 0, 'MemToReg': 0, 'ALUSrc': 0, 'Branch': 1, 'Jump': 0, 'JumpReg': 0, 'ALUOp': 'SUB', 'ImmSel': 'B', 'BrType': 'blt', 'IsNOP': 0}, 'd': {'instr': 4267953891, 'opcode': 99, 'rd': 29, 'funct3': 4, 'rs1': 7, 'rs2': 6, 'funct7': 127, 'imm_I': -26, 'imm_S': -3, 'imm_B': -4, 'imm_U': 4267950080, 'imm_J': -800794}, 'rd': 29, 'alu_res': 4294967288, 'rs2_val_fwd': 10, 'mem_addr': 4294967288, 'branch_taken': 0, 'next_pc': 0, 'wb_val_for_jumps': 60}
MEM/WB Reg = {'valid': 1, 'pc_plus4': 56, 'c': {'RegWrite': 1, 'MemRead': 0, 'MemWrite': 0, 'MemToReg': 0, 'ALUSrc': 1, 'Branch': 0, 'Jump': 0, 'JumpReg': 0, 'ALUOp': 'ADD', 'ImmSel': 'I', 'BrType': None, 'IsNOP': 0}, 'd': {'instr': 1278867, 'opcode': 19, 'rd': 7, 'funct3': 0, 'rs1': 7, 'rs2': 1, 'funct7': 0, 'imm_I': 1, 'imm_S': 7, 'imm_B': 2054, 'imm_U': 1277952, 'imm_J': 231424}, 'rd': 7, 'alu_res': 2, 'mem_data': 0, 'wb_val_for_jumps': 56}

Cycle 316
PC = 56
Stall Flag = False
Flush Flag = False
IF/ID Reg = {'valid': 1, 'pc': 52, 'instr': 1278867}
ID/EX Reg = {'valid': 0, 'pc': 0, 'pc_plus4': 0, 'd': None, 'c': None, 'imm': 0, 'rs1': 0, 'rs2': 0, 'rd': 0, 'rs1_val': 0, 'rs2_val': 0, 'alu_op': 'ADD'}
EX/MEM Reg = {'valid': 0, 'pc_plus4': 0, 'c': None, 'd': None, 'rd': 0, 'alu_res': 0, 'rs2_val_fwd': 0, 'mem_addr': 0, 'branch_taken': 0, 'next_pc': 0, 'wb_val_for_jumps': 0}
MEM/WB Reg = {'valid': 1, 'pc_plus4': 60, 'c': {'RegWrite': 0, 'MemRead': 0, 'MemWrite': 0, 'MemToReg': 0, 'ALUSrc': 0, 'Branch': 1, 'Jump': 0, 'JumpReg': 0, 'ALUOp': 'SUB', 'ImmSel': 'B', 'BrType': 'blt', 'IsNOP': 0}, 'd': {'instr': 4267953891, 'opcode': 99, 'rd': 29, 'funct3': 4, 'rs1': 7, 'rs2': 6, 'funct7': 127, 'imm_I': -26, 'imm_S': -3, 'imm_B': -4, 'imm_U': 4267950080, 'imm_J': -800794}, 'rd': 29, 'alu_res': 4294967288, 'mem_data': 0, 'wb_val_for_jumps': 60}

Cycle 317
PC = 60
Stall Flag = False
Flush Flag = False
IF/ID Reg = {'valid': 1, 'pc': 56, 'instr': 4267953891}
ID/EX Reg = {'valid': 1, 'pc': 52, 'pc_plus4': 56, 'd': {'instr': 1278867, 'opcode': 19, 'rd': 7, 'funct3': 0, 'rs1': 7, 'rs2': 1, 'funct7': 0, 'imm_I': 1, 'imm_S': 7, 'imm_B': 2054, 'imm_U': 1277952, 'imm_J': 231424}, 'c': {'RegWrite': 1, 'MemRead': 0, 'MemWrite': 0, 'MemToReg': 0, 'ALUSrc': 1, 'Branch': 0, 'Jump': 0, 'JumpReg': 0, 'ALUOp': 'ADD', 'ImmSel': 'I', 'BrType': None, 'IsNOP': 0}, 'imm': 1, 'rs1': 7, 'rs2': 1, 'rd': 7, 'rs1_val': 2, 'rs2_val': 0, 'alu_op': 'ADD'}
EX/MEM Reg = {'valid': 0, 'pc_plus4': 0, 'c': None, 'd': None, 'rd': 0, 'alu_res': 0, 'rs2_val_fwd': 0, 'mem_addr': 0, 'branch_taken': 0, 'next_pc': 0, 'wb_val_for_jumps': 0}
MEM/WB Reg = {'valid': 0, 'pc_plus4': 0, 'c': None, 'd': None, 'rd': 0, 'alu_res': 0, 'mem_data': 0, 'wb_val_for_jumps': 0}

Cycle 318
PC = 64
Stall Flag = False
Flush Flag = False
IF/ID Reg = {'valid': 1, 'pc': 60, 'instr': 1213075}
ID/EX Reg = {'valid': 1, 'pc': 56, 'pc_plus4': 60, 'd': {'instr': 4267953891, 'opcode': 99, 'rd': 29, 'funct3': 4, 'rs1': 7, 'rs2': 6, 'funct7': 127, 'imm_I': -26, 'imm_S': -3, 'imm_B': -4, 'imm_U': 4267950080, 'imm_J': -800794}, 'c': {'RegWrite': 0, 'MemRead': 0, 'MemWrite': 0, 'MemToReg': 0, 'ALUSrc': 0, 'Branch': 1, 'Jump': 0, 'JumpReg': 0, 'ALUOp': 'SUB', 'ImmSel': 'B', 'BrType': 'blt', 'IsNOP': 0}, 'imm': -4, 'rs1': 7, 'rs2': 6, 'rd': 29, 'rs1_val': 2, 'rs2_val': 10, 'alu_op': 'SUB'}
EX/MEM Reg = {'valid': 1, 'pc_plus4': 56, 'c': {'RegWrite': 1, 'MemRead': 0, 'MemWrite': 0, 'MemToReg': 0, 'ALUSrc': 1, 'Branch': 0, 'Jump': 0, 'JumpReg': 0, 'ALUOp': 'ADD', 'ImmSel': 'I', 'BrType': None, 'IsNOP': 0}, 'd': {'instr': 1278867, 'opcode': 19, 'rd': 7, 'funct3': 0, 'rs1': 7, 'rs2': 1, 'funct7': 0, 'imm_I': 1, 'imm_S': 7, 'imm_B': 2054, 'imm_U': 1277952, 'imm_J': 231424}, 'rd': 7, 'alu_res': 3, 'rs2_val_fwd': 0, 'mem_addr': 3, 'branch_taken': 0, 'next_pc': 0, 'wb_val_for_jumps': 56}
MEM/WB Reg = {'valid': 0, 'pc_plus4': 0, 'c': None, 'd': None, 'rd': 0, 'alu_res': 0, 'mem_data': 0, 'wb_val_for_jumps': 0}

Cycle 319
PC = 52
Stall Flag = False
Flush Flag = True
IF/ID Reg = {'valid': 0, 'pc': 0, 'instr': 0}
ID/EX Reg = {'valid': 0, 'pc': 60, 'pc_plus4': 64, 'd': {'instr': 1213075, 'opcode': 19, 'rd': 5, 'funct3': 0, 'rs1': 5, 'rs2': 1, 'funct7': 0, 'imm_I': 1, 'imm_S': 5, 'imm_B': 2052, 'imm_U': 1212416, 'imm_J': 165888}, 'c': {'RegWrite': 1, 'MemRead': 0, 'MemWrite': 0, 'MemToReg': 0, 'ALUSrc': 1, 'Branch': 0, 'Jump': 0, 'JumpReg': 0, 'ALUOp': 'ADD', 'ImmSel': 'I', 'BrType': None, 'IsNOP': 0}, 'imm': 1, 'rs1': 5, 'rs2': 1, 'rd': 5, 'rs1_val': 6, 'rs2_val': 0, 'alu_op': 'ADD'}
EX/MEM Reg = {'valid': 1, 'pc_plus4': 60, 'c': {'RegWrite': 0, 'MemRead': 0, 'MemWrite': 0, 'MemToReg': 0, 'ALUSrc': 0, 'Branch': 1, 'Jump': 0, 'JumpReg': 0, 'ALUOp': 'SUB', 'ImmSel': 'B', 'BrType': 'blt', 'IsNOP': 0}, 'd': {'instr': 4267953891, 'opcode': 99, 'rd': 29, 'funct3': 4, 'rs1': 7, 'rs2': 6, 'funct7': 127, 'imm_I': -26, 'imm_S': -3, 'imm_B': -4, 'imm_U': 4267950080, 'imm_J': -800794}, 'rd': 29, 'alu_res': 4294967289, 'rs2_val_fwd': 10, 'mem_addr': 4294967289, 'branch_taken': 0, 'next_pc': 0, 'wb_val_for_jumps': 60}
MEM/WB Reg = {'valid': 1, 'pc_plus4': 56, 'c': {'RegWrite': 1, 'MemRead': 0, 'MemWrite': 0, 'MemToReg': 0, 'ALUSrc': 1, 'Branch': 0, 'Jump': 0, 'JumpReg': 0, 'ALUOp': 'ADD', 'ImmSel': 'I', 'BrType': None, 'IsNOP': 0}, 'd': {'instr': 1278867, 'opcode': 19, 'rd': 7, 'funct3': 0, 'rs1': 7, 'rs2': 1, 'funct7': 0, 'imm_I': 1, 'imm_S': 7, 'imm_B': 2054, 'imm_U': 1277952, 'imm_J': 231424}, 'rd': 7, 'alu_res': 3, 'mem_data': 0, 'wb_val_for_jumps': 56}

Cycle 320
PC = 56
Stall Flag = False
Flush Flag = False
IF/ID Reg = {'valid': 1, 'pc': 52, 'instr': 1278867}
ID/EX Reg = {'valid': 0, 'pc': 0, 'pc_plus4': 0, 'd': None, 'c': None, 'imm': 0, 'rs1': 0, 'rs2': 0, 'rd': 0, 'rs1_val': 0, 'rs2_val': 0, 'alu_op': 'ADD'}
EX/MEM Reg = {'valid': 0, 'pc_plus4': 0, 'c': None, 'd': None, 'rd': 0, 'alu_res': 0, 'rs2_val_fwd': 0, 'mem_addr': 0, 'branch_taken': 0, 'next_pc': 0, 'wb_val_for_jumps': 0}
MEM/WB Reg = {'valid': 1, 'pc_plus4': 60, 'c': {'RegWrite': 0, 'MemRead': 0, 'MemWrite': 0, 'MemToReg': 0, 'ALUSrc': 0, 'Branch': 1, 'Jump': 0, 'JumpReg': 0, 'ALUOp': 'SUB', 'ImmSel': 'B', 'BrType': 'blt', 'IsNOP': 0}, 'd': {'instr': 4267953891, 'opcode': 99, 'rd': 29, 'funct3': 4, 'rs1': 7, 'rs2': 6, 'funct7': 127, 'imm_I': -26, 'imm_S': -3, 'imm_B': -4, 'imm_U': 4267950080, 'imm_J': -800794}, 'rd': 29, 'alu_res': 4294967289, 'mem_data': 0, 'wb_val_for_jumps': 60}

Cycle 321
PC = 60
Stall Flag = False
Flush Flag = False
IF/ID Reg = {'valid': 1, 'pc': 56, 'instr': 4267953891}
ID/EX Reg = {'valid': 1, 'pc': 52, 'pc_plus4': 56, 'd': {'instr': 1278867, 'opcode': 19, 'rd': 7, 'funct3': 0, 'rs1': 7, 'rs2': 1, 'funct7': 0, 'imm_I': 1, 'imm_S': 7, 'imm_B': 2054, 'imm_U': 1277952, 'imm_J': 231424}, 'c': {'RegWrite': 1, 'MemRead': 0, 'MemWrite': 0, 'MemToReg': 0, 'ALUSrc': 1, 'Branch': 0, 'Jump': 0, 'JumpReg': 0, 'ALUOp': 'ADD', 'ImmSel': 'I', 'BrType': None, 'IsNOP': 0}, 'imm': 1, 'rs1': 7, 'rs2': 1, 'rd': 7, 'rs1_val': 3, 'rs2_val': 0, 'alu_op': 'ADD'}
EX/MEM Reg = {'valid': 0, 'pc_plus4': 0, 'c': None, 'd': None, 'rd': 0, 'alu_res': 0, 'rs2_val_fwd': 0, 'mem_addr': 0, 'branch_taken': 0, 'next_pc': 0, 'wb_val_for_jumps': 0}
MEM/WB Reg = {'valid': 0, 'pc_plus4': 0, 'c': None, 'd': None, 'rd': 0, 'alu_res': 0, 'mem_data': 0, 'wb_val_for_jumps': 0}

Cycle 322
PC = 64
Stall Flag = False
Flush Flag = False
IF/ID Reg = {'valid': 1, 'pc': 60, 'instr': 1213075}
ID/EX Reg = {'valid': 1, 'pc': 56, 'pc_plus4': 60, 'd': {'instr': 4267953891, 'opcode': 99, 'rd': 29, 'funct3': 4, 'rs1': 7, 'rs2': 6, 'funct7': 127, 'imm_I': -26, 'imm_S': -3, 'imm_B': -4, 'imm_U': 4267950080, 'imm_J': -800794}, 'c': {'RegWrite': 0, 'MemRead': 0, 'MemWrite': 0, 'MemToReg': 0, 'ALUSrc': 0, 'Branch': 1, 'Jump': 0, 'JumpReg': 0, 'ALUOp': 'SUB', 'ImmSel': 'B', 'BrType': 'blt', 'IsNOP': 0}, 'imm': -4, 'rs1': 7, 'rs2': 6, 'rd': 29, 'rs1_val': 3, 'rs2_val': 10, 'alu_op': 'SUB'}
EX/MEM Reg = {'valid': 1, 'pc_plus4': 56, 'c': {'RegWrite': 1, 'MemRead': 0, 'MemWrite': 0, 'MemToReg': 0, 'ALUSrc': 1, 'Branch': 0, 'Jump': 0, 'JumpReg': 0, 'ALUOp': 'ADD', 'ImmSel': 'I', 'BrType': None, 'IsNOP': 0}, 'd': {'instr': 1278867, 'opcode': 19, 'rd': 7, 'funct3': 0, 'rs1': 7, 'rs2': 1, 'funct7': 0, 'imm_I': 1, 'imm_S': 7, 'imm_B': 2054, 'imm_U': 1277952, 'imm_J': 231424}, 'rd': 7, 'alu_res': 4, 'rs2_val_fwd': 0, 'mem_addr': 4, 'branch_taken': 0, 'next_pc': 0, 'wb_val_for_jumps': 56}
MEM/WB Reg = {'valid': 0, 'pc_plus4': 0, 'c': None, 'd': None, 'rd': 0, 'alu_res': 0, 'mem_data': 0, 'wb_val_for_jumps': 0}

Cycle 323
PC = 52
Stall Flag = False
Flush Flag = True
IF/ID Reg = {'valid': 0, 'pc': 0, 'instr': 0}
ID/EX Reg = {'valid': 0, 'pc': 60, 'pc_plus4': 64, 'd': {'instr': 1213075, 'opcode': 19, 'rd': 5, 'funct3': 0, 'rs1': 5, 'rs2': 1, 'funct7': 0, 'imm_I': 1, 'imm_S': 5, 'imm_B': 2052, 'imm_U': 1212416, 'imm_J': 165888}, 'c': {'RegWrite': 1, 'MemRead': 0, 'MemWrite': 0, 'MemToReg': 0, 'ALUSrc': 1, 'Branch': 0, 'Jump': 0, 'JumpReg': 0, 'ALUOp': 'ADD', 'ImmSel': 'I', 'BrType': None, 'IsNOP': 0}, 'imm': 1, 'rs1': 5, 'rs2': 1, 'rd': 5, 'rs1_val': 6, 'rs2_val': 0, 'alu_op': 'ADD'}
EX/MEM Reg = {'valid': 1, 'pc_plus4': 60, 'c': {'RegWrite': 0, 'MemRead': 0, 'MemWrite': 0, 'MemToReg': 0, 'ALUSrc': 0, 'Branch': 1, 'Jump': 0, 'JumpReg': 0, 'ALUOp': 'SUB', 'ImmSel': 'B', 'BrType': 'blt', 'IsNOP': 0}, 'd': {'instr': 4267953891, 'opcode': 99, 'rd': 29, 'funct3': 4, 'rs1': 7, 'rs2': 6, 'funct7': 127, 'imm_I': -26, 'imm_S': -3, 'imm_B': -4, 'imm_U': 4267950080, 'imm_J': -800794}, 'rd': 29, 'alu_res': 4294967290, 'rs2_val_fwd': 10, 'mem_addr': 4294967290, 'branch_taken': 0, 'next_pc': 0, 'wb_val_for_jumps': 60}
MEM/WB Reg = {'valid': 1, 'pc_plus4': 56, 'c': {'RegWrite': 1, 'MemRead': 0, 'MemWrite': 0, 'MemToReg': 0, 'ALUSrc': 1, 'Branch': 0, 'Jump': 0, 'JumpReg': 0, 'ALUOp': 'ADD', 'ImmSel': 'I', 'BrType': None, 'IsNOP': 0}, 'd': {'instr': 1278867, 'opcode': 19, 'rd': 7, 'funct3': 0, 'rs1': 7, 'rs2': 1, 'funct7': 0, 'imm_I': 1, 'imm_S': 7, 'imm_B': 2054, 'imm_U': 1277952, 'imm_J': 231424}, 'rd': 7, 'alu_res': 4, 'mem_data': 0, 'wb_val_for_jumps': 56}

Cycle 324
PC = 56
Stall Flag = False
Flush Flag = False
IF/ID Reg = {'valid': 1, 'pc': 52, 'instr': 1278867}
ID/EX Reg = {'valid': 0, 'pc': 0, 'pc_plus4': 0, 'd': None, 'c': None, 'imm': 0, 'rs1': 0, 'rs2': 0, 'rd': 0, 'rs1_val': 0, 'rs2_val': 0, 'alu_op': 'ADD'}
EX/MEM Reg = {'valid': 0, 'pc_plus4': 0, 'c': None, 'd': None, 'rd': 0, 'alu_res': 0, 'rs2_val_fwd': 0, 'mem_addr': 0, 'branch_taken': 0, 'next_pc': 0, 'wb_val_for_jumps': 0}
MEM/WB Reg = {'valid': 1, 'pc_plus4': 60, 'c': {'RegWrite': 0, 'MemRead': 0, 'MemWrite': 0, 'MemToReg': 0, 'ALUSrc': 0, 'Branch': 1, 'Jump': 0, 'JumpReg': 0, 'ALUOp': 'SUB', 'ImmSel': 'B', 'BrType': 'blt', 'IsNOP': 0}, 'd': {'instr': 4267953891, 'opcode': 99, 'rd': 29, 'funct3': 4, 'rs1': 7, 'rs2': 6, 'funct7': 127, 'imm_I': -26, 'imm_S': -3, 'imm_B': -4, 'imm_U': 4267950080, 'imm_J': -800794}, 'rd': 29, 'alu_res': 4294967290, 'mem_data': 0, 'wb_val_for_jumps': 60}

Cycle 325
PC = 60
Stall Flag = False
Flush Flag = False
IF/ID Reg = {'valid': 1, 'pc': 56, 'instr': 4267953891}
ID/EX Reg = {'valid': 1, 'pc': 52, 'pc_plus4': 56, 'd': {'instr': 1278867, 'opcode': 19, 'rd': 7, 'funct3': 0, 'rs1': 7, 'rs2': 1, 'funct7': 0, 'imm_I': 1, 'imm_S': 7, 'imm_B': 2054, 'imm_U': 1277952, 'imm_J': 231424}, 'c': {'RegWrite': 1, 'MemRead': 0, 'MemWrite': 0, 'MemToReg': 0, 'ALUSrc': 1, 'Branch': 0, 'Jump': 0, 'JumpReg': 0, 'ALUOp': 'ADD', 'ImmSel': 'I', 'BrType': None, 'IsNOP': 0}, 'imm': 1, 'rs1': 7, 'rs2': 1, 'rd': 7, 'rs1_val': 4, 'rs2_val': 0, 'alu_op': 'ADD'}
EX/MEM Reg = {'valid': 0, 'pc_plus4': 0, 'c': None, 'd': None, 'rd': 0, 'alu_res': 0, 'rs2_val_fwd': 0, 'mem_addr': 0, 'branch_taken': 0, 'next_pc': 0, 'wb_val_for_jumps': 0}
MEM/WB Reg = {'valid': 0, 'pc_plus4': 0, 'c': None, 'd': None, 'rd': 0, 'alu_res': 0, 'mem_data': 0, 'wb_val_for_jumps': 0}

Cycle 326
PC = 64
Stall Flag = False
Flush Flag = False
IF/ID Reg = {'valid': 1, 'pc': 60, 'instr': 1213075}
ID/EX Reg = {'valid': 1, 'pc': 56, 'pc_plus4': 60, 'd': {'instr': 4267953891, 'opcode': 99, 'rd': 29, 'funct3': 4, 'rs1': 7, 'rs2': 6, 'funct7': 127, 'imm_I': -26, 'imm_S': -3, 'imm_B': -4, 'imm_U': 4267950080, 'imm_J': -800794}, 'c': {'RegWrite': 0, 'MemRead': 0, 'MemWrite': 0, 'MemToReg': 0, 'ALUSrc': 0, 'Branch': 1, 'Jump': 0, 'JumpReg': 0, 'ALUOp': 'SUB', 'ImmSel': 'B', 'BrType': 'blt', 'IsNOP': 0}, 'imm': -4, 'rs1': 7, 'rs2': 6, 'rd': 29, 'rs1_val': 4, 'rs2_val': 10, 'alu_op': 'SUB'}
EX/MEM Reg = {'valid': 1, 'pc_plus4': 56, 'c': {'RegWrite': 1, 'MemRead': 0, 'MemWrite': 0, 'MemToReg': 0, 'ALUSrc': 1, 'Branch': 0, 'Jump': 0, 'JumpReg': 0, 'ALUOp': 'ADD', 'ImmSel': 'I', 'BrType': None, 'IsNOP': 0}, 'd': {'instr': 1278867, 'opcode': 19, 'rd': 7, 'funct3': 0, 'rs1': 7, 'rs2': 1, 'funct7': 0, 'imm_I': 1, 'imm_S': 7, 'imm_B': 2054, 'imm_U': 1277952, 'imm_J': 231424}, 'rd': 7, 'alu_res': 5, 'rs2_val_fwd': 0, 'mem_addr': 5, 'branch_taken': 0, 'next_pc': 0, 'wb_val_for_jumps': 56}
MEM/WB Reg = {'valid': 0, 'pc_plus4': 0, 'c': None, 'd': None, 'rd': 0, 'alu_res': 0, 'mem_data': 0, 'wb_val_for_jumps': 0}

Cycle 327
PC = 52
Stall Flag = False
Flush Flag = True
IF/ID Reg = {'valid': 0, 'pc': 0, 'instr': 0}
ID/EX Reg = {'valid': 0, 'pc': 60, 'pc_plus4': 64, 'd': {'instr': 1213075, 'opcode': 19, 'rd': 5, 'funct3': 0, 'rs1': 5, 'rs2': 1, 'funct7': 0, 'imm_I': 1, 'imm_S': 5, 'imm_B': 2052, 'imm_U': 1212416, 'imm_J': 165888}, 'c': {'RegWrite': 1, 'MemRead': 0, 'MemWrite': 0, 'MemToReg': 0, 'ALUSrc': 1, 'Branch': 0, 'Jump': 0, 'JumpReg': 0, 'ALUOp': 'ADD', 'ImmSel': 'I', 'BrType': None, 'IsNOP': 0}, 'imm': 1, 'rs1': 5, 'rs2': 1, 'rd': 5, 'rs1_val': 6, 'rs2_val': 0, 'alu_op': 'ADD'}
EX/MEM Reg = {'valid': 1, 'pc_plus4': 60, 'c': {'RegWrite': 0, 'MemRead': 0, 'MemWrite': 0, 'MemToReg': 0, 'ALUSrc': 0, 'Branch': 1, 'Jump': 0, 'JumpReg': 0, 'ALUOp': 'SUB', 'ImmSel': 'B', 'BrType': 'blt', 'IsNOP': 0}, 'd': {'instr': 4267953891, 'opcode': 99, 'rd': 29, 'funct3': 4, 'rs1': 7, 'rs2': 6, 'funct7': 127, 'imm_I': -26, 'imm_S': -3, 'imm_B': -4, 'imm_U': 4267950080, 'imm_J': -800794}, 'rd': 29, 'alu_res': 4294967291, 'rs2_val_fwd': 10, 'mem_addr': 4294967291, 'branch_taken': 0, 'next_pc': 0, 'wb_val_for_jumps': 60}
MEM/WB Reg = {'valid': 1, 'pc_plus4': 56, 'c': {'RegWrite': 1, 'MemRead': 0, 'MemWrite': 0, 'MemToReg': 0, 'ALUSrc': 1, 'Branch': 0, 'Jump': 0, 'JumpReg': 0, 'ALUOp': 'ADD', 'ImmSel': 'I', 'BrType': None, 'IsNOP': 0}, 'd': {'instr': 1278867, 'opcode': 19, 'rd': 7, 'funct3': 0, 'rs1': 7, 'rs2': 1, 'funct7': 0, 'imm_I': 1, 'imm_S': 7, 'imm_B': 2054, 'imm_U': 1277952, 'imm_J': 231424}, 'rd': 7, 'alu_res': 5, 'mem_data': 0, 'wb_val_for_jumps': 56}

Cycle 328
PC = 56
Stall Flag = False
Flush Flag = False
IF/ID Reg = {'valid': 1, 'pc': 52, 'instr': 1278867}
ID/EX Reg = {'valid': 0, 'pc': 0, 'pc_plus4': 0, 'd': None, 'c': None, 'imm': 0, 'rs1': 0, 'rs2': 0, 'rd': 0, 'rs1_val': 0, 'rs2_val': 0, 'alu_op': 'ADD'}
EX/MEM Reg = {'valid': 0, 'pc_plus4': 0, 'c': None, 'd': None, 'rd': 0, 'alu_res': 0, 'rs2_val_fwd': 0, 'mem_addr': 0, 'branch_taken': 0, 'next_pc': 0, 'wb_val_for_jumps': 0}
MEM/WB Reg = {'valid': 1, 'pc_plus4': 60, 'c': {'RegWrite': 0, 'MemRead': 0, 'MemWrite': 0, 'MemToReg': 0, 'ALUSrc': 0, 'Branch': 1, 'Jump': 0, 'JumpReg': 0, 'ALUOp': 'SUB', 'ImmSel': 'B', 'BrType': 'blt', 'IsNOP': 0}, 'd': {'instr': 4267953891, 'opcode': 99, 'rd': 29, 'funct3': 4, 'rs1': 7, 'rs2': 6, 'funct7': 127, 'imm_I': -26, 'imm_S': -3, 'imm_B': -4, 'imm_U': 4267950080, 'imm_J': -800794}, 'rd': 29, 'alu_res': 4294967291, 'mem_data': 0, 'wb_val_for_jumps': 60}

Cycle 329
PC = 60
Stall Flag = False
Flush Flag = False
IF/ID Reg = {'valid': 1, 'pc': 56, 'instr': 4267953891}
ID/EX Reg = {'valid': 1, 'pc': 52, 'pc_plus4': 56, 'd': {'instr': 1278867, 'opcode': 19, 'rd': 7, 'funct3': 0, 'rs1': 7, 'rs2': 1, 'funct7': 0, 'imm_I': 1, 'imm_S': 7, 'imm_B': 2054, 'imm_U': 1277952, 'imm_J': 231424}, 'c': {'RegWrite': 1, 'MemRead': 0, 'MemWrite': 0, 'MemToReg': 0, 'ALUSrc': 1, 'Branch': 0, 'Jump': 0, 'JumpReg': 0, 'ALUOp': 'ADD', 'ImmSel': 'I', 'BrType': None, 'IsNOP': 0}, 'imm': 1, 'rs1': 7, 'rs2': 1, 'rd': 7, 'rs1_val': 5, 'rs2_val': 0, 'alu_op': 'ADD'}
EX/MEM Reg = {'valid': 0, 'pc_plus4': 0, 'c': None, 'd': None, 'rd': 0, 'alu_res': 0, 'rs2_val_fwd': 0, 'mem_addr': 0, 'branch_taken': 0, 'next_pc': 0, 'wb_val_for_jumps': 0}
MEM/WB Reg = {'valid': 0, 'pc_plus4': 0, 'c': None, 'd': None, 'rd': 0, 'alu_res': 0, 'mem_data': 0, 'wb_val_for_jumps': 0}

Cycle 330
PC = 64
Stall Flag = False
Flush Flag = False
IF/ID Reg = {'valid': 1, 'pc': 60, 'instr': 1213075}
ID/EX Reg = {'valid': 1, 'pc': 56, 'pc_plus4': 60, 'd': {'instr': 4267953891, 'opcode': 99, 'rd': 29, 'funct3': 4, 'rs1': 7, 'rs2': 6, 'funct7': 127, 'imm_I': -26, 'imm_S': -3, 'imm_B': -4, 'imm_U': 4267950080, 'imm_J': -800794}, 'c': {'RegWrite': 0, 'MemRead': 0, 'MemWrite': 0, 'MemToReg': 0, 'ALUSrc': 0, 'Branch': 1, 'Jump': 0, 'JumpReg': 0, 'ALUOp': 'SUB', 'ImmSel': 'B', 'BrType': 'blt', 'IsNOP': 0}, 'imm': -4, 'rs1': 7, 'rs2': 6, 'rd': 29, 'rs1_val': 5, 'rs2_val': 10, 'alu_op': 'SUB'}
EX/MEM Reg = {'valid': 1, 'pc_plus4': 56, 'c': {'RegWrite': 1, 'MemRead': 0, 'MemWrite': 0, 'MemToReg': 0, 'ALUSrc': 1, 'Branch': 0, 'Jump': 0, 'JumpReg': 0, 'ALUOp': 'ADD', 'ImmSel': 'I', 'BrType': None, 'IsNOP': 0}, 'd': {'instr': 1278867, 'opcode': 19, 'rd': 7, 'funct3': 0, 'rs1': 7, 'rs2': 1, 'funct7': 0, 'imm_I': 1, 'imm_S': 7, 'imm_B': 2054, 'imm_U': 1277952, 'imm_J': 231424}, 'rd': 7, 'alu_res': 6, 'rs2_val_fwd': 0, 'mem_addr': 6, 'branch_taken': 0, 'next_pc': 0, 'wb_val_for_jumps': 56}
MEM/WB Reg = {'valid': 0, 'pc_plus4': 0, 'c': None, 'd': None, 'rd': 0, 'alu_res': 0, 'mem_data': 0, 'wb_val_for_jumps': 0}

Cycle 331
PC = 52
Stall Flag = False
Flush Flag = True
IF/ID Reg = {'valid': 0, 'pc': 0, 'instr': 0}
ID/EX Reg = {'valid': 0, 'pc': 60, 'pc_plus4': 64, 'd': {'instr': 1213075, 'opcode': 19, 'rd': 5, 'funct3': 0, 'rs1': 5, 'rs2': 1, 'funct7': 0, 'imm_I': 1, 'imm_S': 5, 'imm_B': 2052, 'imm_U': 1212416, 'imm_J': 165888}, 'c': {'RegWrite': 1, 'MemRead': 0, 'MemWrite': 0, 'MemToReg': 0, 'ALUSrc': 1, 'Branch': 0, 'Jump': 0, 'JumpReg': 0, 'ALUOp': 'ADD', 'ImmSel': 'I', 'BrType': None, 'IsNOP': 0}, 'imm': 1, 'rs1': 5, 'rs2': 1, 'rd': 5, 'rs1_val': 6, 'rs2_val': 0, 'alu_op': 'ADD'}
EX/MEM Reg = {'valid': 1, 'pc_plus4': 60, 'c': {'RegWrite': 0, 'MemRead': 0, 'MemWrite': 0, 'MemToReg': 0, 'ALUSrc': 0, 'Branch': 1, 'Jump': 0, 'JumpReg': 0, 'ALUOp': 'SUB', 'ImmSel': 'B', 'BrType': 'blt', 'IsNOP': 0}, 'd': {'instr': 4267953891, 'opcode': 99, 'rd': 29, 'funct3': 4, 'rs1': 7, 'rs2': 6, 'funct7': 127, 'imm_I': -26, 'imm_S': -3, 'imm_B': -4, 'imm_U': 4267950080, 'imm_J': -800794}, 'rd': 29, 'alu_res': 4294967292, 'rs2_val_fwd': 10, 'mem_addr': 4294967292, 'branch_taken': 0, 'next_pc': 0, 'wb_val_for_jumps': 60}
MEM/WB Reg = {'valid': 1, 'pc_plus4': 56, 'c': {'RegWrite': 1, 'MemRead': 0, 'MemWrite': 0, 'MemToReg': 0, 'ALUSrc': 1, 'Branch': 0, 'Jump': 0, 'JumpReg': 0, 'ALUOp': 'ADD', 'ImmSel': 'I', 'BrType': None, 'IsNOP': 0}, 'd': {'instr': 1278867, 'opcode': 19, 'rd': 7, 'funct3': 0, 'rs1': 7, 'rs2': 1, 'funct7': 0, 'imm_I': 1, 'imm_S': 7, 'imm_B': 2054, 'imm_U': 1277952, 'imm_J': 231424}, 'rd': 7, 'alu_res': 6, 'mem_data': 0, 'wb_val_for_jumps': 56}

Cycle 332
PC = 56
Stall Flag = False
Flush Flag = False
IF/ID Reg = {'valid': 1, 'pc': 52, 'instr': 1278867}
ID/EX Reg = {'valid': 0, 'pc': 0, 'pc_plus4': 0, 'd': None, 'c': None, 'imm': 0, 'rs1': 0, 'rs2': 0, 'rd': 0, 'rs1_val': 0, 'rs2_val': 0, 'alu_op': 'ADD'}
EX/MEM Reg = {'valid': 0, 'pc_plus4': 0, 'c': None, 'd': None, 'rd': 0, 'alu_res': 0, 'rs2_val_fwd': 0, 'mem_addr': 0, 'branch_taken': 0, 'next_pc': 0, 'wb_val_for_jumps': 0}
MEM/WB Reg = {'valid': 1, 'pc_plus4': 60, 'c': {'RegWrite': 0, 'MemRead': 0, 'MemWrite': 0, 'MemToReg': 0, 'ALUSrc': 0, 'Branch': 1, 'Jump': 0, 'JumpReg': 0, 'ALUOp': 'SUB', 'ImmSel': 'B', 'BrType': 'blt', 'IsNOP': 0}, 'd': {'instr': 4267953891, 'opcode': 99, 'rd': 29, 'funct3': 4, 'rs1': 7, 'rs2': 6, 'funct7': 127, 'imm_I': -26, 'imm_S': -3, 'imm_B': -4, 'imm_U': 4267950080, 'imm_J': -800794}, 'rd': 29, 'alu_res': 4294967292, 'mem_data': 0, 'wb_val_for_jumps': 60}

Cycle 333
PC = 60
Stall Flag = False
Flush Flag = False
IF/ID Reg = {'valid': 1, 'pc': 56, 'instr': 4267953891}
ID/EX Reg = {'valid': 1, 'pc': 52, 'pc_plus4': 56, 'd': {'instr': 1278867, 'opcode': 19, 'rd': 7, 'funct3': 0, 'rs1': 7, 'rs2': 1, 'funct7': 0, 'imm_I': 1, 'imm_S': 7, 'imm_B': 2054, 'imm_U': 1277952, 'imm_J': 231424}, 'c': {'RegWrite': 1, 'MemRead': 0, 'MemWrite': 0, 'MemToReg': 0, 'ALUSrc': 1, 'Branch': 0, 'Jump': 0, 'JumpReg': 0, 'ALUOp': 'ADD', 'ImmSel': 'I', 'BrType': None, 'IsNOP': 0}, 'imm': 1, 'rs1': 7, 'rs2': 1, 'rd': 7, 'rs1_val': 6, 'rs2_val': 0, 'alu_op': 'ADD'}
EX/MEM Reg = {'valid': 0, 'pc_plus4': 0, 'c': None, 'd': None, 'rd': 0, 'alu_res': 0, 'rs2_val_fwd': 0, 'mem_addr': 0, 'branch_taken': 0, 'next_pc': 0, 'wb_val_for_jumps': 0}
MEM/WB Reg = {'valid': 0, 'pc_plus4': 0, 'c': None, 'd': None, 'rd': 0, 'alu_res': 0, 'mem_data': 0, 'wb_val_for_jumps': 0}

Cycle 334
PC = 64
Stall Flag = False
Flush Flag = False
IF/ID Reg = {'valid': 1, 'pc': 60, 'instr': 1213075}
ID/EX Reg = {'valid': 1, 'pc': 56, 'pc_plus4': 60, 'd': {'instr': 4267953891, 'opcode': 99, 'rd': 29, 'funct3': 4, 'rs1': 7, 'rs2': 6, 'funct7': 127, 'imm_I': -26, 'imm_S': -3, 'imm_B': -4, 'imm_U': 4267950080, 'imm_J': -800794}, 'c': {'RegWrite': 0, 'MemRead': 0, 'MemWrite': 0, 'MemToReg': 0, 'ALUSrc': 0, 'Branch': 1, 'Jump': 0, 'JumpReg': 0, 'ALUOp': 'SUB', 'ImmSel': 'B', 'BrType': 'blt', 'IsNOP': 0}, 'imm': -4, 'rs1': 7, 'rs2': 6, 'rd': 29, 'rs1_val': 6, 'rs2_val': 10, 'alu_op': 'SUB'}
EX/MEM Reg = {'valid': 1, 'pc_plus4': 56, 'c': {'RegWrite': 1, 'MemRead': 0, 'MemWrite': 0, 'MemToReg': 0, 'ALUSrc': 1, 'Branch': 0, 'Jump': 0, 'JumpReg': 0, 'ALUOp': 'ADD', 'ImmSel': 'I', 'BrType': None, 'IsNOP': 0}, 'd': {'instr': 1278867, 'opcode': 19, 'rd': 7, 'funct3': 0, 'rs1': 7, 'rs2': 1, 'funct7': 0, 'imm_I': 1, 'imm_S': 7, 'imm_B': 2054, 'imm_U': 1277952, 'imm_J': 231424}, 'rd': 7, 'alu_res': 7, 'rs2_val_fwd': 0, 'mem_addr': 7, 'branch_taken': 0, 'next_pc': 0, 'wb_val_for_jumps': 56}
MEM/WB Reg = {'valid': 0, 'pc_plus4': 0, 'c': None, 'd': None, 'rd': 0, 'alu_res': 0, 'mem_data': 0, 'wb_val_for_jumps': 0}

Cycle 335
PC = 52
Stall Flag = False
Flush Flag = True
IF/ID Reg = {'valid': 0, 'pc': 0, 'instr': 0}
ID/EX Reg = {'valid': 0, 'pc': 60, 'pc_plus4': 64, 'd': {'instr': 1213075, 'opcode': 19, 'rd': 5, 'funct3': 0, 'rs1': 5, 'rs2': 1, 'funct7': 0, 'imm_I': 1, 'imm_S': 5, 'imm_B': 2052, 'imm_U': 1212416, 'imm_J': 165888}, 'c': {'RegWrite': 1, 'MemRead': 0, 'MemWrite': 0, 'MemToReg': 0, 'ALUSrc': 1, 'Branch': 0, 'Jump': 0, 'JumpReg': 0, 'ALUOp': 'ADD', 'ImmSel': 'I', 'BrType': None, 'IsNOP': 0}, 'imm': 1, 'rs1': 5, 'rs2': 1, 'rd': 5, 'rs1_val': 6, 'rs2_val': 0, 'alu_op': 'ADD'}
EX/MEM Reg = {'valid': 1, 'pc_plus4': 60, 'c': {'RegWrite': 0, 'MemRead': 0, 'MemWrite': 0, 'MemToReg': 0, 'ALUSrc': 0, 'Branch': 1, 'Jump': 0, 'JumpReg': 0, 'ALUOp': 'SUB', 'ImmSel': 'B', 'BrType': 'blt', 'IsNOP': 0}, 'd': {'instr': 4267953891, 'opcode': 99, 'rd': 29, 'funct3': 4, 'rs1': 7, 'rs2': 6, 'funct7': 127, 'imm_I': -26, 'imm_S': -3, 'imm_B': -4, 'imm_U': 4267950080, 'imm_J': -800794}, 'rd': 29, 'alu_res': 4294967293, 'rs2_val_fwd': 10, 'mem_addr': 4294967293, 'branch_taken': 0, 'next_pc': 0, 'wb_val_for_jumps': 60}
MEM/WB Reg = {'valid': 1, 'pc_plus4': 56, 'c': {'RegWrite': 1, 'MemRead': 0, 'MemWrite': 0, 'MemToReg': 0, 'ALUSrc': 1, 'Branch': 0, 'Jump': 0, 'JumpReg': 0, 'ALUOp': 'ADD', 'ImmSel': 'I', 'BrType': None, 'IsNOP': 0}, 'd': {'instr': 1278867, 'opcode': 19, 'rd': 7, 'funct3': 0, 'rs1': 7, 'rs2': 1, 'funct7': 0, 'imm_I': 1, 'imm_S': 7, 'imm_B': 2054, 'imm_U': 1277952, 'imm_J': 231424}, 'rd': 7, 'alu_res': 7, 'mem_data': 0, 'wb_val_for_jumps': 56}

Cycle 336
PC = 56
Stall Flag = False
Flush Flag = False
IF/ID Reg = {'valid': 1, 'pc': 52, 'instr': 1278867}
ID/EX Reg = {'valid': 0, 'pc': 0, 'pc_plus4': 0, 'd': None, 'c': None, 'imm': 0, 'rs1': 0, 'rs2': 0, 'rd': 0, 'rs1_val': 0, 'rs2_val': 0, 'alu_op': 'ADD'}
EX/MEM Reg = {'valid': 0, 'pc_plus4': 0, 'c': None, 'd': None, 'rd': 0, 'alu_res': 0, 'rs2_val_fwd': 0, 'mem_addr': 0, 'branch_taken': 0, 'next_pc': 0, 'wb_val_for_jumps': 0}
MEM/WB Reg = {'valid': 1, 'pc_plus4': 60, 'c': {'RegWrite': 0, 'MemRead': 0, 'MemWrite': 0, 'MemToReg': 0, 'ALUSrc': 0, 'Branch': 1, 'Jump': 0, 'JumpReg': 0, 'ALUOp': 'SUB', 'ImmSel': 'B', 'BrType': 'blt', 'IsNOP': 0}, 'd': {'instr': 4267953891, 'opcode': 99, 'rd': 29, 'funct3': 4, 'rs1': 7, 'rs2': 6, 'funct7': 127, 'imm_I': -26, 'imm_S': -3, 'imm_B': -4, 'imm_U': 4267950080, 'imm_J': -800794}, 'rd': 29, 'alu_res': 4294967293, 'mem_data': 0, 'wb_val_for_jumps': 60}

Cycle 337
PC = 60
Stall Flag = False
Flush Flag = False
IF/ID Reg = {'valid': 1, 'pc': 56, 'instr': 4267953891}
ID/EX Reg = {'valid': 1, 'pc': 52, 'pc_plus4': 56, 'd': {'instr': 1278867, 'opcode': 19, 'rd': 7, 'funct3': 0, 'rs1': 7, 'rs2': 1, 'funct7': 0, 'imm_I': 1, 'imm_S': 7, 'imm_B': 2054, 'imm_U': 1277952, 'imm_J': 231424}, 'c': {'RegWrite': 1, 'MemRead': 0, 'MemWrite': 0, 'MemToReg': 0, 'ALUSrc': 1, 'Branch': 0, 'Jump': 0, 'JumpReg': 0, 'ALUOp': 'ADD', 'ImmSel': 'I', 'BrType': None, 'IsNOP': 0}, 'imm': 1, 'rs1': 7, 'rs2': 1, 'rd': 7, 'rs1_val': 7, 'rs2_val': 0, 'alu_op': 'ADD'}
EX/MEM Reg = {'valid': 0, 'pc_plus4': 0, 'c': None, 'd': None, 'rd': 0, 'alu_res': 0, 'rs2_val_fwd': 0, 'mem_addr': 0, 'branch_taken': 0, 'next_pc': 0, 'wb_val_for_jumps': 0}
MEM/WB Reg = {'valid': 0, 'pc_plus4': 0, 'c': None, 'd': None, 'rd': 0, 'alu_res': 0, 'mem_data': 0, 'wb_val_for_jumps': 0}

Cycle 338
PC = 64
Stall Flag = False
Flush Flag = False
IF/ID Reg = {'valid': 1, 'pc': 60, 'instr': 1213075}
ID/EX Reg = {'valid': 1, 'pc': 56, 'pc_plus4': 60, 'd': {'instr': 4267953891, 'opcode': 99, 'rd': 29, 'funct3': 4, 'rs1': 7, 'rs2': 6, 'funct7': 127, 'imm_I': -26, 'imm_S': -3, 'imm_B': -4, 'imm_U': 4267950080, 'imm_J': -800794}, 'c': {'RegWrite': 0, 'MemRead': 0, 'MemWrite': 0, 'MemToReg': 0, 'ALUSrc': 0, 'Branch': 1, 'Jump': 0, 'JumpReg': 0, 'ALUOp': 'SUB', 'ImmSel': 'B', 'BrType': 'blt', 'IsNOP': 0}, 'imm': -4, 'rs1': 7, 'rs2': 6, 'rd': 29, 'rs1_val': 7, 'rs2_val': 10, 'alu_op': 'SUB'}
EX/MEM Reg = {'valid': 1, 'pc_plus4': 56, 'c': {'RegWrite': 1, 'MemRead': 0, 'MemWrite': 0, 'MemToReg': 0, 'ALUSrc': 1, 'Branch': 0, 'Jump': 0, 'JumpReg': 0, 'ALUOp': 'ADD', 'ImmSel': 'I', 'BrType': None, 'IsNOP': 0}, 'd': {'instr': 1278867, 'opcode': 19, 'rd': 7, 'funct3': 0, 'rs1': 7, 'rs2': 1, 'funct7': 0, 'imm_I': 1, 'imm_S': 7, 'imm_B': 2054, 'imm_U': 1277952, 'imm_J': 231424}, 'rd': 7, 'alu_res': 8, 'rs2_val_fwd': 0, 'mem_addr': 8, 'branch_taken': 0, 'next_pc': 0, 'wb_val_for_jumps': 56}
MEM/WB Reg = {'valid': 0, 'pc_plus4': 0, 'c': None, 'd': None, 'rd': 0, 'alu_res': 0, 'mem_data': 0, 'wb_val_for_jumps': 0}

Cycle 339
PC = 52
Stall Flag = False
Flush Flag = True
IF/ID Reg = {'valid': 0, 'pc': 0, 'instr': 0}
ID/EX Reg = {'valid': 0, 'pc': 60, 'pc_plus4': 64, 'd': {'instr': 1213075, 'opcode': 19, 'rd': 5, 'funct3': 0, 'rs1': 5, 'rs2': 1, 'funct7': 0, 'imm_I': 1, 'imm_S': 5, 'imm_B': 2052, 'imm_U': 1212416, 'imm_J': 165888}, 'c': {'RegWrite': 1, 'MemRead': 0, 'MemWrite': 0, 'MemToReg': 0, 'ALUSrc': 1, 'Branch': 0, 'Jump': 0, 'JumpReg': 0, 'ALUOp': 'ADD', 'ImmSel': 'I', 'BrType': None, 'IsNOP': 0}, 'imm': 1, 'rs1': 5, 'rs2': 1, 'rd': 5, 'rs1_val': 6, 'rs2_val': 0, 'alu_op': 'ADD'}
EX/MEM Reg = {'valid': 1, 'pc_plus4': 60, 'c': {'RegWrite': 0, 'MemRead': 0, 'MemWrite': 0, 'MemToReg': 0, 'ALUSrc': 0, 'Branch': 1, 'Jump': 0, 'JumpReg': 0, 'ALUOp': 'SUB', 'ImmSel': 'B', 'BrType': 'blt', 'IsNOP': 0}, 'd': {'instr': 4267953891, 'opcode': 99, 'rd': 29, 'funct3': 4, 'rs1': 7, 'rs2': 6, 'funct7': 127, 'imm_I': -26, 'imm_S': -3, 'imm_B': -4, 'imm_U': 4267950080, 'imm_J': -800794}, 'rd': 29, 'alu_res': 4294967294, 'rs2_val_fwd': 10, 'mem_addr': 4294967294, 'branch_taken': 0, 'next_pc': 0, 'wb_val_for_jumps': 60}
MEM/WB Reg = {'valid': 1, 'pc_plus4': 56, 'c': {'RegWrite': 1, 'MemRead': 0, 'MemWrite': 0, 'MemToReg': 0, 'ALUSrc': 1, 'Branch': 0, 'Jump': 0, 'JumpReg': 0, 'ALUOp': 'ADD', 'ImmSel': 'I', 'BrType': None, 'IsNOP': 0}, 'd': {'instr': 1278867, 'opcode': 19, 'rd': 7, 'funct3': 0, 'rs1': 7, 'rs2': 1, 'funct7': 0, 'imm_I': 1, 'imm_S': 7, 'imm_B': 2054, 'imm_U': 1277952, 'imm_J': 231424}, 'rd': 7, 'alu_res': 8, 'mem_data': 0, 'wb_val_for_jumps': 56}

Cycle 340
PC = 56
Stall Flag = False
Flush Flag = False
IF/ID Reg = {'valid': 1, 'pc': 52, 'instr': 1278867}
ID/EX Reg = {'valid': 0, 'pc': 0, 'pc_plus4': 0, 'd': None, 'c': None, 'imm': 0, 'rs1': 0, 'rs2': 0, 'rd': 0, 'rs1_val': 0, 'rs2_val': 0, 'alu_op': 'ADD'}
EX/MEM Reg = {'valid': 0, 'pc_plus4': 0, 'c': None, 'd': None, 'rd': 0, 'alu_res': 0, 'rs2_val_fwd': 0, 'mem_addr': 0, 'branch_taken': 0, 'next_pc': 0, 'wb_val_for_jumps': 0}
MEM/WB Reg = {'valid': 1, 'pc_plus4': 60, 'c': {'RegWrite': 0, 'MemRead': 0, 'MemWrite': 0, 'MemToReg': 0, 'ALUSrc': 0, 'Branch': 1, 'Jump': 0, 'JumpReg': 0, 'ALUOp': 'SUB', 'ImmSel': 'B', 'BrType': 'blt', 'IsNOP': 0}, 'd': {'instr': 4267953891, 'opcode': 99, 'rd': 29, 'funct3': 4, 'rs1': 7, 'rs2': 6, 'funct7': 127, 'imm_I': -26, 'imm_S': -3, 'imm_B': -4, 'imm_U': 4267950080, 'imm_J': -800794}, 'rd': 29, 'alu_res': 4294967294, 'mem_data': 0, 'wb_val_for_jumps': 60}

Cycle 341
PC = 60
Stall Flag = False
Flush Flag = False
IF/ID Reg = {'valid': 1, 'pc': 56, 'instr': 4267953891}
ID/EX Reg = {'valid': 1, 'pc': 52, 'pc_plus4': 56, 'd': {'instr': 1278867, 'opcode': 19, 'rd': 7, 'funct3': 0, 'rs1': 7, 'rs2': 1, 'funct7': 0, 'imm_I': 1, 'imm_S': 7, 'imm_B': 2054, 'imm_U': 1277952, 'imm_J': 231424}, 'c': {'RegWrite': 1, 'MemRead': 0, 'MemWrite': 0, 'MemToReg': 0, 'ALUSrc': 1, 'Branch': 0, 'Jump': 0, 'JumpReg': 0, 'ALUOp': 'ADD', 'ImmSel': 'I', 'BrType': None, 'IsNOP': 0}, 'imm': 1, 'rs1': 7, 'rs2': 1, 'rd': 7, 'rs1_val': 8, 'rs2_val': 0, 'alu_op': 'ADD'}
EX/MEM Reg = {'valid': 0, 'pc_plus4': 0, 'c': None, 'd': None, 'rd': 0, 'alu_res': 0, 'rs2_val_fwd': 0, 'mem_addr': 0, 'branch_taken': 0, 'next_pc': 0, 'wb_val_for_jumps': 0}
MEM/WB Reg = {'valid': 0, 'pc_plus4': 0, 'c': None, 'd': None, 'rd': 0, 'alu_res': 0, 'mem_data': 0, 'wb_val_for_jumps': 0}

Cycle 342
PC = 64
Stall Flag = False
Flush Flag = False
IF/ID Reg = {'valid': 1, 'pc': 60, 'instr': 1213075}
ID/EX Reg = {'valid': 1, 'pc': 56, 'pc_plus4': 60, 'd': {'instr': 4267953891, 'opcode': 99, 'rd': 29, 'funct3': 4, 'rs1': 7, 'rs2': 6, 'funct7': 127, 'imm_I': -26, 'imm_S': -3, 'imm_B': -4, 'imm_U': 4267950080, 'imm_J': -800794}, 'c': {'RegWrite': 0, 'MemRead': 0, 'MemWrite': 0, 'MemToReg': 0, 'ALUSrc': 0, 'Branch': 1, 'Jump': 0, 'JumpReg': 0, 'ALUOp': 'SUB', 'ImmSel': 'B', 'BrType': 'blt', 'IsNOP': 0}, 'imm': -4, 'rs1': 7, 'rs2': 6, 'rd': 29, 'rs1_val': 8, 'rs2_val': 10, 'alu_op': 'SUB'}
EX/MEM Reg = {'valid': 1, 'pc_plus4': 56, 'c': {'RegWrite': 1, 'MemRead': 0, 'MemWrite': 0, 'MemToReg': 0, 'ALUSrc': 1, 'Branch': 0, 'Jump': 0, 'JumpReg': 0, 'ALUOp': 'ADD', 'ImmSel': 'I', 'BrType': None, 'IsNOP': 0}, 'd': {'instr': 1278867, 'opcode': 19, 'rd': 7, 'funct3': 0, 'rs1': 7, 'rs2': 1, 'funct7': 0, 'imm_I': 1, 'imm_S': 7, 'imm_B': 2054, 'imm_U': 1277952, 'imm_J': 231424}, 'rd': 7, 'alu_res': 9, 'rs2_val_fwd': 0, 'mem_addr': 9, 'branch_taken': 0, 'next_pc': 0, 'wb_val_for_jumps': 56}
MEM/WB Reg = {'valid': 0, 'pc_plus4': 0, 'c': None, 'd': None, 'rd': 0, 'alu_res': 0, 'mem_data': 0, 'wb_val_for_jumps': 0}

Cycle 343
PC = 52
Stall Flag = False
Flush Flag = True
IF/ID Reg = {'valid': 0, 'pc': 0, 'instr': 0}
ID/EX Reg = {'valid': 0, 'pc': 60, 'pc_plus4': 64, 'd': {'instr': 1213075, 'opcode': 19, 'rd': 5, 'funct3': 0, 'rs1': 5, 'rs2': 1, 'funct7': 0, 'imm_I': 1, 'imm_S': 5, 'imm_B': 2052, 'imm_U': 1212416, 'imm_J': 165888}, 'c': {'RegWrite': 1, 'MemRead': 0, 'MemWrite': 0, 'MemToReg': 0, 'ALUSrc': 1, 'Branch': 0, 'Jump': 0, 'JumpReg': 0, 'ALUOp': 'ADD', 'ImmSel': 'I', 'BrType': None, 'IsNOP': 0}, 'imm': 1, 'rs1': 5, 'rs2': 1, 'rd': 5, 'rs1_val': 6, 'rs2_val': 0, 'alu_op': 'ADD'}
EX/MEM Reg = {'valid': 1, 'pc_plus4': 60, 'c': {'RegWrite': 0, 'MemRead': 0, 'MemWrite': 0, 'MemToReg': 0, 'ALUSrc': 0, 'Branch': 1, 'Jump': 0, 'JumpReg': 0, 'ALUOp': 'SUB', 'ImmSel': 'B', 'BrType': 'blt', 'IsNOP': 0}, 'd': {'instr': 4267953891, 'opcode': 99, 'rd': 29, 'funct3': 4, 'rs1': 7, 'rs2': 6, 'funct7': 127, 'imm_I': -26, 'imm_S': -3, 'imm_B': -4, 'imm_U': 4267950080, 'imm_J': -800794}, 'rd': 29, 'alu_res': 4294967295, 'rs2_val_fwd': 10, 'mem_addr': 4294967295, 'branch_taken': 0, 'next_pc': 0, 'wb_val_for_jumps': 60}
MEM/WB Reg = {'valid': 1, 'pc_plus4': 56, 'c': {'RegWrite': 1, 'MemRead': 0, 'MemWrite': 0, 'MemToReg': 0, 'ALUSrc': 1, 'Branch': 0, 'Jump': 0, 'JumpReg': 0, 'ALUOp': 'ADD', 'ImmSel': 'I', 'BrType': None, 'IsNOP': 0}, 'd': {'instr': 1278867, 'opcode': 19, 'rd': 7, 'funct3': 0, 'rs1': 7, 'rs2': 1, 'funct7': 0, 'imm_I': 1, 'imm_S': 7, 'imm_B': 2054, 'imm_U': 1277952, 'imm_J': 231424}, 'rd': 7, 'alu_res': 9, 'mem_data': 0, 'wb_val_for_jumps': 56}

Cycle 344
PC = 56
Stall Flag = False
Flush Flag = False
IF/ID Reg = {'valid': 1, 'pc': 52, 'instr': 1278867}
ID/EX Reg = {'valid': 0, 'pc': 0, 'pc_plus4': 0, 'd': None, 'c': None, 'imm': 0, 'rs1': 0, 'rs2': 0, 'rd': 0, 'rs1_val': 0, 'rs2_val': 0, 'alu_op': 'ADD'}
EX/MEM Reg = {'valid': 0, 'pc_plus4': 0, 'c': None, 'd': None, 'rd': 0, 'alu_res': 0, 'rs2_val_fwd': 0, 'mem_addr': 0, 'branch_taken': 0, 'next_pc': 0, 'wb_val_for_jumps': 0}
MEM/WB Reg = {'valid': 1, 'pc_plus4': 60, 'c': {'RegWrite': 0, 'MemRead': 0, 'MemWrite': 0, 'MemToReg': 0, 'ALUSrc': 0, 'Branch': 1, 'Jump': 0, 'JumpReg': 0, 'ALUOp': 'SUB', 'ImmSel': 'B', 'BrType': 'blt', 'IsNOP': 0}, 'd': {'instr': 4267953891, 'opcode': 99, 'rd': 29, 'funct3': 4, 'rs1': 7, 'rs2': 6, 'funct7': 127, 'imm_I': -26, 'imm_S': -3, 'imm_B': -4, 'imm_U': 4267950080, 'imm_J': -800794}, 'rd': 29, 'alu_res': 4294967295, 'mem_data': 0, 'wb_val_for_jumps': 60}

Cycle 345
PC = 60
Stall Flag = False
Flush Flag = False
IF/ID Reg = {'valid': 1, 'pc': 56, 'instr': 4267953891}
ID/EX Reg = {'valid': 1, 'pc': 52, 'pc_plus4': 56, 'd': {'instr': 1278867, 'opcode': 19, 'rd': 7, 'funct3': 0, 'rs1': 7, 'rs2': 1, 'funct7': 0, 'imm_I': 1, 'imm_S': 7, 'imm_B': 2054, 'imm_U': 1277952, 'imm_J': 231424}, 'c': {'RegWrite': 1, 'MemRead': 0, 'MemWrite': 0, 'MemToReg': 0, 'ALUSrc': 1, 'Branch': 0, 'Jump': 0, 'JumpReg': 0, 'ALUOp': 'ADD', 'ImmSel': 'I', 'BrType': None, 'IsNOP': 0}, 'imm': 1, 'rs1': 7, 'rs2': 1, 'rd': 7, 'rs1_val': 9, 'rs2_val': 0, 'alu_op': 'ADD'}
EX/MEM Reg = {'valid': 0, 'pc_plus4': 0, 'c': None, 'd': None, 'rd': 0, 'alu_res': 0, 'rs2_val_fwd': 0, 'mem_addr': 0, 'branch_taken': 0, 'next_pc': 0, 'wb_val_for_jumps': 0}
MEM/WB Reg = {'valid': 0, 'pc_plus4': 0, 'c': None, 'd': None, 'rd': 0, 'alu_res': 0, 'mem_data': 0, 'wb_val_for_jumps': 0}

Cycle 346
PC = 64
Stall Flag = False
Flush Flag = False
IF/ID Reg = {'valid': 1, 'pc': 60, 'instr': 1213075}
ID/EX Reg = {'valid': 1, 'pc': 56, 'pc_plus4': 60, 'd': {'instr': 4267953891, 'opcode': 99, 'rd': 29, 'funct3': 4, 'rs1': 7, 'rs2': 6, 'funct7': 127, 'imm_I': -26, 'imm_S': -3, 'imm_B': -4, 'imm_U': 4267950080, 'imm_J': -800794}, 'c': {'RegWrite': 0, 'MemRead': 0, 'MemWrite': 0, 'MemToReg': 0, 'ALUSrc': 0, 'Branch': 1, 'Jump': 0, 'JumpReg': 0, 'ALUOp': 'SUB', 'ImmSel': 'B', 'BrType': 'blt', 'IsNOP': 0}, 'imm': -4, 'rs1': 7, 'rs2': 6, 'rd': 29, 'rs1_val': 9, 'rs2_val': 10, 'alu_op': 'SUB'}
EX/MEM Reg = {'valid': 1, 'pc_plus4': 56, 'c': {'RegWrite': 1, 'MemRead': 0, 'MemWrite': 0, 'MemToReg': 0, 'ALUSrc': 1, 'Branch': 0, 'Jump': 0, 'JumpReg': 0, 'ALUOp': 'ADD', 'ImmSel': 'I', 'BrType': None, 'IsNOP': 0}, 'd': {'instr': 1278867, 'opcode': 19, 'rd': 7, 'funct3': 0, 'rs1': 7, 'rs2': 1, 'funct7': 0, 'imm_I': 1, 'imm_S': 7, 'imm_B': 2054, 'imm_U': 1277952, 'imm_J': 231424}, 'rd': 7, 'alu_res': 10, 'rs2_val_fwd': 0, 'mem_addr': 10, 'branch_taken': 0, 'next_pc': 0, 'wb_val_for_jumps': 56}
MEM/WB Reg = {'valid': 0, 'pc_plus4': 0, 'c': None, 'd': None, 'rd': 0, 'alu_res': 0, 'mem_data': 0, 'wb_val_for_jumps': 0}

Cycle 347
PC = 68
Stall Flag = False
Flush Flag = False
IF/ID Reg = {'valid': 1, 'pc': 64, 'instr': 4267886819}
ID/EX Reg = {'valid': 1, 'pc': 60, 'pc_plus4': 64, 'd': {'instr': 1213075, 'opcode': 19, 'rd': 5, 'funct3': 0, 'rs1': 5, 'rs2': 1, 'funct7': 0, 'imm_I': 1, 'imm_S': 5, 'imm_B': 2052, 'imm_U': 1212416, 'imm_J': 165888}, 'c': {'RegWrite': 1, 'MemRead': 0, 'MemWrite': 0, 'MemToReg': 0, 'ALUSrc': 1, 'Branch': 0, 'Jump': 0, 'JumpReg': 0, 'ALUOp': 'ADD', 'ImmSel': 'I', 'BrType': None, 'IsNOP': 0}, 'imm': 1, 'rs1': 5, 'rs2': 1, 'rd': 5, 'rs1_val': 6, 'rs2_val': 0, 'alu_op': 'ADD'}
EX/MEM Reg = {'valid': 1, 'pc_plus4': 60, 'c': {'RegWrite': 0, 'MemRead': 0, 'MemWrite': 0, 'MemToReg': 0, 'ALUSrc': 0, 'Branch': 1, 'Jump': 0, 'JumpReg': 0, 'ALUOp': 'SUB', 'ImmSel': 'B', 'BrType': 'blt', 'IsNOP': 0}, 'd': {'instr': 4267953891, 'opcode': 99, 'rd': 29, 'funct3': 4, 'rs1': 7, 'rs2': 6, 'funct7': 127, 'imm_I': -26, 'imm_S': -3, 'imm_B': -4, 'imm_U': 4267950080, 'imm_J': -800794}, 'rd': 29, 'alu_res': 0, 'rs2_val_fwd': 10, 'mem_addr': 0, 'branch_taken': 0, 'next_pc': 0, 'wb_val_for_jumps': 60}
MEM/WB Reg = {'valid': 1, 'pc_plus4': 56, 'c': {'RegWrite': 1, 'MemRead': 0, 'MemWrite': 0, 'MemToReg': 0, 'ALUSrc': 1, 'Branch': 0, 'Jump': 0, 'JumpReg': 0, 'ALUOp': 'ADD', 'ImmSel': 'I', 'BrType': None, 'IsNOP': 0}, 'd': {'instr': 1278867, 'opcode': 19, 'rd': 7, 'funct3': 0, 'rs1': 7, 'rs2': 1, 'funct7': 0, 'imm_I': 1, 'imm_S': 7, 'imm_B': 2054, 'imm_U': 1277952, 'imm_J': 231424}, 'rd': 7, 'alu_res': 10, 'mem_data': 0, 'wb_val_for_jumps': 56}

Cycle 348
PC = 72
Stall Flag = False
Flush Flag = False
IF/ID Reg = {'valid': 1, 'pc': 68, 'instr': 1049235}
ID/EX Reg = {'valid': 1, 'pc': 64, 'pc_plus4': 68, 'd': {'instr': 4267886819, 'opcode': 99, 'rd': 17, 'funct3': 4, 'rs1': 5, 'rs2': 6, 'funct7': 127, 'imm_I': -26, 'imm_S': -15, 'imm_B': -16, 'imm_U': 4267884544, 'imm_J': -866330}, 'c': {'RegWrite': 0, 'MemRead': 0, 'MemWrite': 0, 'MemToReg': 0, 'ALUSrc': 0, 'Branch': 1, 'Jump': 0, 'JumpReg': 0, 'ALUOp': 'SUB', 'ImmSel': 'B', 'BrType': 'blt', 'IsNOP': 0}, 'imm': -16, 'rs1': 5, 'rs2': 6, 'rd': 17, 'rs1_val': 6, 'rs2_val': 10, 'alu_op': 'SUB'}
EX/MEM Reg = {'valid': 1, 'pc_plus4': 64, 'c': {'RegWrite': 1, 'MemRead': 0, 'MemWrite': 0, 'MemToReg': 0, 'ALUSrc': 1, 'Branch': 0, 'Jump': 0, 'JumpReg': 0, 'ALUOp': 'ADD', 'ImmSel': 'I', 'BrType': None, 'IsNOP': 0}, 'd': {'instr': 1213075, 'opcode': 19, 'rd': 5, 'funct3': 0, 'rs1': 5, 'rs2': 1, 'funct7': 0, 'imm_I': 1, 'imm_S': 5, 'imm_B': 2052, 'imm_U': 1212416, 'imm_J': 165888}, 'rd': 5, 'alu_res': 7, 'rs2_val_fwd': 0, 'mem_addr': 7, 'branch_taken': 0, 'next_pc': 0, 'wb_val_for_jumps': 64}
MEM/WB Reg = {'valid': 1, 'pc_plus4': 60, 'c': {'RegWrite': 0, 'MemRead': 0, 'MemWrite': 0, 'MemToReg': 0, 'ALUSrc': 0, 'Branch': 1, 'Jump': 0, 'JumpReg': 0, 'ALUOp': 'SUB', 'ImmSel': 'B', 'BrType': 'blt', 'IsNOP': 0}, 'd': {'instr': 4267953891, 'opcode': 99, 'rd': 29, 'funct3': 4, 'rs1': 7, 'rs2': 6, 'funct7': 127, 'imm_I': -26, 'imm_S': -3, 'imm_B': -4, 'imm_U': 4267950080, 'imm_J': -800794}, 'rd': 29, 'alu_res': 0, 'mem_data': 0, 'wb_val_for_jumps': 60}

Cycle 349
PC = 48
Stall Flag = False
Flush Flag = True
IF/ID Reg = {'valid': 0, 'pc': 0, 'instr': 0}
ID/EX Reg = {'valid': 0, 'pc': 68, 'pc_plus4': 72, 'd': {'instr': 1049235, 'opcode': 19, 'rd': 5, 'funct3': 0, 'rs1': 0, 'rs2': 1, 'funct7': 0, 'imm_I': 1, 'imm_S': 5, 'imm_B': 2052, 'imm_U': 1048576, 'imm_J': 2048}, 'c': {'RegWrite': 1, 'MemRead': 0, 'MemWrite': 0, 'MemToReg': 0, 'ALUSrc': 1, 'Branch': 0, 'Jump': 0, 'JumpReg': 0, 'ALUOp': 'ADD', 'ImmSel': 'I', 'BrType': None, 'IsNOP': 0}, 'imm': 1, 'rs1': 0, 'rs2': 1, 'rd': 5, 'rs1_val': 0, 'rs2_val': 0, 'alu_op': 'ADD'}
EX/MEM Reg = {'valid': 1, 'pc_plus4': 68, 'c': {'RegWrite': 0, 'MemRead': 0, 'MemWrite': 0, 'MemToReg': 0, 'ALUSrc': 0, 'Branch': 1, 'Jump': 0, 'JumpReg': 0, 'ALUOp': 'SUB', 'ImmSel': 'B', 'BrType': 'blt', 'IsNOP': 0}, 'd': {'instr': 4267886819, 'opcode': 99, 'rd': 17, 'funct3': 4, 'rs1': 5, 'rs2': 6, 'funct7': 127, 'imm_I': -26, 'imm_S': -15, 'imm_B': -16, 'imm_U': 4267884544, 'imm_J': -866330}, 'rd': 17, 'alu_res': 4294967293, 'rs2_val_fwd': 10, 'mem_addr': 4294967293, 'branch_taken': 0, 'next_pc': 0, 'wb_val_for_jumps': 68}
MEM/WB Reg = {'valid': 1, 'pc_plus4': 64, 'c': {'RegWrite': 1, 'MemRead': 0, 'MemWrite': 0, 'MemToReg': 0, 'ALUSrc': 1, 'Branch': 0, 'Jump': 0, 'JumpReg': 0, 'ALUOp': 'ADD', 'ImmSel': 'I', 'BrType': None, 'IsNOP': 0}, 'd': {'instr': 1213075, 'opcode': 19, 'rd': 5, 'funct3': 0, 'rs1': 5, 'rs2': 1, 'funct7': 0, 'imm_I': 1, 'imm_S': 5, 'imm_B': 2052, 'imm_U': 1212416, 'imm_J': 165888}, 'rd': 5, 'alu_res': 7, 'mem_data': 0, 'wb_val_for_jumps': 64}

Cycle 350
PC = 52
Stall Flag = False
Flush Flag = False
IF/ID Reg = {'valid': 1, 'pc': 48, 'instr': 915}
ID/EX Reg = {'valid': 0, 'pc': 0, 'pc_plus4': 0, 'd': None, 'c': None, 'imm': 0, 'rs1': 0, 'rs2': 0, 'rd': 0, 'rs1_val': 0, 'rs2_val': 0, 'alu_op': 'ADD'}
EX/MEM Reg = {'valid': 0, 'pc_plus4': 0, 'c': None, 'd': None, 'rd': 0, 'alu_res': 0, 'rs2_val_fwd': 0, 'mem_addr': 0, 'branch_taken': 0, 'next_pc': 0, 'wb_val_for_jumps': 0}
MEM/WB Reg = {'valid': 1, 'pc_plus4': 68, 'c': {'RegWrite': 0, 'MemRead': 0, 'MemWrite': 0, 'MemToReg': 0, 'ALUSrc': 0, 'Branch': 1, 'Jump': 0, 'JumpReg': 0, 'ALUOp': 'SUB', 'ImmSel': 'B', 'BrType': 'blt', 'IsNOP': 0}, 'd': {'instr': 4267886819, 'opcode': 99, 'rd': 17, 'funct3': 4, 'rs1': 5, 'rs2': 6, 'funct7': 127, 'imm_I': -26, 'imm_S': -15, 'imm_B': -16, 'imm_U': 4267884544, 'imm_J': -866330}, 'rd': 17, 'alu_res': 4294967293, 'mem_data': 0, 'wb_val_for_jumps': 68}

Cycle 351
PC = 56
Stall Flag = False
Flush Flag = False
IF/ID Reg = {'valid': 1, 'pc': 52, 'instr': 1278867}
ID/EX Reg = {'valid': 1, 'pc': 48, 'pc_plus4': 52, 'd': {'instr': 915, 'opcode': 19, 'rd': 7, 'funct3': 0, 'rs1': 0, 'rs2': 0, 'funct7': 0, 'imm_I': 0, 'imm_S': 7, 'imm_B': 2054, 'imm_U': 0, 'imm_J': 0}, 'c': {'RegWrite': 1, 'MemRead': 0, 'MemWrite': 0, 'MemToReg': 0, 'ALUSrc': 1, 'Branch': 0, 'Jump': 0, 'JumpReg': 0, 'ALUOp': 'ADD', 'ImmSel': 'I', 'BrType': None, 'IsNOP': 0}, 'imm': 0, 'rs1': 0, 'rs2': 0, 'rd': 7, 'rs1_val': 0, 'rs2_val': 0, 'alu_op': 'ADD'}
EX/MEM Reg = {'valid': 0, 'pc_plus4': 0, 'c': None, 'd': None, 'rd': 0, 'alu_res': 0, 'rs2_val_fwd': 0, 'mem_addr': 0, 'branch_taken': 0, 'next_pc': 0, 'wb_val_for_jumps': 0}
MEM/WB Reg = {'valid': 0, 'pc_plus4': 0, 'c': None, 'd': None, 'rd': 0, 'alu_res': 0, 'mem_data': 0, 'wb_val_for_jumps': 0}

Cycle 352
PC = 60
Stall Flag = False
Flush Flag = False
IF/ID Reg = {'valid': 1, 'pc': 56, 'instr': 4267953891}
ID/EX Reg = {'valid': 1, 'pc': 52, 'pc_plus4': 56, 'd': {'instr': 1278867, 'opcode': 19, 'rd': 7, 'funct3': 0, 'rs1': 7, 'rs2': 1, 'funct7': 0, 'imm_I': 1, 'imm_S': 7, 'imm_B': 2054, 'imm_U': 1277952, 'imm_J': 231424}, 'c': {'RegWrite': 1, 'MemRead': 0, 'MemWrite': 0, 'MemToReg': 0, 'ALUSrc': 1, 'Branch': 0, 'Jump': 0, 'JumpReg': 0, 'ALUOp': 'ADD', 'ImmSel': 'I', 'BrType': None, 'IsNOP': 0}, 'imm': 1, 'rs1': 7, 'rs2': 1, 'rd': 7, 'rs1_val': 10, 'rs2_val': 0, 'alu_op': 'ADD'}
EX/MEM Reg = {'valid': 1, 'pc_plus4': 52, 'c': {'RegWrite': 1, 'MemRead': 0, 'MemWrite': 0, 'MemToReg': 0, 'ALUSrc': 1, 'Branch': 0, 'Jump': 0, 'JumpReg': 0, 'ALUOp': 'ADD', 'ImmSel': 'I', 'BrType': None, 'IsNOP': 0}, 'd': {'instr': 915, 'opcode': 19, 'rd': 7, 'funct3': 0, 'rs1': 0, 'rs2': 0, 'funct7': 0, 'imm_I': 0, 'imm_S': 7, 'imm_B': 2054, 'imm_U': 0, 'imm_J': 0}, 'rd': 7, 'alu_res': 0, 'rs2_val_fwd': 0, 'mem_addr': 0, 'branch_taken': 0, 'next_pc': 0, 'wb_val_for_jumps': 52}
MEM/WB Reg = {'valid': 0, 'pc_plus4': 0, 'c': None, 'd': None, 'rd': 0, 'alu_res': 0, 'mem_data': 0, 'wb_val_for_jumps': 0}

Cycle 353
PC = 64
Stall Flag = False
Flush Flag = False
IF/ID Reg = {'valid': 1, 'pc': 60, 'instr': 1213075}
ID/EX Reg = {'valid': 1, 'pc': 56, 'pc_plus4': 60, 'd': {'instr': 4267953891, 'opcode': 99, 'rd': 29, 'funct3': 4, 'rs1': 7, 'rs2': 6, 'funct7': 127, 'imm_I': -26, 'imm_S': -3, 'imm_B': -4, 'imm_U': 4267950080, 'imm_J': -800794}, 'c': {'RegWrite': 0, 'MemRead': 0, 'MemWrite': 0, 'MemToReg': 0, 'ALUSrc': 0, 'Branch': 1, 'Jump': 0, 'JumpReg': 0, 'ALUOp': 'SUB', 'ImmSel': 'B', 'BrType': 'blt', 'IsNOP': 0}, 'imm': -4, 'rs1': 7, 'rs2': 6, 'rd': 29, 'rs1_val': 10, 'rs2_val': 10, 'alu_op': 'SUB'}
EX/MEM Reg = {'valid': 1, 'pc_plus4': 56, 'c': {'RegWrite': 1, 'MemRead': 0, 'MemWrite': 0, 'MemToReg': 0, 'ALUSrc': 1, 'Branch': 0, 'Jump': 0, 'JumpReg': 0, 'ALUOp': 'ADD', 'ImmSel': 'I', 'BrType': None, 'IsNOP': 0}, 'd': {'instr': 1278867, 'opcode': 19, 'rd': 7, 'funct3': 0, 'rs1': 7, 'rs2': 1, 'funct7': 0, 'imm_I': 1, 'imm_S': 7, 'imm_B': 2054, 'imm_U': 1277952, 'imm_J': 231424}, 'rd': 7, 'alu_res': 1, 'rs2_val_fwd': 0, 'mem_addr': 1, 'branch_taken': 0, 'next_pc': 0, 'wb_val_for_jumps': 56}
MEM/WB Reg = {'valid': 1, 'pc_plus4': 52, 'c': {'RegWrite': 1, 'MemRead': 0, 'MemWrite': 0, 'MemToReg': 0, 'ALUSrc': 1, 'Branch': 0, 'Jump': 0, 'JumpReg': 0, 'ALUOp': 'ADD', 'ImmSel': 'I', 'BrType': None, 'IsNOP': 0}, 'd': {'instr': 915, 'opcode': 19, 'rd': 7, 'funct3': 0, 'rs1': 0, 'rs2': 0, 'funct7': 0, 'imm_I': 0, 'imm_S': 7, 'imm_B': 2054, 'imm_U': 0, 'imm_J': 0}, 'rd': 7, 'alu_res': 0, 'mem_data': 0, 'wb_val_for_jumps': 52}

Cycle 354
PC = 52
Stall Flag = False
Flush Flag = True
IF/ID Reg = {'valid': 0, 'pc': 0, 'instr': 0}
ID/EX Reg = {'valid': 0, 'pc': 60, 'pc_plus4': 64, 'd': {'instr': 1213075, 'opcode': 19, 'rd': 5, 'funct3': 0, 'rs1': 5, 'rs2': 1, 'funct7': 0, 'imm_I': 1, 'imm_S': 5, 'imm_B': 2052, 'imm_U': 1212416, 'imm_J': 165888}, 'c': {'RegWrite': 1, 'MemRead': 0, 'MemWrite': 0, 'MemToReg': 0, 'ALUSrc': 1, 'Branch': 0, 'Jump': 0, 'JumpReg': 0, 'ALUOp': 'ADD', 'ImmSel': 'I', 'BrType': None, 'IsNOP': 0}, 'imm': 1, 'rs1': 5, 'rs2': 1, 'rd': 5, 'rs1_val': 7, 'rs2_val': 0, 'alu_op': 'ADD'}
EX/MEM Reg = {'valid': 1, 'pc_plus4': 60, 'c': {'RegWrite': 0, 'MemRead': 0, 'MemWrite': 0, 'MemToReg': 0, 'ALUSrc': 0, 'Branch': 1, 'Jump': 0, 'JumpReg': 0, 'ALUOp': 'SUB', 'ImmSel': 'B', 'BrType': 'blt', 'IsNOP': 0}, 'd': {'instr': 4267953891, 'opcode': 99, 'rd': 29, 'funct3': 4, 'rs1': 7, 'rs2': 6, 'funct7': 127, 'imm_I': -26, 'imm_S': -3, 'imm_B': -4, 'imm_U': 4267950080, 'imm_J': -800794}, 'rd': 29, 'alu_res': 4294967287, 'rs2_val_fwd': 10, 'mem_addr': 4294967287, 'branch_taken': 0, 'next_pc': 0, 'wb_val_for_jumps': 60}
MEM/WB Reg = {'valid': 1, 'pc_plus4': 56, 'c': {'RegWrite': 1, 'MemRead': 0, 'MemWrite': 0, 'MemToReg': 0, 'ALUSrc': 1, 'Branch': 0, 'Jump': 0, 'JumpReg': 0, 'ALUOp': 'ADD', 'ImmSel': 'I', 'BrType': None, 'IsNOP': 0}, 'd': {'instr': 1278867, 'opcode': 19, 'rd': 7, 'funct3': 0, 'rs1': 7, 'rs2': 1, 'funct7': 0, 'imm_I': 1, 'imm_S': 7, 'imm_B': 2054, 'imm_U': 1277952, 'imm_J': 231424}, 'rd': 7, 'alu_res': 1, 'mem_data': 0, 'wb_val_for_jumps': 56}

Cycle 355
PC = 56
Stall Flag = False
Flush Flag = False
IF/ID Reg = {'valid': 1, 'pc': 52, 'instr': 1278867}
ID/EX Reg = {'valid': 0, 'pc': 0, 'pc_plus4': 0, 'd': None, 'c': None, 'imm': 0, 'rs1': 0, 'rs2': 0, 'rd': 0, 'rs1_val': 0, 'rs2_val': 0, 'alu_op': 'ADD'}
EX/MEM Reg = {'valid': 0, 'pc_plus4': 0, 'c': None, 'd': None, 'rd': 0, 'alu_res': 0, 'rs2_val_fwd': 0, 'mem_addr': 0, 'branch_taken': 0, 'next_pc': 0, 'wb_val_for_jumps': 0}
MEM/WB Reg = {'valid': 1, 'pc_plus4': 60, 'c': {'RegWrite': 0, 'MemRead': 0, 'MemWrite': 0, 'MemToReg': 0, 'ALUSrc': 0, 'Branch': 1, 'Jump': 0, 'JumpReg': 0, 'ALUOp': 'SUB', 'ImmSel': 'B', 'BrType': 'blt', 'IsNOP': 0}, 'd': {'instr': 4267953891, 'opcode': 99, 'rd': 29, 'funct3': 4, 'rs1': 7, 'rs2': 6, 'funct7': 127, 'imm_I': -26, 'imm_S': -3, 'imm_B': -4, 'imm_U': 4267950080, 'imm_J': -800794}, 'rd': 29, 'alu_res': 4294967287, 'mem_data': 0, 'wb_val_for_jumps': 60}

Cycle 356
PC = 60
Stall Flag = False
Flush Flag = False
IF/ID Reg = {'valid': 1, 'pc': 56, 'instr': 4267953891}
ID/EX Reg = {'valid': 1, 'pc': 52, 'pc_plus4': 56, 'd': {'instr': 1278867, 'opcode': 19, 'rd': 7, 'funct3': 0, 'rs1': 7, 'rs2': 1, 'funct7': 0, 'imm_I': 1, 'imm_S': 7, 'imm_B': 2054, 'imm_U': 1277952, 'imm_J': 231424}, 'c': {'RegWrite': 1, 'MemRead': 0, 'MemWrite': 0, 'MemToReg': 0, 'ALUSrc': 1, 'Branch': 0, 'Jump': 0, 'JumpReg': 0, 'ALUOp': 'ADD', 'ImmSel': 'I', 'BrType': None, 'IsNOP': 0}, 'imm': 1, 'rs1': 7, 'rs2': 1, 'rd': 7, 'rs1_val': 1, 'rs2_val': 0, 'alu_op': 'ADD'}
EX/MEM Reg = {'valid': 0, 'pc_plus4': 0, 'c': None, 'd': None, 'rd': 0, 'alu_res': 0, 'rs2_val_fwd': 0, 'mem_addr': 0, 'branch_taken': 0, 'next_pc': 0, 'wb_val_for_jumps': 0}
MEM/WB Reg = {'valid': 0, 'pc_plus4': 0, 'c': None, 'd': None, 'rd': 0, 'alu_res': 0, 'mem_data': 0, 'wb_val_for_jumps': 0}

Cycle 357
PC = 64
Stall Flag = False
Flush Flag = False
IF/ID Reg = {'valid': 1, 'pc': 60, 'instr': 1213075}
ID/EX Reg = {'valid': 1, 'pc': 56, 'pc_plus4': 60, 'd': {'instr': 4267953891, 'opcode': 99, 'rd': 29, 'funct3': 4, 'rs1': 7, 'rs2': 6, 'funct7': 127, 'imm_I': -26, 'imm_S': -3, 'imm_B': -4, 'imm_U': 4267950080, 'imm_J': -800794}, 'c': {'RegWrite': 0, 'MemRead': 0, 'MemWrite': 0, 'MemToReg': 0, 'ALUSrc': 0, 'Branch': 1, 'Jump': 0, 'JumpReg': 0, 'ALUOp': 'SUB', 'ImmSel': 'B', 'BrType': 'blt', 'IsNOP': 0}, 'imm': -4, 'rs1': 7, 'rs2': 6, 'rd': 29, 'rs1_val': 1, 'rs2_val': 10, 'alu_op': 'SUB'}
EX/MEM Reg = {'valid': 1, 'pc_plus4': 56, 'c': {'RegWrite': 1, 'MemRead': 0, 'MemWrite': 0, 'MemToReg': 0, 'ALUSrc': 1, 'Branch': 0, 'Jump': 0, 'JumpReg': 0, 'ALUOp': 'ADD', 'ImmSel': 'I', 'BrType': None, 'IsNOP': 0}, 'd': {'instr': 1278867, 'opcode': 19, 'rd': 7, 'funct3': 0, 'rs1': 7, 'rs2': 1, 'funct7': 0, 'imm_I': 1, 'imm_S': 7, 'imm_B': 2054, 'imm_U': 1277952, 'imm_J': 231424}, 'rd': 7, 'alu_res': 2, 'rs2_val_fwd': 0, 'mem_addr': 2, 'branch_taken': 0, 'next_pc': 0, 'wb_val_for_jumps': 56}
MEM/WB Reg = {'valid': 0, 'pc_plus4': 0, 'c': None, 'd': None, 'rd': 0, 'alu_res': 0, 'mem_data': 0, 'wb_val_for_jumps': 0}

Cycle 358
PC = 52
Stall Flag = False
Flush Flag = True
IF/ID Reg = {'valid': 0, 'pc': 0, 'instr': 0}
ID/EX Reg = {'valid': 0, 'pc': 60, 'pc_plus4': 64, 'd': {'instr': 1213075, 'opcode': 19, 'rd': 5, 'funct3': 0, 'rs1': 5, 'rs2': 1, 'funct7': 0, 'imm_I': 1, 'imm_S': 5, 'imm_B': 2052, 'imm_U': 1212416, 'imm_J': 165888}, 'c': {'RegWrite': 1, 'MemRead': 0, 'MemWrite': 0, 'MemToReg': 0, 'ALUSrc': 1, 'Branch': 0, 'Jump': 0, 'JumpReg': 0, 'ALUOp': 'ADD', 'ImmSel': 'I', 'BrType': None, 'IsNOP': 0}, 'imm': 1, 'rs1': 5, 'rs2': 1, 'rd': 5, 'rs1_val': 7, 'rs2_val': 0, 'alu_op': 'ADD'}
EX/MEM Reg = {'valid': 1, 'pc_plus4': 60, 'c': {'RegWrite': 0, 'MemRead': 0, 'MemWrite': 0, 'MemToReg': 0, 'ALUSrc': 0, 'Branch': 1, 'Jump': 0, 'JumpReg': 0, 'ALUOp': 'SUB', 'ImmSel': 'B', 'BrType': 'blt', 'IsNOP': 0}, 'd': {'instr': 4267953891, 'opcode': 99, 'rd': 29, 'funct3': 4, 'rs1': 7, 'rs2': 6, 'funct7': 127, 'imm_I': -26, 'imm_S': -3, 'imm_B': -4, 'imm_U': 4267950080, 'imm_J': -800794}, 'rd': 29, 'alu_res': 4294967288, 'rs2_val_fwd': 10, 'mem_addr': 4294967288, 'branch_taken': 0, 'next_pc': 0, 'wb_val_for_jumps': 60}
MEM/WB Reg = {'valid': 1, 'pc_plus4': 56, 'c': {'RegWrite': 1, 'MemRead': 0, 'MemWrite': 0, 'MemToReg': 0, 'ALUSrc': 1, 'Branch': 0, 'Jump': 0, 'JumpReg': 0, 'ALUOp': 'ADD', 'ImmSel': 'I', 'BrType': None, 'IsNOP': 0}, 'd': {'instr': 1278867, 'opcode': 19, 'rd': 7, 'funct3': 0, 'rs1': 7, 'rs2': 1, 'funct7': 0, 'imm_I': 1, 'imm_S': 7, 'imm_B': 2054, 'imm_U': 1277952, 'imm_J': 231424}, 'rd': 7, 'alu_res': 2, 'mem_data': 0, 'wb_val_for_jumps': 56}

Cycle 359
PC = 56
Stall Flag = False
Flush Flag = False
IF/ID Reg = {'valid': 1, 'pc': 52, 'instr': 1278867}
ID/EX Reg = {'valid': 0, 'pc': 0, 'pc_plus4': 0, 'd': None, 'c': None, 'imm': 0, 'rs1': 0, 'rs2': 0, 'rd': 0, 'rs1_val': 0, 'rs2_val': 0, 'alu_op': 'ADD'}
EX/MEM Reg = {'valid': 0, 'pc_plus4': 0, 'c': None, 'd': None, 'rd': 0, 'alu_res': 0, 'rs2_val_fwd': 0, 'mem_addr': 0, 'branch_taken': 0, 'next_pc': 0, 'wb_val_for_jumps': 0}
MEM/WB Reg = {'valid': 1, 'pc_plus4': 60, 'c': {'RegWrite': 0, 'MemRead': 0, 'MemWrite': 0, 'MemToReg': 0, 'ALUSrc': 0, 'Branch': 1, 'Jump': 0, 'JumpReg': 0, 'ALUOp': 'SUB', 'ImmSel': 'B', 'BrType': 'blt', 'IsNOP': 0}, 'd': {'instr': 4267953891, 'opcode': 99, 'rd': 29, 'funct3': 4, 'rs1': 7, 'rs2': 6, 'funct7': 127, 'imm_I': -26, 'imm_S': -3, 'imm_B': -4, 'imm_U': 4267950080, 'imm_J': -800794}, 'rd': 29, 'alu_res': 4294967288, 'mem_data': 0, 'wb_val_for_jumps': 60}

Cycle 360
PC = 60
Stall Flag = False
Flush Flag = False
IF/ID Reg = {'valid': 1, 'pc': 56, 'instr': 4267953891}
ID/EX Reg = {'valid': 1, 'pc': 52, 'pc_plus4': 56, 'd': {'instr': 1278867, 'opcode': 19, 'rd': 7, 'funct3': 0, 'rs1': 7, 'rs2': 1, 'funct7': 0, 'imm_I': 1, 'imm_S': 7, 'imm_B': 2054, 'imm_U': 1277952, 'imm_J': 231424}, 'c': {'RegWrite': 1, 'MemRead': 0, 'MemWrite': 0, 'MemToReg': 0, 'ALUSrc': 1, 'Branch': 0, 'Jump': 0, 'JumpReg': 0, 'ALUOp': 'ADD', 'ImmSel': 'I', 'BrType': None, 'IsNOP': 0}, 'imm': 1, 'rs1': 7, 'rs2': 1, 'rd': 7, 'rs1_val': 2, 'rs2_val': 0, 'alu_op': 'ADD'}
EX/MEM Reg = {'valid': 0, 'pc_plus4': 0, 'c': None, 'd': None, 'rd': 0, 'alu_res': 0, 'rs2_val_fwd': 0, 'mem_addr': 0, 'branch_taken': 0, 'next_pc': 0, 'wb_val_for_jumps': 0}
MEM/WB Reg = {'valid': 0, 'pc_plus4': 0, 'c': None, 'd': None, 'rd': 0, 'alu_res': 0, 'mem_data': 0, 'wb_val_for_jumps': 0}

Cycle 361
PC = 64
Stall Flag = False
Flush Flag = False
IF/ID Reg = {'valid': 1, 'pc': 60, 'instr': 1213075}
ID/EX Reg = {'valid': 1, 'pc': 56, 'pc_plus4': 60, 'd': {'instr': 4267953891, 'opcode': 99, 'rd': 29, 'funct3': 4, 'rs1': 7, 'rs2': 6, 'funct7': 127, 'imm_I': -26, 'imm_S': -3, 'imm_B': -4, 'imm_U': 4267950080, 'imm_J': -800794}, 'c': {'RegWrite': 0, 'MemRead': 0, 'MemWrite': 0, 'MemToReg': 0, 'ALUSrc': 0, 'Branch': 1, 'Jump': 0, 'JumpReg': 0, 'ALUOp': 'SUB', 'ImmSel': 'B', 'BrType': 'blt', 'IsNOP': 0}, 'imm': -4, 'rs1': 7, 'rs2': 6, 'rd': 29, 'rs1_val': 2, 'rs2_val': 10, 'alu_op': 'SUB'}
EX/MEM Reg = {'valid': 1, 'pc_plus4': 56, 'c': {'RegWrite': 1, 'MemRead': 0, 'MemWrite': 0, 'MemToReg': 0, 'ALUSrc': 1, 'Branch': 0, 'Jump': 0, 'JumpReg': 0, 'ALUOp': 'ADD', 'ImmSel': 'I', 'BrType': None, 'IsNOP': 0}, 'd': {'instr': 1278867, 'opcode': 19, 'rd': 7, 'funct3': 0, 'rs1': 7, 'rs2': 1, 'funct7': 0, 'imm_I': 1, 'imm_S': 7, 'imm_B': 2054, 'imm_U': 1277952, 'imm_J': 231424}, 'rd': 7, 'alu_res': 3, 'rs2_val_fwd': 0, 'mem_addr': 3, 'branch_taken': 0, 'next_pc': 0, 'wb_val_for_jumps': 56}
MEM/WB Reg = {'valid': 0, 'pc_plus4': 0, 'c': None, 'd': None, 'rd': 0, 'alu_res': 0, 'mem_data': 0, 'wb_val_for_jumps': 0}

Cycle 362
PC = 52
Stall Flag = False
Flush Flag = True
IF/ID Reg = {'valid': 0, 'pc': 0, 'instr': 0}
ID/EX Reg = {'valid': 0, 'pc': 60, 'pc_plus4': 64, 'd': {'instr': 1213075, 'opcode': 19, 'rd': 5, 'funct3': 0, 'rs1': 5, 'rs2': 1, 'funct7': 0, 'imm_I': 1, 'imm_S': 5, 'imm_B': 2052, 'imm_U': 1212416, 'imm_J': 165888}, 'c': {'RegWrite': 1, 'MemRead': 0, 'MemWrite': 0, 'MemToReg': 0, 'ALUSrc': 1, 'Branch': 0, 'Jump': 0, 'JumpReg': 0, 'ALUOp': 'ADD', 'ImmSel': 'I', 'BrType': None, 'IsNOP': 0}, 'imm': 1, 'rs1': 5, 'rs2': 1, 'rd': 5, 'rs1_val': 7, 'rs2_val': 0, 'alu_op': 'ADD'}
EX/MEM Reg = {'valid': 1, 'pc_plus4': 60, 'c': {'RegWrite': 0, 'MemRead': 0, 'MemWrite': 0, 'MemToReg': 0, 'ALUSrc': 0, 'Branch': 1, 'Jump': 0, 'JumpReg': 0, 'ALUOp': 'SUB', 'ImmSel': 'B', 'BrType': 'blt', 'IsNOP': 0}, 'd': {'instr': 4267953891, 'opcode': 99, 'rd': 29, 'funct3': 4, 'rs1': 7, 'rs2': 6, 'funct7': 127, 'imm_I': -26, 'imm_S': -3, 'imm_B': -4, 'imm_U': 4267950080, 'imm_J': -800794}, 'rd': 29, 'alu_res': 4294967289, 'rs2_val_fwd': 10, 'mem_addr': 4294967289, 'branch_taken': 0, 'next_pc': 0, 'wb_val_for_jumps': 60}
MEM/WB Reg = {'valid': 1, 'pc_plus4': 56, 'c': {'RegWrite': 1, 'MemRead': 0, 'MemWrite': 0, 'MemToReg': 0, 'ALUSrc': 1, 'Branch': 0, 'Jump': 0, 'JumpReg': 0, 'ALUOp': 'ADD', 'ImmSel': 'I', 'BrType': None, 'IsNOP': 0}, 'd': {'instr': 1278867, 'opcode': 19, 'rd': 7, 'funct3': 0, 'rs1': 7, 'rs2': 1, 'funct7': 0, 'imm_I': 1, 'imm_S': 7, 'imm_B': 2054, 'imm_U': 1277952, 'imm_J': 231424}, 'rd': 7, 'alu_res': 3, 'mem_data': 0, 'wb_val_for_jumps': 56}

Cycle 363
PC = 56
Stall Flag = False
Flush Flag = False
IF/ID Reg = {'valid': 1, 'pc': 52, 'instr': 1278867}
ID/EX Reg = {'valid': 0, 'pc': 0, 'pc_plus4': 0, 'd': None, 'c': None, 'imm': 0, 'rs1': 0, 'rs2': 0, 'rd': 0, 'rs1_val': 0, 'rs2_val': 0, 'alu_op': 'ADD'}
EX/MEM Reg = {'valid': 0, 'pc_plus4': 0, 'c': None, 'd': None, 'rd': 0, 'alu_res': 0, 'rs2_val_fwd': 0, 'mem_addr': 0, 'branch_taken': 0, 'next_pc': 0, 'wb_val_for_jumps': 0}
MEM/WB Reg = {'valid': 1, 'pc_plus4': 60, 'c': {'RegWrite': 0, 'MemRead': 0, 'MemWrite': 0, 'MemToReg': 0, 'ALUSrc': 0, 'Branch': 1, 'Jump': 0, 'JumpReg': 0, 'ALUOp': 'SUB', 'ImmSel': 'B', 'BrType': 'blt', 'IsNOP': 0}, 'd': {'instr': 4267953891, 'opcode': 99, 'rd': 29, 'funct3': 4, 'rs1': 7, 'rs2': 6, 'funct7': 127, 'imm_I': -26, 'imm_S': -3, 'imm_B': -4, 'imm_U': 4267950080, 'imm_J': -800794}, 'rd': 29, 'alu_res': 4294967289, 'mem_data': 0, 'wb_val_for_jumps': 60}

Cycle 364
PC = 60
Stall Flag = False
Flush Flag = False
IF/ID Reg = {'valid': 1, 'pc': 56, 'instr': 4267953891}
ID/EX Reg = {'valid': 1, 'pc': 52, 'pc_plus4': 56, 'd': {'instr': 1278867, 'opcode': 19, 'rd': 7, 'funct3': 0, 'rs1': 7, 'rs2': 1, 'funct7': 0, 'imm_I': 1, 'imm_S': 7, 'imm_B': 2054, 'imm_U': 1277952, 'imm_J': 231424}, 'c': {'RegWrite': 1, 'MemRead': 0, 'MemWrite': 0, 'MemToReg': 0, 'ALUSrc': 1, 'Branch': 0, 'Jump': 0, 'JumpReg': 0, 'ALUOp': 'ADD', 'ImmSel': 'I', 'BrType': None, 'IsNOP': 0}, 'imm': 1, 'rs1': 7, 'rs2': 1, 'rd': 7, 'rs1_val': 3, 'rs2_val': 0, 'alu_op': 'ADD'}
EX/MEM Reg = {'valid': 0, 'pc_plus4': 0, 'c': None, 'd': None, 'rd': 0, 'alu_res': 0, 'rs2_val_fwd': 0, 'mem_addr': 0, 'branch_taken': 0, 'next_pc': 0, 'wb_val_for_jumps': 0}
MEM/WB Reg = {'valid': 0, 'pc_plus4': 0, 'c': None, 'd': None, 'rd': 0, 'alu_res': 0, 'mem_data': 0, 'wb_val_for_jumps': 0}

Cycle 365
PC = 64
Stall Flag = False
Flush Flag = False
IF/ID Reg = {'valid': 1, 'pc': 60, 'instr': 1213075}
ID/EX Reg = {'valid': 1, 'pc': 56, 'pc_plus4': 60, 'd': {'instr': 4267953891, 'opcode': 99, 'rd': 29, 'funct3': 4, 'rs1': 7, 'rs2': 6, 'funct7': 127, 'imm_I': -26, 'imm_S': -3, 'imm_B': -4, 'imm_U': 4267950080, 'imm_J': -800794}, 'c': {'RegWrite': 0, 'MemRead': 0, 'MemWrite': 0, 'MemToReg': 0, 'ALUSrc': 0, 'Branch': 1, 'Jump': 0, 'JumpReg': 0, 'ALUOp': 'SUB', 'ImmSel': 'B', 'BrType': 'blt', 'IsNOP': 0}, 'imm': -4, 'rs1': 7, 'rs2': 6, 'rd': 29, 'rs1_val': 3, 'rs2_val': 10, 'alu_op': 'SUB'}
EX/MEM Reg = {'valid': 1, 'pc_plus4': 56, 'c': {'RegWrite': 1, 'MemRead': 0, 'MemWrite': 0, 'MemToReg': 0, 'ALUSrc': 1, 'Branch': 0, 'Jump': 0, 'JumpReg': 0, 'ALUOp': 'ADD', 'ImmSel': 'I', 'BrType': None, 'IsNOP': 0}, 'd': {'instr': 1278867, 'opcode': 19, 'rd': 7, 'funct3': 0, 'rs1': 7, 'rs2': 1, 'funct7': 0, 'imm_I': 1, 'imm_S': 7, 'imm_B': 2054, 'imm_U': 1277952, 'imm_J': 231424}, 'rd': 7, 'alu_res': 4, 'rs2_val_fwd': 0, 'mem_addr': 4, 'branch_taken': 0, 'next_pc': 0, 'wb_val_for_jumps': 56}
MEM/WB Reg = {'valid': 0, 'pc_plus4': 0, 'c': None, 'd': None, 'rd': 0, 'alu_res': 0, 'mem_data': 0, 'wb_val_for_jumps': 0}

Cycle 366
PC = 52
Stall Flag = False
Flush Flag = True
IF/ID Reg = {'valid': 0, 'pc': 0, 'instr': 0}
ID/EX Reg = {'valid': 0, 'pc': 60, 'pc_plus4': 64, 'd': {'instr': 1213075, 'opcode': 19, 'rd': 5, 'funct3': 0, 'rs1': 5, 'rs2': 1, 'funct7': 0, 'imm_I': 1, 'imm_S': 5, 'imm_B': 2052, 'imm_U': 1212416, 'imm_J': 165888}, 'c': {'RegWrite': 1, 'MemRead': 0, 'MemWrite': 0, 'MemToReg': 0, 'ALUSrc': 1, 'Branch': 0, 'Jump': 0, 'JumpReg': 0, 'ALUOp': 'ADD', 'ImmSel': 'I', 'BrType': None, 'IsNOP': 0}, 'imm': 1, 'rs1': 5, 'rs2': 1, 'rd': 5, 'rs1_val': 7, 'rs2_val': 0, 'alu_op': 'ADD'}
EX/MEM Reg = {'valid': 1, 'pc_plus4': 60, 'c': {'RegWrite': 0, 'MemRead': 0, 'MemWrite': 0, 'MemToReg': 0, 'ALUSrc': 0, 'Branch': 1, 'Jump': 0, 'JumpReg': 0, 'ALUOp': 'SUB', 'ImmSel': 'B', 'BrType': 'blt', 'IsNOP': 0}, 'd': {'instr': 4267953891, 'opcode': 99, 'rd': 29, 'funct3': 4, 'rs1': 7, 'rs2': 6, 'funct7': 127, 'imm_I': -26, 'imm_S': -3, 'imm_B': -4, 'imm_U': 4267950080, 'imm_J': -800794}, 'rd': 29, 'alu_res': 4294967290, 'rs2_val_fwd': 10, 'mem_addr': 4294967290, 'branch_taken': 0, 'next_pc': 0, 'wb_val_for_jumps': 60}
MEM/WB Reg = {'valid': 1, 'pc_plus4': 56, 'c': {'RegWrite': 1, 'MemRead': 0, 'MemWrite': 0, 'MemToReg': 0, 'ALUSrc': 1, 'Branch': 0, 'Jump': 0, 'JumpReg': 0, 'ALUOp': 'ADD', 'ImmSel': 'I', 'BrType': None, 'IsNOP': 0}, 'd': {'instr': 1278867, 'opcode': 19, 'rd': 7, 'funct3': 0, 'rs1': 7, 'rs2': 1, 'funct7': 0, 'imm_I': 1, 'imm_S': 7, 'imm_B': 2054, 'imm_U': 1277952, 'imm_J': 231424}, 'rd': 7, 'alu_res': 4, 'mem_data': 0, 'wb_val_for_jumps': 56}

Cycle 367
PC = 56
Stall Flag = False
Flush Flag = False
IF/ID Reg = {'valid': 1, 'pc': 52, 'instr': 1278867}
ID/EX Reg = {'valid': 0, 'pc': 0, 'pc_plus4': 0, 'd': None, 'c': None, 'imm': 0, 'rs1': 0, 'rs2': 0, 'rd': 0, 'rs1_val': 0, 'rs2_val': 0, 'alu_op': 'ADD'}
EX/MEM Reg = {'valid': 0, 'pc_plus4': 0, 'c': None, 'd': None, 'rd': 0, 'alu_res': 0, 'rs2_val_fwd': 0, 'mem_addr': 0, 'branch_taken': 0, 'next_pc': 0, 'wb_val_for_jumps': 0}
MEM/WB Reg = {'valid': 1, 'pc_plus4': 60, 'c': {'RegWrite': 0, 'MemRead': 0, 'MemWrite': 0, 'MemToReg': 0, 'ALUSrc': 0, 'Branch': 1, 'Jump': 0, 'JumpReg': 0, 'ALUOp': 'SUB', 'ImmSel': 'B', 'BrType': 'blt', 'IsNOP': 0}, 'd': {'instr': 4267953891, 'opcode': 99, 'rd': 29, 'funct3': 4, 'rs1': 7, 'rs2': 6, 'funct7': 127, 'imm_I': -26, 'imm_S': -3, 'imm_B': -4, 'imm_U': 4267950080, 'imm_J': -800794}, 'rd': 29, 'alu_res': 4294967290, 'mem_data': 0, 'wb_val_for_jumps': 60}

Cycle 368
PC = 60
Stall Flag = False
Flush Flag = False
IF/ID Reg = {'valid': 1, 'pc': 56, 'instr': 4267953891}
ID/EX Reg = {'valid': 1, 'pc': 52, 'pc_plus4': 56, 'd': {'instr': 1278867, 'opcode': 19, 'rd': 7, 'funct3': 0, 'rs1': 7, 'rs2': 1, 'funct7': 0, 'imm_I': 1, 'imm_S': 7, 'imm_B': 2054, 'imm_U': 1277952, 'imm_J': 231424}, 'c': {'RegWrite': 1, 'MemRead': 0, 'MemWrite': 0, 'MemToReg': 0, 'ALUSrc': 1, 'Branch': 0, 'Jump': 0, 'JumpReg': 0, 'ALUOp': 'ADD', 'ImmSel': 'I', 'BrType': None, 'IsNOP': 0}, 'imm': 1, 'rs1': 7, 'rs2': 1, 'rd': 7, 'rs1_val': 4, 'rs2_val': 0, 'alu_op': 'ADD'}
EX/MEM Reg = {'valid': 0, 'pc_plus4': 0, 'c': None, 'd': None, 'rd': 0, 'alu_res': 0, 'rs2_val_fwd': 0, 'mem_addr': 0, 'branch_taken': 0, 'next_pc': 0, 'wb_val_for_jumps': 0}
MEM/WB Reg = {'valid': 0, 'pc_plus4': 0, 'c': None, 'd': None, 'rd': 0, 'alu_res': 0, 'mem_data': 0, 'wb_val_for_jumps': 0}

Cycle 369
PC = 64
Stall Flag = False
Flush Flag = False
IF/ID Reg = {'valid': 1, 'pc': 60, 'instr': 1213075}
ID/EX Reg = {'valid': 1, 'pc': 56, 'pc_plus4': 60, 'd': {'instr': 4267953891, 'opcode': 99, 'rd': 29, 'funct3': 4, 'rs1': 7, 'rs2': 6, 'funct7': 127, 'imm_I': -26, 'imm_S': -3, 'imm_B': -4, 'imm_U': 4267950080, 'imm_J': -800794}, 'c': {'RegWrite': 0, 'MemRead': 0, 'MemWrite': 0, 'MemToReg': 0, 'ALUSrc': 0, 'Branch': 1, 'Jump': 0, 'JumpReg': 0, 'ALUOp': 'SUB', 'ImmSel': 'B', 'BrType': 'blt', 'IsNOP': 0}, 'imm': -4, 'rs1': 7, 'rs2': 6, 'rd': 29, 'rs1_val': 4, 'rs2_val': 10, 'alu_op': 'SUB'}
EX/MEM Reg = {'valid': 1, 'pc_plus4': 56, 'c': {'RegWrite': 1, 'MemRead': 0, 'MemWrite': 0, 'MemToReg': 0, 'ALUSrc': 1, 'Branch': 0, 'Jump': 0, 'JumpReg': 0, 'ALUOp': 'ADD', 'ImmSel': 'I', 'BrType': None, 'IsNOP': 0}, 'd': {'instr': 1278867, 'opcode': 19, 'rd': 7, 'funct3': 0, 'rs1': 7, 'rs2': 1, 'funct7': 0, 'imm_I': 1, 'imm_S': 7, 'imm_B': 2054, 'imm_U': 1277952, 'imm_J': 231424}, 'rd': 7, 'alu_res': 5, 'rs2_val_fwd': 0, 'mem_addr': 5, 'branch_taken': 0, 'next_pc': 0, 'wb_val_for_jumps': 56}
MEM/WB Reg = {'valid': 0, 'pc_plus4': 0, 'c': None, 'd': None, 'rd': 0, 'alu_res': 0, 'mem_data': 0, 'wb_val_for_jumps': 0}

Cycle 370
PC = 52
Stall Flag = False
Flush Flag = True
IF/ID Reg = {'valid': 0, 'pc': 0, 'instr': 0}
ID/EX Reg = {'valid': 0, 'pc': 60, 'pc_plus4': 64, 'd': {'instr': 1213075, 'opcode': 19, 'rd': 5, 'funct3': 0, 'rs1': 5, 'rs2': 1, 'funct7': 0, 'imm_I': 1, 'imm_S': 5, 'imm_B': 2052, 'imm_U': 1212416, 'imm_J': 165888}, 'c': {'RegWrite': 1, 'MemRead': 0, 'MemWrite': 0, 'MemToReg': 0, 'ALUSrc': 1, 'Branch': 0, 'Jump': 0, 'JumpReg': 0, 'ALUOp': 'ADD', 'ImmSel': 'I', 'BrType': None, 'IsNOP': 0}, 'imm': 1, 'rs1': 5, 'rs2': 1, 'rd': 5, 'rs1_val': 7, 'rs2_val': 0, 'alu_op': 'ADD'}
EX/MEM Reg = {'valid': 1, 'pc_plus4': 60, 'c': {'RegWrite': 0, 'MemRead': 0, 'MemWrite': 0, 'MemToReg': 0, 'ALUSrc': 0, 'Branch': 1, 'Jump': 0, 'JumpReg': 0, 'ALUOp': 'SUB', 'ImmSel': 'B', 'BrType': 'blt', 'IsNOP': 0}, 'd': {'instr': 4267953891, 'opcode': 99, 'rd': 29, 'funct3': 4, 'rs1': 7, 'rs2': 6, 'funct7': 127, 'imm_I': -26, 'imm_S': -3, 'imm_B': -4, 'imm_U': 4267950080, 'imm_J': -800794}, 'rd': 29, 'alu_res': 4294967291, 'rs2_val_fwd': 10, 'mem_addr': 4294967291, 'branch_taken': 0, 'next_pc': 0, 'wb_val_for_jumps': 60}
MEM/WB Reg = {'valid': 1, 'pc_plus4': 56, 'c': {'RegWrite': 1, 'MemRead': 0, 'MemWrite': 0, 'MemToReg': 0, 'ALUSrc': 1, 'Branch': 0, 'Jump': 0, 'JumpReg': 0, 'ALUOp': 'ADD', 'ImmSel': 'I', 'BrType': None, 'IsNOP': 0}, 'd': {'instr': 1278867, 'opcode': 19, 'rd': 7, 'funct3': 0, 'rs1': 7, 'rs2': 1, 'funct7': 0, 'imm_I': 1, 'imm_S': 7, 'imm_B': 2054, 'imm_U': 1277952, 'imm_J': 231424}, 'rd': 7, 'alu_res': 5, 'mem_data': 0, 'wb_val_for_jumps': 56}

Cycle 371
PC = 56
Stall Flag = False
Flush Flag = False
IF/ID Reg = {'valid': 1, 'pc': 52, 'instr': 1278867}
ID/EX Reg = {'valid': 0, 'pc': 0, 'pc_plus4': 0, 'd': None, 'c': None, 'imm': 0, 'rs1': 0, 'rs2': 0, 'rd': 0, 'rs1_val': 0, 'rs2_val': 0, 'alu_op': 'ADD'}
EX/MEM Reg = {'valid': 0, 'pc_plus4': 0, 'c': None, 'd': None, 'rd': 0, 'alu_res': 0, 'rs2_val_fwd': 0, 'mem_addr': 0, 'branch_taken': 0, 'next_pc': 0, 'wb_val_for_jumps': 0}
MEM/WB Reg = {'valid': 1, 'pc_plus4': 60, 'c': {'RegWrite': 0, 'MemRead': 0, 'MemWrite': 0, 'MemToReg': 0, 'ALUSrc': 0, 'Branch': 1, 'Jump': 0, 'JumpReg': 0, 'ALUOp': 'SUB', 'ImmSel': 'B', 'BrType': 'blt', 'IsNOP': 0}, 'd': {'instr': 4267953891, 'opcode': 99, 'rd': 29, 'funct3': 4, 'rs1': 7, 'rs2': 6, 'funct7': 127, 'imm_I': -26, 'imm_S': -3, 'imm_B': -4, 'imm_U': 4267950080, 'imm_J': -800794}, 'rd': 29, 'alu_res': 4294967291, 'mem_data': 0, 'wb_val_for_jumps': 60}

Cycle 372
PC = 60
Stall Flag = False
Flush Flag = False
IF/ID Reg = {'valid': 1, 'pc': 56, 'instr': 4267953891}
ID/EX Reg = {'valid': 1, 'pc': 52, 'pc_plus4': 56, 'd': {'instr': 1278867, 'opcode': 19, 'rd': 7, 'funct3': 0, 'rs1': 7, 'rs2': 1, 'funct7': 0, 'imm_I': 1, 'imm_S': 7, 'imm_B': 2054, 'imm_U': 1277952, 'imm_J': 231424}, 'c': {'RegWrite': 1, 'MemRead': 0, 'MemWrite': 0, 'MemToReg': 0, 'ALUSrc': 1, 'Branch': 0, 'Jump': 0, 'JumpReg': 0, 'ALUOp': 'ADD', 'ImmSel': 'I', 'BrType': None, 'IsNOP': 0}, 'imm': 1, 'rs1': 7, 'rs2': 1, 'rd': 7, 'rs1_val': 5, 'rs2_val': 0, 'alu_op': 'ADD'}
EX/MEM Reg = {'valid': 0, 'pc_plus4': 0, 'c': None, 'd': None, 'rd': 0, 'alu_res': 0, 'rs2_val_fwd': 0, 'mem_addr': 0, 'branch_taken': 0, 'next_pc': 0, 'wb_val_for_jumps': 0}
MEM/WB Reg = {'valid': 0, 'pc_plus4': 0, 'c': None, 'd': None, 'rd': 0, 'alu_res': 0, 'mem_data': 0, 'wb_val_for_jumps': 0}

Cycle 373
PC = 64
Stall Flag = False
Flush Flag = False
IF/ID Reg = {'valid': 1, 'pc': 60, 'instr': 1213075}
ID/EX Reg = {'valid': 1, 'pc': 56, 'pc_plus4': 60, 'd': {'instr': 4267953891, 'opcode': 99, 'rd': 29, 'funct3': 4, 'rs1': 7, 'rs2': 6, 'funct7': 127, 'imm_I': -26, 'imm_S': -3, 'imm_B': -4, 'imm_U': 4267950080, 'imm_J': -800794}, 'c': {'RegWrite': 0, 'MemRead': 0, 'MemWrite': 0, 'MemToReg': 0, 'ALUSrc': 0, 'Branch': 1, 'Jump': 0, 'JumpReg': 0, 'ALUOp': 'SUB', 'ImmSel': 'B', 'BrType': 'blt', 'IsNOP': 0}, 'imm': -4, 'rs1': 7, 'rs2': 6, 'rd': 29, 'rs1_val': 5, 'rs2_val': 10, 'alu_op': 'SUB'}
EX/MEM Reg = {'valid': 1, 'pc_plus4': 56, 'c': {'RegWrite': 1, 'MemRead': 0, 'MemWrite': 0, 'MemToReg': 0, 'ALUSrc': 1, 'Branch': 0, 'Jump': 0, 'JumpReg': 0, 'ALUOp': 'ADD', 'ImmSel': 'I', 'BrType': None, 'IsNOP': 0}, 'd': {'instr': 1278867, 'opcode': 19, 'rd': 7, 'funct3': 0, 'rs1': 7, 'rs2': 1, 'funct7': 0, 'imm_I': 1, 'imm_S': 7, 'imm_B': 2054, 'imm_U': 1277952, 'imm_J': 231424}, 'rd': 7, 'alu_res': 6, 'rs2_val_fwd': 0, 'mem_addr': 6, 'branch_taken': 0, 'next_pc': 0, 'wb_val_for_jumps': 56}
MEM/WB Reg = {'valid': 0, 'pc_plus4': 0, 'c': None, 'd': None, 'rd': 0, 'alu_res': 0, 'mem_data': 0, 'wb_val_for_jumps': 0}

Cycle 374
PC = 52
Stall Flag = False
Flush Flag = True
IF/ID Reg = {'valid': 0, 'pc': 0, 'instr': 0}
ID/EX Reg = {'valid': 0, 'pc': 60, 'pc_plus4': 64, 'd': {'instr': 1213075, 'opcode': 19, 'rd': 5, 'funct3': 0, 'rs1': 5, 'rs2': 1, 'funct7': 0, 'imm_I': 1, 'imm_S': 5, 'imm_B': 2052, 'imm_U': 1212416, 'imm_J': 165888}, 'c': {'RegWrite': 1, 'MemRead': 0, 'MemWrite': 0, 'MemToReg': 0, 'ALUSrc': 1, 'Branch': 0, 'Jump': 0, 'JumpReg': 0, 'ALUOp': 'ADD', 'ImmSel': 'I', 'BrType': None, 'IsNOP': 0}, 'imm': 1, 'rs1': 5, 'rs2': 1, 'rd': 5, 'rs1_val': 7, 'rs2_val': 0, 'alu_op': 'ADD'}
EX/MEM Reg = {'valid': 1, 'pc_plus4': 60, 'c': {'RegWrite': 0, 'MemRead': 0, 'MemWrite': 0, 'MemToReg': 0, 'ALUSrc': 0, 'Branch': 1, 'Jump': 0, 'JumpReg': 0, 'ALUOp': 'SUB', 'ImmSel': 'B', 'BrType': 'blt', 'IsNOP': 0}, 'd': {'instr': 4267953891, 'opcode': 99, 'rd': 29, 'funct3': 4, 'rs1': 7, 'rs2': 6, 'funct7': 127, 'imm_I': -26, 'imm_S': -3, 'imm_B': -4, 'imm_U': 4267950080, 'imm_J': -800794}, 'rd': 29, 'alu_res': 4294967292, 'rs2_val_fwd': 10, 'mem_addr': 4294967292, 'branch_taken': 0, 'next_pc': 0, 'wb_val_for_jumps': 60}
MEM/WB Reg = {'valid': 1, 'pc_plus4': 56, 'c': {'RegWrite': 1, 'MemRead': 0, 'MemWrite': 0, 'MemToReg': 0, 'ALUSrc': 1, 'Branch': 0, 'Jump': 0, 'JumpReg': 0, 'ALUOp': 'ADD', 'ImmSel': 'I', 'BrType': None, 'IsNOP': 0}, 'd': {'instr': 1278867, 'opcode': 19, 'rd': 7, 'funct3': 0, 'rs1': 7, 'rs2': 1, 'funct7': 0, 'imm_I': 1, 'imm_S': 7, 'imm_B': 2054, 'imm_U': 1277952, 'imm_J': 231424}, 'rd': 7, 'alu_res': 6, 'mem_data': 0, 'wb_val_for_jumps': 56}

Cycle 375
PC = 56
Stall Flag = False
Flush Flag = False
IF/ID Reg = {'valid': 1, 'pc': 52, 'instr': 1278867}
ID/EX Reg = {'valid': 0, 'pc': 0, 'pc_plus4': 0, 'd': None, 'c': None, 'imm': 0, 'rs1': 0, 'rs2': 0, 'rd': 0, 'rs1_val': 0, 'rs2_val': 0, 'alu_op': 'ADD'}
EX/MEM Reg = {'valid': 0, 'pc_plus4': 0, 'c': None, 'd': None, 'rd': 0, 'alu_res': 0, 'rs2_val_fwd': 0, 'mem_addr': 0, 'branch_taken': 0, 'next_pc': 0, 'wb_val_for_jumps': 0}
MEM/WB Reg = {'valid': 1, 'pc_plus4': 60, 'c': {'RegWrite': 0, 'MemRead': 0, 'MemWrite': 0, 'MemToReg': 0, 'ALUSrc': 0, 'Branch': 1, 'Jump': 0, 'JumpReg': 0, 'ALUOp': 'SUB', 'ImmSel': 'B', 'BrType': 'blt', 'IsNOP': 0}, 'd': {'instr': 4267953891, 'opcode': 99, 'rd': 29, 'funct3': 4, 'rs1': 7, 'rs2': 6, 'funct7': 127, 'imm_I': -26, 'imm_S': -3, 'imm_B': -4, 'imm_U': 4267950080, 'imm_J': -800794}, 'rd': 29, 'alu_res': 4294967292, 'mem_data': 0, 'wb_val_for_jumps': 60}

Cycle 376
PC = 60
Stall Flag = False
Flush Flag = False
IF/ID Reg = {'valid': 1, 'pc': 56, 'instr': 4267953891}
ID/EX Reg = {'valid': 1, 'pc': 52, 'pc_plus4': 56, 'd': {'instr': 1278867, 'opcode': 19, 'rd': 7, 'funct3': 0, 'rs1': 7, 'rs2': 1, 'funct7': 0, 'imm_I': 1, 'imm_S': 7, 'imm_B': 2054, 'imm_U': 1277952, 'imm_J': 231424}, 'c': {'RegWrite': 1, 'MemRead': 0, 'MemWrite': 0, 'MemToReg': 0, 'ALUSrc': 1, 'Branch': 0, 'Jump': 0, 'JumpReg': 0, 'ALUOp': 'ADD', 'ImmSel': 'I', 'BrType': None, 'IsNOP': 0}, 'imm': 1, 'rs1': 7, 'rs2': 1, 'rd': 7, 'rs1_val': 6, 'rs2_val': 0, 'alu_op': 'ADD'}
EX/MEM Reg = {'valid': 0, 'pc_plus4': 0, 'c': None, 'd': None, 'rd': 0, 'alu_res': 0, 'rs2_val_fwd': 0, 'mem_addr': 0, 'branch_taken': 0, 'next_pc': 0, 'wb_val_for_jumps': 0}
MEM/WB Reg = {'valid': 0, 'pc_plus4': 0, 'c': None, 'd': None, 'rd': 0, 'alu_res': 0, 'mem_data': 0, 'wb_val_for_jumps': 0}

Cycle 377
PC = 64
Stall Flag = False
Flush Flag = False
IF/ID Reg = {'valid': 1, 'pc': 60, 'instr': 1213075}
ID/EX Reg = {'valid': 1, 'pc': 56, 'pc_plus4': 60, 'd': {'instr': 4267953891, 'opcode': 99, 'rd': 29, 'funct3': 4, 'rs1': 7, 'rs2': 6, 'funct7': 127, 'imm_I': -26, 'imm_S': -3, 'imm_B': -4, 'imm_U': 4267950080, 'imm_J': -800794}, 'c': {'RegWrite': 0, 'MemRead': 0, 'MemWrite': 0, 'MemToReg': 0, 'ALUSrc': 0, 'Branch': 1, 'Jump': 0, 'JumpReg': 0, 'ALUOp': 'SUB', 'ImmSel': 'B', 'BrType': 'blt', 'IsNOP': 0}, 'imm': -4, 'rs1': 7, 'rs2': 6, 'rd': 29, 'rs1_val': 6, 'rs2_val': 10, 'alu_op': 'SUB'}
EX/MEM Reg = {'valid': 1, 'pc_plus4': 56, 'c': {'RegWrite': 1, 'MemRead': 0, 'MemWrite': 0, 'MemToReg': 0, 'ALUSrc': 1, 'Branch': 0, 'Jump': 0, 'JumpReg': 0, 'ALUOp': 'ADD', 'ImmSel': 'I', 'BrType': None, 'IsNOP': 0}, 'd': {'instr': 1278867, 'opcode': 19, 'rd': 7, 'funct3': 0, 'rs1': 7, 'rs2': 1, 'funct7': 0, 'imm_I': 1, 'imm_S': 7, 'imm_B': 2054, 'imm_U': 1277952, 'imm_J': 231424}, 'rd': 7, 'alu_res': 7, 'rs2_val_fwd': 0, 'mem_addr': 7, 'branch_taken': 0, 'next_pc': 0, 'wb_val_for_jumps': 56}
MEM/WB Reg = {'valid': 0, 'pc_plus4': 0, 'c': None, 'd': None, 'rd': 0, 'alu_res': 0, 'mem_data': 0, 'wb_val_for_jumps': 0}

Cycle 378
PC = 52
Stall Flag = False
Flush Flag = True
IF/ID Reg = {'valid': 0, 'pc': 0, 'instr': 0}
ID/EX Reg = {'valid': 0, 'pc': 60, 'pc_plus4': 64, 'd': {'instr': 1213075, 'opcode': 19, 'rd': 5, 'funct3': 0, 'rs1': 5, 'rs2': 1, 'funct7': 0, 'imm_I': 1, 'imm_S': 5, 'imm_B': 2052, 'imm_U': 1212416, 'imm_J': 165888}, 'c': {'RegWrite': 1, 'MemRead': 0, 'MemWrite': 0, 'MemToReg': 0, 'ALUSrc': 1, 'Branch': 0, 'Jump': 0, 'JumpReg': 0, 'ALUOp': 'ADD', 'ImmSel': 'I', 'BrType': None, 'IsNOP': 0}, 'imm': 1, 'rs1': 5, 'rs2': 1, 'rd': 5, 'rs1_val': 7, 'rs2_val': 0, 'alu_op': 'ADD'}
EX/MEM Reg = {'valid': 1, 'pc_plus4': 60, 'c': {'RegWrite': 0, 'MemRead': 0, 'MemWrite': 0, 'MemToReg': 0, 'ALUSrc': 0, 'Branch': 1, 'Jump': 0, 'JumpReg': 0, 'ALUOp': 'SUB', 'ImmSel': 'B', 'BrType': 'blt', 'IsNOP': 0}, 'd': {'instr': 4267953891, 'opcode': 99, 'rd': 29, 'funct3': 4, 'rs1': 7, 'rs2': 6, 'funct7': 127, 'imm_I': -26, 'imm_S': -3, 'imm_B': -4, 'imm_U': 4267950080, 'imm_J': -800794}, 'rd': 29, 'alu_res': 4294967293, 'rs2_val_fwd': 10, 'mem_addr': 4294967293, 'branch_taken': 0, 'next_pc': 0, 'wb_val_for_jumps': 60}
MEM/WB Reg = {'valid': 1, 'pc_plus4': 56, 'c': {'RegWrite': 1, 'MemRead': 0, 'MemWrite': 0, 'MemToReg': 0, 'ALUSrc': 1, 'Branch': 0, 'Jump': 0, 'JumpReg': 0, 'ALUOp': 'ADD', 'ImmSel': 'I', 'BrType': None, 'IsNOP': 0}, 'd': {'instr': 1278867, 'opcode': 19, 'rd': 7, 'funct3': 0, 'rs1': 7, 'rs2': 1, 'funct7': 0, 'imm_I': 1, 'imm_S': 7, 'imm_B': 2054, 'imm_U': 1277952, 'imm_J': 231424}, 'rd': 7, 'alu_res': 7, 'mem_data': 0, 'wb_val_for_jumps': 56}

Cycle 379
PC = 56
Stall Flag = False
Flush Flag = False
IF/ID Reg = {'valid': 1, 'pc': 52, 'instr': 1278867}
ID/EX Reg = {'valid': 0, 'pc': 0, 'pc_plus4': 0, 'd': None, 'c': None, 'imm': 0, 'rs1': 0, 'rs2': 0, 'rd': 0, 'rs1_val': 0, 'rs2_val': 0, 'alu_op': 'ADD'}
EX/MEM Reg = {'valid': 0, 'pc_plus4': 0, 'c': None, 'd': None, 'rd': 0, 'alu_res': 0, 'rs2_val_fwd': 0, 'mem_addr': 0, 'branch_taken': 0, 'next_pc': 0, 'wb_val_for_jumps': 0}
MEM/WB Reg = {'valid': 1, 'pc_plus4': 60, 'c': {'RegWrite': 0, 'MemRead': 0, 'MemWrite': 0, 'MemToReg': 0, 'ALUSrc': 0, 'Branch': 1, 'Jump': 0, 'JumpReg': 0, 'ALUOp': 'SUB', 'ImmSel': 'B', 'BrType': 'blt', 'IsNOP': 0}, 'd': {'instr': 4267953891, 'opcode': 99, 'rd': 29, 'funct3': 4, 'rs1': 7, 'rs2': 6, 'funct7': 127, 'imm_I': -26, 'imm_S': -3, 'imm_B': -4, 'imm_U': 4267950080, 'imm_J': -800794}, 'rd': 29, 'alu_res': 4294967293, 'mem_data': 0, 'wb_val_for_jumps': 60}

Cycle 380
PC = 60
Stall Flag = False
Flush Flag = False
IF/ID Reg = {'valid': 1, 'pc': 56, 'instr': 4267953891}
ID/EX Reg = {'valid': 1, 'pc': 52, 'pc_plus4': 56, 'd': {'instr': 1278867, 'opcode': 19, 'rd': 7, 'funct3': 0, 'rs1': 7, 'rs2': 1, 'funct7': 0, 'imm_I': 1, 'imm_S': 7, 'imm_B': 2054, 'imm_U': 1277952, 'imm_J': 231424}, 'c': {'RegWrite': 1, 'MemRead': 0, 'MemWrite': 0, 'MemToReg': 0, 'ALUSrc': 1, 'Branch': 0, 'Jump': 0, 'JumpReg': 0, 'ALUOp': 'ADD', 'ImmSel': 'I', 'BrType': None, 'IsNOP': 0}, 'imm': 1, 'rs1': 7, 'rs2': 1, 'rd': 7, 'rs1_val': 7, 'rs2_val': 0, 'alu_op': 'ADD'}
EX/MEM Reg = {'valid': 0, 'pc_plus4': 0, 'c': None, 'd': None, 'rd': 0, 'alu_res': 0, 'rs2_val_fwd': 0, 'mem_addr': 0, 'branch_taken': 0, 'next_pc': 0, 'wb_val_for_jumps': 0}
MEM/WB Reg = {'valid': 0, 'pc_plus4': 0, 'c': None, 'd': None, 'rd': 0, 'alu_res': 0, 'mem_data': 0, 'wb_val_for_jumps': 0}

Cycle 381
PC = 64
Stall Flag = False
Flush Flag = False
IF/ID Reg = {'valid': 1, 'pc': 60, 'instr': 1213075}
ID/EX Reg = {'valid': 1, 'pc': 56, 'pc_plus4': 60, 'd': {'instr': 4267953891, 'opcode': 99, 'rd': 29, 'funct3': 4, 'rs1': 7, 'rs2': 6, 'funct7': 127, 'imm_I': -26, 'imm_S': -3, 'imm_B': -4, 'imm_U': 4267950080, 'imm_J': -800794}, 'c': {'RegWrite': 0, 'MemRead': 0, 'MemWrite': 0, 'MemToReg': 0, 'ALUSrc': 0, 'Branch': 1, 'Jump': 0, 'JumpReg': 0, 'ALUOp': 'SUB', 'ImmSel': 'B', 'BrType': 'blt', 'IsNOP': 0}, 'imm': -4, 'rs1': 7, 'rs2': 6, 'rd': 29, 'rs1_val': 7, 'rs2_val': 10, 'alu_op': 'SUB'}
EX/MEM Reg = {'valid': 1, 'pc_plus4': 56, 'c': {'RegWrite': 1, 'MemRead': 0, 'MemWrite': 0, 'MemToReg': 0, 'ALUSrc': 1, 'Branch': 0, 'Jump': 0, 'JumpReg': 0, 'ALUOp': 'ADD', 'ImmSel': 'I', 'BrType': None, 'IsNOP': 0}, 'd': {'instr': 1278867, 'opcode': 19, 'rd': 7, 'funct3': 0, 'rs1': 7, 'rs2': 1, 'funct7': 0, 'imm_I': 1, 'imm_S': 7, 'imm_B': 2054, 'imm_U': 1277952, 'imm_J': 231424}, 'rd': 7, 'alu_res': 8, 'rs2_val_fwd': 0, 'mem_addr': 8, 'branch_taken': 0, 'next_pc': 0, 'wb_val_for_jumps': 56}
MEM/WB Reg = {'valid': 0, 'pc_plus4': 0, 'c': None, 'd': None, 'rd': 0, 'alu_res': 0, 'mem_data': 0, 'wb_val_for_jumps': 0}

Cycle 382
PC = 52
Stall Flag = False
Flush Flag = True
IF/ID Reg = {'valid': 0, 'pc': 0, 'instr': 0}
ID/EX Reg = {'valid': 0, 'pc': 60, 'pc_plus4': 64, 'd': {'instr': 1213075, 'opcode': 19, 'rd': 5, 'funct3': 0, 'rs1': 5, 'rs2': 1, 'funct7': 0, 'imm_I': 1, 'imm_S': 5, 'imm_B': 2052, 'imm_U': 1212416, 'imm_J': 165888}, 'c': {'RegWrite': 1, 'MemRead': 0, 'MemWrite': 0, 'MemToReg': 0, 'ALUSrc': 1, 'Branch': 0, 'Jump': 0, 'JumpReg': 0, 'ALUOp': 'ADD', 'ImmSel': 'I', 'BrType': None, 'IsNOP': 0}, 'imm': 1, 'rs1': 5, 'rs2': 1, 'rd': 5, 'rs1_val': 7, 'rs2_val': 0, 'alu_op': 'ADD'}
EX/MEM Reg = {'valid': 1, 'pc_plus4': 60, 'c': {'RegWrite': 0, 'MemRead': 0, 'MemWrite': 0, 'MemToReg': 0, 'ALUSrc': 0, 'Branch': 1, 'Jump': 0, 'JumpReg': 0, 'ALUOp': 'SUB', 'ImmSel': 'B', 'BrType': 'blt', 'IsNOP': 0}, 'd': {'instr': 4267953891, 'opcode': 99, 'rd': 29, 'funct3': 4, 'rs1': 7, 'rs2': 6, 'funct7': 127, 'imm_I': -26, 'imm_S': -3, 'imm_B': -4, 'imm_U': 4267950080, 'imm_J': -800794}, 'rd': 29, 'alu_res': 4294967294, 'rs2_val_fwd': 10, 'mem_addr': 4294967294, 'branch_taken': 0, 'next_pc': 0, 'wb_val_for_jumps': 60}
MEM/WB Reg = {'valid': 1, 'pc_plus4': 56, 'c': {'RegWrite': 1, 'MemRead': 0, 'MemWrite': 0, 'MemToReg': 0, 'ALUSrc': 1, 'Branch': 0, 'Jump': 0, 'JumpReg': 0, 'ALUOp': 'ADD', 'ImmSel': 'I', 'BrType': None, 'IsNOP': 0}, 'd': {'instr': 1278867, 'opcode': 19, 'rd': 7, 'funct3': 0, 'rs1': 7, 'rs2': 1, 'funct7': 0, 'imm_I': 1, 'imm_S': 7, 'imm_B': 2054, 'imm_U': 1277952, 'imm_J': 231424}, 'rd': 7, 'alu_res': 8, 'mem_data': 0, 'wb_val_for_jumps': 56}

Cycle 383
PC = 56
Stall Flag = False
Flush Flag = False
IF/ID Reg = {'valid': 1, 'pc': 52, 'instr': 1278867}
ID/EX Reg = {'valid': 0, 'pc': 0, 'pc_plus4': 0, 'd': None, 'c': None, 'imm': 0, 'rs1': 0, 'rs2': 0, 'rd': 0, 'rs1_val': 0, 'rs2_val': 0, 'alu_op': 'ADD'}
EX/MEM Reg = {'valid': 0, 'pc_plus4': 0, 'c': None, 'd': None, 'rd': 0, 'alu_res': 0, 'rs2_val_fwd': 0, 'mem_addr': 0, 'branch_taken': 0, 'next_pc': 0, 'wb_val_for_jumps': 0}
MEM/WB Reg = {'valid': 1, 'pc_plus4': 60, 'c': {'RegWrite': 0, 'MemRead': 0, 'MemWrite': 0, 'MemToReg': 0, 'ALUSrc': 0, 'Branch': 1, 'Jump': 0, 'JumpReg': 0, 'ALUOp': 'SUB', 'ImmSel': 'B', 'BrType': 'blt', 'IsNOP': 0}, 'd': {'instr': 4267953891, 'opcode': 99, 'rd': 29, 'funct3': 4, 'rs1': 7, 'rs2': 6, 'funct7': 127, 'imm_I': -26, 'imm_S': -3, 'imm_B': -4, 'imm_U': 4267950080, 'imm_J': -800794}, 'rd': 29, 'alu_res': 4294967294, 'mem_data': 0, 'wb_val_for_jumps': 60}

Cycle 384
PC = 60
Stall Flag = False
Flush Flag = False
IF/ID Reg = {'valid': 1, 'pc': 56, 'instr': 4267953891}
ID/EX Reg = {'valid': 1, 'pc': 52, 'pc_plus4': 56, 'd': {'instr': 1278867, 'opcode': 19, 'rd': 7, 'funct3': 0, 'rs1': 7, 'rs2': 1, 'funct7': 0, 'imm_I': 1, 'imm_S': 7, 'imm_B': 2054, 'imm_U': 1277952, 'imm_J': 231424}, 'c': {'RegWrite': 1, 'MemRead': 0, 'MemWrite': 0, 'MemToReg': 0, 'ALUSrc': 1, 'Branch': 0, 'Jump': 0, 'JumpReg': 0, 'ALUOp': 'ADD', 'ImmSel': 'I', 'BrType': None, 'IsNOP': 0}, 'imm': 1, 'rs1': 7, 'rs2': 1, 'rd': 7, 'rs1_val': 8, 'rs2_val': 0, 'alu_op': 'ADD'}
EX/MEM Reg = {'valid': 0, 'pc_plus4': 0, 'c': None, 'd': None, 'rd': 0, 'alu_res': 0, 'rs2_val_fwd': 0, 'mem_addr': 0, 'branch_taken': 0, 'next_pc': 0, 'wb_val_for_jumps': 0}
MEM/WB Reg = {'valid': 0, 'pc_plus4': 0, 'c': None, 'd': None, 'rd': 0, 'alu_res': 0, 'mem_data': 0, 'wb_val_for_jumps': 0}

Cycle 385
PC = 64
Stall Flag = False
Flush Flag = False
IF/ID Reg = {'valid': 1, 'pc': 60, 'instr': 1213075}
ID/EX Reg = {'valid': 1, 'pc': 56, 'pc_plus4': 60, 'd': {'instr': 4267953891, 'opcode': 99, 'rd': 29, 'funct3': 4, 'rs1': 7, 'rs2': 6, 'funct7': 127, 'imm_I': -26, 'imm_S': -3, 'imm_B': -4, 'imm_U': 4267950080, 'imm_J': -800794}, 'c': {'RegWrite': 0, 'MemRead': 0, 'MemWrite': 0, 'MemToReg': 0, 'ALUSrc': 0, 'Branch': 1, 'Jump': 0, 'JumpReg': 0, 'ALUOp': 'SUB', 'ImmSel': 'B', 'BrType': 'blt', 'IsNOP': 0}, 'imm': -4, 'rs1': 7, 'rs2': 6, 'rd': 29, 'rs1_val': 8, 'rs2_val': 10, 'alu_op': 'SUB'}
EX/MEM Reg = {'valid': 1, 'pc_plus4': 56, 'c': {'RegWrite': 1, 'MemRead': 0, 'MemWrite': 0, 'MemToReg': 0, 'ALUSrc': 1, 'Branch': 0, 'Jump': 0, 'JumpReg': 0, 'ALUOp': 'ADD', 'ImmSel': 'I', 'BrType': None, 'IsNOP': 0}, 'd': {'instr': 1278867, 'opcode': 19, 'rd': 7, 'funct3': 0, 'rs1': 7, 'rs2': 1, 'funct7': 0, 'imm_I': 1, 'imm_S': 7, 'imm_B': 2054, 'imm_U': 1277952, 'imm_J': 231424}, 'rd': 7, 'alu_res': 9, 'rs2_val_fwd': 0, 'mem_addr': 9, 'branch_taken': 0, 'next_pc': 0, 'wb_val_for_jumps': 56}
MEM/WB Reg = {'valid': 0, 'pc_plus4': 0, 'c': None, 'd': None, 'rd': 0, 'alu_res': 0, 'mem_data': 0, 'wb_val_for_jumps': 0}

Cycle 386
PC = 52
Stall Flag = False
Flush Flag = True
IF/ID Reg = {'valid': 0, 'pc': 0, 'instr': 0}
ID/EX Reg = {'valid': 0, 'pc': 60, 'pc_plus4': 64, 'd': {'instr': 1213075, 'opcode': 19, 'rd': 5, 'funct3': 0, 'rs1': 5, 'rs2': 1, 'funct7': 0, 'imm_I': 1, 'imm_S': 5, 'imm_B': 2052, 'imm_U': 1212416, 'imm_J': 165888}, 'c': {'RegWrite': 1, 'MemRead': 0, 'MemWrite': 0, 'MemToReg': 0, 'ALUSrc': 1, 'Branch': 0, 'Jump': 0, 'JumpReg': 0, 'ALUOp': 'ADD', 'ImmSel': 'I', 'BrType': None, 'IsNOP': 0}, 'imm': 1, 'rs1': 5, 'rs2': 1, 'rd': 5, 'rs1_val': 7, 'rs2_val': 0, 'alu_op': 'ADD'}
EX/MEM Reg = {'valid': 1, 'pc_plus4': 60, 'c': {'RegWrite': 0, 'MemRead': 0, 'MemWrite': 0, 'MemToReg': 0, 'ALUSrc': 0, 'Branch': 1, 'Jump': 0, 'JumpReg': 0, 'ALUOp': 'SUB', 'ImmSel': 'B', 'BrType': 'blt', 'IsNOP': 0}, 'd': {'instr': 4267953891, 'opcode': 99, 'rd': 29, 'funct3': 4, 'rs1': 7, 'rs2': 6, 'funct7': 127, 'imm_I': -26, 'imm_S': -3, 'imm_B': -4, 'imm_U': 4267950080, 'imm_J': -800794}, 'rd': 29, 'alu_res': 4294967295, 'rs2_val_fwd': 10, 'mem_addr': 4294967295, 'branch_taken': 0, 'next_pc': 0, 'wb_val_for_jumps': 60}
MEM/WB Reg = {'valid': 1, 'pc_plus4': 56, 'c': {'RegWrite': 1, 'MemRead': 0, 'MemWrite': 0, 'MemToReg': 0, 'ALUSrc': 1, 'Branch': 0, 'Jump': 0, 'JumpReg': 0, 'ALUOp': 'ADD', 'ImmSel': 'I', 'BrType': None, 'IsNOP': 0}, 'd': {'instr': 1278867, 'opcode': 19, 'rd': 7, 'funct3': 0, 'rs1': 7, 'rs2': 1, 'funct7': 0, 'imm_I': 1, 'imm_S': 7, 'imm_B': 2054, 'imm_U': 1277952, 'imm_J': 231424}, 'rd': 7, 'alu_res': 9, 'mem_data': 0, 'wb_val_for_jumps': 56}

Cycle 387
PC = 56
Stall Flag = False
Flush Flag = False
IF/ID Reg = {'valid': 1, 'pc': 52, 'instr': 1278867}
ID/EX Reg = {'valid': 0, 'pc': 0, 'pc_plus4': 0, 'd': None, 'c': None, 'imm': 0, 'rs1': 0, 'rs2': 0, 'rd': 0, 'rs1_val': 0, 'rs2_val': 0, 'alu_op': 'ADD'}
EX/MEM Reg = {'valid': 0, 'pc_plus4': 0, 'c': None, 'd': None, 'rd': 0, 'alu_res': 0, 'rs2_val_fwd': 0, 'mem_addr': 0, 'branch_taken': 0, 'next_pc': 0, 'wb_val_for_jumps': 0}
MEM/WB Reg = {'valid': 1, 'pc_plus4': 60, 'c': {'RegWrite': 0, 'MemRead': 0, 'MemWrite': 0, 'MemToReg': 0, 'ALUSrc': 0, 'Branch': 1, 'Jump': 0, 'JumpReg': 0, 'ALUOp': 'SUB', 'ImmSel': 'B', 'BrType': 'blt', 'IsNOP': 0}, 'd': {'instr': 4267953891, 'opcode': 99, 'rd': 29, 'funct3': 4, 'rs1': 7, 'rs2': 6, 'funct7': 127, 'imm_I': -26, 'imm_S': -3, 'imm_B': -4, 'imm_U': 4267950080, 'imm_J': -800794}, 'rd': 29, 'alu_res': 4294967295, 'mem_data': 0, 'wb_val_for_jumps': 60}

Cycle 388
PC = 60
Stall Flag = False
Flush Flag = False
IF/ID Reg = {'valid': 1, 'pc': 56, 'instr': 4267953891}
ID/EX Reg = {'valid': 1, 'pc': 52, 'pc_plus4': 56, 'd': {'instr': 1278867, 'opcode': 19, 'rd': 7, 'funct3': 0, 'rs1': 7, 'rs2': 1, 'funct7': 0, 'imm_I': 1, 'imm_S': 7, 'imm_B': 2054, 'imm_U': 1277952, 'imm_J': 231424}, 'c': {'RegWrite': 1, 'MemRead': 0, 'MemWrite': 0, 'MemToReg': 0, 'ALUSrc': 1, 'Branch': 0, 'Jump': 0, 'JumpReg': 0, 'ALUOp': 'ADD', 'ImmSel': 'I', 'BrType': None, 'IsNOP': 0}, 'imm': 1, 'rs1': 7, 'rs2': 1, 'rd': 7, 'rs1_val': 9, 'rs2_val': 0, 'alu_op': 'ADD'}
EX/MEM Reg = {'valid': 0, 'pc_plus4': 0, 'c': None, 'd': None, 'rd': 0, 'alu_res': 0, 'rs2_val_fwd': 0, 'mem_addr': 0, 'branch_taken': 0, 'next_pc': 0, 'wb_val_for_jumps': 0}
MEM/WB Reg = {'valid': 0, 'pc_plus4': 0, 'c': None, 'd': None, 'rd': 0, 'alu_res': 0, 'mem_data': 0, 'wb_val_for_jumps': 0}

Cycle 389
PC = 64
Stall Flag = False
Flush Flag = False
IF/ID Reg = {'valid': 1, 'pc': 60, 'instr': 1213075}
ID/EX Reg = {'valid': 1, 'pc': 56, 'pc_plus4': 60, 'd': {'instr': 4267953891, 'opcode': 99, 'rd': 29, 'funct3': 4, 'rs1': 7, 'rs2': 6, 'funct7': 127, 'imm_I': -26, 'imm_S': -3, 'imm_B': -4, 'imm_U': 4267950080, 'imm_J': -800794}, 'c': {'RegWrite': 0, 'MemRead': 0, 'MemWrite': 0, 'MemToReg': 0, 'ALUSrc': 0, 'Branch': 1, 'Jump': 0, 'JumpReg': 0, 'ALUOp': 'SUB', 'ImmSel': 'B', 'BrType': 'blt', 'IsNOP': 0}, 'imm': -4, 'rs1': 7, 'rs2': 6, 'rd': 29, 'rs1_val': 9, 'rs2_val': 10, 'alu_op': 'SUB'}
EX/MEM Reg = {'valid': 1, 'pc_plus4': 56, 'c': {'RegWrite': 1, 'MemRead': 0, 'MemWrite': 0, 'MemToReg': 0, 'ALUSrc': 1, 'Branch': 0, 'Jump': 0, 'JumpReg': 0, 'ALUOp': 'ADD', 'ImmSel': 'I', 'BrType': None, 'IsNOP': 0}, 'd': {'instr': 1278867, 'opcode': 19, 'rd': 7, 'funct3': 0, 'rs1': 7, 'rs2': 1, 'funct7': 0, 'imm_I': 1, 'imm_S': 7, 'imm_B': 2054, 'imm_U': 1277952, 'imm_J': 231424}, 'rd': 7, 'alu_res': 10, 'rs2_val_fwd': 0, 'mem_addr': 10, 'branch_taken': 0, 'next_pc': 0, 'wb_val_for_jumps': 56}
MEM/WB Reg = {'valid': 0, 'pc_plus4': 0, 'c': None, 'd': None, 'rd': 0, 'alu_res': 0, 'mem_data': 0, 'wb_val_for_jumps': 0}

Cycle 390
PC = 68
Stall Flag = False
Flush Flag = False
IF/ID Reg = {'valid': 1, 'pc': 64, 'instr': 4267886819}
ID/EX Reg = {'valid': 1, 'pc': 60, 'pc_plus4': 64, 'd': {'instr': 1213075, 'opcode': 19, 'rd': 5, 'funct3': 0, 'rs1': 5, 'rs2': 1, 'funct7': 0, 'imm_I': 1, 'imm_S': 5, 'imm_B': 2052, 'imm_U': 1212416, 'imm_J': 165888}, 'c': {'RegWrite': 1, 'MemRead': 0, 'MemWrite': 0, 'MemToReg': 0, 'ALUSrc': 1, 'Branch': 0, 'Jump': 0, 'JumpReg': 0, 'ALUOp': 'ADD', 'ImmSel': 'I', 'BrType': None, 'IsNOP': 0}, 'imm': 1, 'rs1': 5, 'rs2': 1, 'rd': 5, 'rs1_val': 7, 'rs2_val': 0, 'alu_op': 'ADD'}
EX/MEM Reg = {'valid': 1, 'pc_plus4': 60, 'c': {'RegWrite': 0, 'MemRead': 0, 'MemWrite': 0, 'MemToReg': 0, 'ALUSrc': 0, 'Branch': 1, 'Jump': 0, 'JumpReg': 0, 'ALUOp': 'SUB', 'ImmSel': 'B', 'BrType': 'blt', 'IsNOP': 0}, 'd': {'instr': 4267953891, 'opcode': 99, 'rd': 29, 'funct3': 4, 'rs1': 7, 'rs2': 6, 'funct7': 127, 'imm_I': -26, 'imm_S': -3, 'imm_B': -4, 'imm_U': 4267950080, 'imm_J': -800794}, 'rd': 29, 'alu_res': 0, 'rs2_val_fwd': 10, 'mem_addr': 0, 'branch_taken': 0, 'next_pc': 0, 'wb_val_for_jumps': 60}
MEM/WB Reg = {'valid': 1, 'pc_plus4': 56, 'c': {'RegWrite': 1, 'MemRead': 0, 'MemWrite': 0, 'MemToReg': 0, 'ALUSrc': 1, 'Branch': 0, 'Jump': 0, 'JumpReg': 0, 'ALUOp': 'ADD', 'ImmSel': 'I', 'BrType': None, 'IsNOP': 0}, 'd': {'instr': 1278867, 'opcode': 19, 'rd': 7, 'funct3': 0, 'rs1': 7, 'rs2': 1, 'funct7': 0, 'imm_I': 1, 'imm_S': 7, 'imm_B': 2054, 'imm_U': 1277952, 'imm_J': 231424}, 'rd': 7, 'alu_res': 10, 'mem_data': 0, 'wb_val_for_jumps': 56}

Cycle 391
PC = 72
Stall Flag = False
Flush Flag = False
IF/ID Reg = {'valid': 1, 'pc': 68, 'instr': 1049235}
ID/EX Reg = {'valid': 1, 'pc': 64, 'pc_plus4': 68, 'd': {'instr': 4267886819, 'opcode': 99, 'rd': 17, 'funct3': 4, 'rs1': 5, 'rs2': 6, 'funct7': 127, 'imm_I': -26, 'imm_S': -15, 'imm_B': -16, 'imm_U': 4267884544, 'imm_J': -866330}, 'c': {'RegWrite': 0, 'MemRead': 0, 'MemWrite': 0, 'MemToReg': 0, 'ALUSrc': 0, 'Branch': 1, 'Jump': 0, 'JumpReg': 0, 'ALUOp': 'SUB', 'ImmSel': 'B', 'BrType': 'blt', 'IsNOP': 0}, 'imm': -16, 'rs1': 5, 'rs2': 6, 'rd': 17, 'rs1_val': 7, 'rs2_val': 10, 'alu_op': 'SUB'}
EX/MEM Reg = {'valid': 1, 'pc_plus4': 64, 'c': {'RegWrite': 1, 'MemRead': 0, 'MemWrite': 0, 'MemToReg': 0, 'ALUSrc': 1, 'Branch': 0, 'Jump': 0, 'JumpReg': 0, 'ALUOp': 'ADD', 'ImmSel': 'I', 'BrType': None, 'IsNOP': 0}, 'd': {'instr': 1213075, 'opcode': 19, 'rd': 5, 'funct3': 0, 'rs1': 5, 'rs2': 1, 'funct7': 0, 'imm_I': 1, 'imm_S': 5, 'imm_B': 2052, 'imm_U': 1212416, 'imm_J': 165888}, 'rd': 5, 'alu_res': 8, 'rs2_val_fwd': 0, 'mem_addr': 8, 'branch_taken': 0, 'next_pc': 0, 'wb_val_for_jumps': 64}
MEM/WB Reg = {'valid': 1, 'pc_plus4': 60, 'c': {'RegWrite': 0, 'MemRead': 0, 'MemWrite': 0, 'MemToReg': 0, 'ALUSrc': 0, 'Branch': 1, 'Jump': 0, 'JumpReg': 0, 'ALUOp': 'SUB', 'ImmSel': 'B', 'BrType': 'blt', 'IsNOP': 0}, 'd': {'instr': 4267953891, 'opcode': 99, 'rd': 29, 'funct3': 4, 'rs1': 7, 'rs2': 6, 'funct7': 127, 'imm_I': -26, 'imm_S': -3, 'imm_B': -4, 'imm_U': 4267950080, 'imm_J': -800794}, 'rd': 29, 'alu_res': 0, 'mem_data': 0, 'wb_val_for_jumps': 60}

Cycle 392
PC = 48
Stall Flag = False
Flush Flag = True
IF/ID Reg = {'valid': 0, 'pc': 0, 'instr': 0}
ID/EX Reg = {'valid': 0, 'pc': 68, 'pc_plus4': 72, 'd': {'instr': 1049235, 'opcode': 19, 'rd': 5, 'funct3': 0, 'rs1': 0, 'rs2': 1, 'funct7': 0, 'imm_I': 1, 'imm_S': 5, 'imm_B': 2052, 'imm_U': 1048576, 'imm_J': 2048}, 'c': {'RegWrite': 1, 'MemRead': 0, 'MemWrite': 0, 'MemToReg': 0, 'ALUSrc': 1, 'Branch': 0, 'Jump': 0, 'JumpReg': 0, 'ALUOp': 'ADD', 'ImmSel': 'I', 'BrType': None, 'IsNOP': 0}, 'imm': 1, 'rs1': 0, 'rs2': 1, 'rd': 5, 'rs1_val': 0, 'rs2_val': 0, 'alu_op': 'ADD'}
EX/MEM Reg = {'valid': 1, 'pc_plus4': 68, 'c': {'RegWrite': 0, 'MemRead': 0, 'MemWrite': 0, 'MemToReg': 0, 'ALUSrc': 0, 'Branch': 1, 'Jump': 0, 'JumpReg': 0, 'ALUOp': 'SUB', 'ImmSel': 'B', 'BrType': 'blt', 'IsNOP': 0}, 'd': {'instr': 4267886819, 'opcode': 99, 'rd': 17, 'funct3': 4, 'rs1': 5, 'rs2': 6, 'funct7': 127, 'imm_I': -26, 'imm_S': -15, 'imm_B': -16, 'imm_U': 4267884544, 'imm_J': -866330}, 'rd': 17, 'alu_res': 4294967294, 'rs2_val_fwd': 10, 'mem_addr': 4294967294, 'branch_taken': 0, 'next_pc': 0, 'wb_val_for_jumps': 68}
MEM/WB Reg = {'valid': 1, 'pc_plus4': 64, 'c': {'RegWrite': 1, 'MemRead': 0, 'MemWrite': 0, 'MemToReg': 0, 'ALUSrc': 1, 'Branch': 0, 'Jump': 0, 'JumpReg': 0, 'ALUOp': 'ADD', 'ImmSel': 'I', 'BrType': None, 'IsNOP': 0}, 'd': {'instr': 1213075, 'opcode': 19, 'rd': 5, 'funct3': 0, 'rs1': 5, 'rs2': 1, 'funct7': 0, 'imm_I': 1, 'imm_S': 5, 'imm_B': 2052, 'imm_U': 1212416, 'imm_J': 165888}, 'rd': 5, 'alu_res': 8, 'mem_data': 0, 'wb_val_for_jumps': 64}

Cycle 393
PC = 52
Stall Flag = False
Flush Flag = False
IF/ID Reg = {'valid': 1, 'pc': 48, 'instr': 915}
ID/EX Reg = {'valid': 0, 'pc': 0, 'pc_plus4': 0, 'd': None, 'c': None, 'imm': 0, 'rs1': 0, 'rs2': 0, 'rd': 0, 'rs1_val': 0, 'rs2_val': 0, 'alu_op': 'ADD'}
EX/MEM Reg = {'valid': 0, 'pc_plus4': 0, 'c': None, 'd': None, 'rd': 0, 'alu_res': 0, 'rs2_val_fwd': 0, 'mem_addr': 0, 'branch_taken': 0, 'next_pc': 0, 'wb_val_for_jumps': 0}
MEM/WB Reg = {'valid': 1, 'pc_plus4': 68, 'c': {'RegWrite': 0, 'MemRead': 0, 'MemWrite': 0, 'MemToReg': 0, 'ALUSrc': 0, 'Branch': 1, 'Jump': 0, 'JumpReg': 0, 'ALUOp': 'SUB', 'ImmSel': 'B', 'BrType': 'blt', 'IsNOP': 0}, 'd': {'instr': 4267886819, 'opcode': 99, 'rd': 17, 'funct3': 4, 'rs1': 5, 'rs2': 6, 'funct7': 127, 'imm_I': -26, 'imm_S': -15, 'imm_B': -16, 'imm_U': 4267884544, 'imm_J': -866330}, 'rd': 17, 'alu_res': 4294967294, 'mem_data': 0, 'wb_val_for_jumps': 68}

Cycle 394
PC = 56
Stall Flag = False
Flush Flag = False
IF/ID Reg = {'valid': 1, 'pc': 52, 'instr': 1278867}
ID/EX Reg = {'valid': 1, 'pc': 48, 'pc_plus4': 52, 'd': {'instr': 915, 'opcode': 19, 'rd': 7, 'funct3': 0, 'rs1': 0, 'rs2': 0, 'funct7': 0, 'imm_I': 0, 'imm_S': 7, 'imm_B': 2054, 'imm_U': 0, 'imm_J': 0}, 'c': {'RegWrite': 1, 'MemRead': 0, 'MemWrite': 0, 'MemToReg': 0, 'ALUSrc': 1, 'Branch': 0, 'Jump': 0, 'JumpReg': 0, 'ALUOp': 'ADD', 'ImmSel': 'I', 'BrType': None, 'IsNOP': 0}, 'imm': 0, 'rs1': 0, 'rs2': 0, 'rd': 7, 'rs1_val': 0, 'rs2_val': 0, 'alu_op': 'ADD'}
EX/MEM Reg = {'valid': 0, 'pc_plus4': 0, 'c': None, 'd': None, 'rd': 0, 'alu_res': 0, 'rs2_val_fwd': 0, 'mem_addr': 0, 'branch_taken': 0, 'next_pc': 0, 'wb_val_for_jumps': 0}
MEM/WB Reg = {'valid': 0, 'pc_plus4': 0, 'c': None, 'd': None, 'rd': 0, 'alu_res': 0, 'mem_data': 0, 'wb_val_for_jumps': 0}

Cycle 395
PC = 60
Stall Flag = False
Flush Flag = False
IF/ID Reg = {'valid': 1, 'pc': 56, 'instr': 4267953891}
ID/EX Reg = {'valid': 1, 'pc': 52, 'pc_plus4': 56, 'd': {'instr': 1278867, 'opcode': 19, 'rd': 7, 'funct3': 0, 'rs1': 7, 'rs2': 1, 'funct7': 0, 'imm_I': 1, 'imm_S': 7, 'imm_B': 2054, 'imm_U': 1277952, 'imm_J': 231424}, 'c': {'RegWrite': 1, 'MemRead': 0, 'MemWrite': 0, 'MemToReg': 0, 'ALUSrc': 1, 'Branch': 0, 'Jump': 0, 'JumpReg': 0, 'ALUOp': 'ADD', 'ImmSel': 'I', 'BrType': None, 'IsNOP': 0}, 'imm': 1, 'rs1': 7, 'rs2': 1, 'rd': 7, 'rs1_val': 10, 'rs2_val': 0, 'alu_op': 'ADD'}
EX/MEM Reg = {'valid': 1, 'pc_plus4': 52, 'c': {'RegWrite': 1, 'MemRead': 0, 'MemWrite': 0, 'MemToReg': 0, 'ALUSrc': 1, 'Branch': 0, 'Jump': 0, 'JumpReg': 0, 'ALUOp': 'ADD', 'ImmSel': 'I', 'BrType': None, 'IsNOP': 0}, 'd': {'instr': 915, 'opcode': 19, 'rd': 7, 'funct3': 0, 'rs1': 0, 'rs2': 0, 'funct7': 0, 'imm_I': 0, 'imm_S': 7, 'imm_B': 2054, 'imm_U': 0, 'imm_J': 0}, 'rd': 7, 'alu_res': 0, 'rs2_val_fwd': 0, 'mem_addr': 0, 'branch_taken': 0, 'next_pc': 0, 'wb_val_for_jumps': 52}
MEM/WB Reg = {'valid': 0, 'pc_plus4': 0, 'c': None, 'd': None, 'rd': 0, 'alu_res': 0, 'mem_data': 0, 'wb_val_for_jumps': 0}

Cycle 396
PC = 64
Stall Flag = False
Flush Flag = False
IF/ID Reg = {'valid': 1, 'pc': 60, 'instr': 1213075}
ID/EX Reg = {'valid': 1, 'pc': 56, 'pc_plus4': 60, 'd': {'instr': 4267953891, 'opcode': 99, 'rd': 29, 'funct3': 4, 'rs1': 7, 'rs2': 6, 'funct7': 127, 'imm_I': -26, 'imm_S': -3, 'imm_B': -4, 'imm_U': 4267950080, 'imm_J': -800794}, 'c': {'RegWrite': 0, 'MemRead': 0, 'MemWrite': 0, 'MemToReg': 0, 'ALUSrc': 0, 'Branch': 1, 'Jump': 0, 'JumpReg': 0, 'ALUOp': 'SUB', 'ImmSel': 'B', 'BrType': 'blt', 'IsNOP': 0}, 'imm': -4, 'rs1': 7, 'rs2': 6, 'rd': 29, 'rs1_val': 10, 'rs2_val': 10, 'alu_op': 'SUB'}
EX/MEM Reg = {'valid': 1, 'pc_plus4': 56, 'c': {'RegWrite': 1, 'MemRead': 0, 'MemWrite': 0, 'MemToReg': 0, 'ALUSrc': 1, 'Branch': 0, 'Jump': 0, 'JumpReg': 0, 'ALUOp': 'ADD', 'ImmSel': 'I', 'BrType': None, 'IsNOP': 0}, 'd': {'instr': 1278867, 'opcode': 19, 'rd': 7, 'funct3': 0, 'rs1': 7, 'rs2': 1, 'funct7': 0, 'imm_I': 1, 'imm_S': 7, 'imm_B': 2054, 'imm_U': 1277952, 'imm_J': 231424}, 'rd': 7, 'alu_res': 1, 'rs2_val_fwd': 0, 'mem_addr': 1, 'branch_taken': 0, 'next_pc': 0, 'wb_val_for_jumps': 56}
MEM/WB Reg = {'valid': 1, 'pc_plus4': 52, 'c': {'RegWrite': 1, 'MemRead': 0, 'MemWrite': 0, 'MemToReg': 0, 'ALUSrc': 1, 'Branch': 0, 'Jump': 0, 'JumpReg': 0, 'ALUOp': 'ADD', 'ImmSel': 'I', 'BrType': None, 'IsNOP': 0}, 'd': {'instr': 915, 'opcode': 19, 'rd': 7, 'funct3': 0, 'rs1': 0, 'rs2': 0, 'funct7': 0, 'imm_I': 0, 'imm_S': 7, 'imm_B': 2054, 'imm_U': 0, 'imm_J': 0}, 'rd': 7, 'alu_res': 0, 'mem_data': 0, 'wb_val_for_jumps': 52}

Cycle 397
PC = 52
Stall Flag = False
Flush Flag = True
IF/ID Reg = {'valid': 0, 'pc': 0, 'instr': 0}
ID/EX Reg = {'valid': 0, 'pc': 60, 'pc_plus4': 64, 'd': {'instr': 1213075, 'opcode': 19, 'rd': 5, 'funct3': 0, 'rs1': 5, 'rs2': 1, 'funct7': 0, 'imm_I': 1, 'imm_S': 5, 'imm_B': 2052, 'imm_U': 1212416, 'imm_J': 165888}, 'c': {'RegWrite': 1, 'MemRead': 0, 'MemWrite': 0, 'MemToReg': 0, 'ALUSrc': 1, 'Branch': 0, 'Jump': 0, 'JumpReg': 0, 'ALUOp': 'ADD', 'ImmSel': 'I', 'BrType': None, 'IsNOP': 0}, 'imm': 1, 'rs1': 5, 'rs2': 1, 'rd': 5, 'rs1_val': 8, 'rs2_val': 0, 'alu_op': 'ADD'}
EX/MEM Reg = {'valid': 1, 'pc_plus4': 60, 'c': {'RegWrite': 0, 'MemRead': 0, 'MemWrite': 0, 'MemToReg': 0, 'ALUSrc': 0, 'Branch': 1, 'Jump': 0, 'JumpReg': 0, 'ALUOp': 'SUB', 'ImmSel': 'B', 'BrType': 'blt', 'IsNOP': 0}, 'd': {'instr': 4267953891, 'opcode': 99, 'rd': 29, 'funct3': 4, 'rs1': 7, 'rs2': 6, 'funct7': 127, 'imm_I': -26, 'imm_S': -3, 'imm_B': -4, 'imm_U': 4267950080, 'imm_J': -800794}, 'rd': 29, 'alu_res': 4294967287, 'rs2_val_fwd': 10, 'mem_addr': 4294967287, 'branch_taken': 0, 'next_pc': 0, 'wb_val_for_jumps': 60}
MEM/WB Reg = {'valid': 1, 'pc_plus4': 56, 'c': {'RegWrite': 1, 'MemRead': 0, 'MemWrite': 0, 'MemToReg': 0, 'ALUSrc': 1, 'Branch': 0, 'Jump': 0, 'JumpReg': 0, 'ALUOp': 'ADD', 'ImmSel': 'I', 'BrType': None, 'IsNOP': 0}, 'd': {'instr': 1278867, 'opcode': 19, 'rd': 7, 'funct3': 0, 'rs1': 7, 'rs2': 1, 'funct7': 0, 'imm_I': 1, 'imm_S': 7, 'imm_B': 2054, 'imm_U': 1277952, 'imm_J': 231424}, 'rd': 7, 'alu_res': 1, 'mem_data': 0, 'wb_val_for_jumps': 56}

Cycle 398
PC = 56
Stall Flag = False
Flush Flag = False
IF/ID Reg = {'valid': 1, 'pc': 52, 'instr': 1278867}
ID/EX Reg = {'valid': 0, 'pc': 0, 'pc_plus4': 0, 'd': None, 'c': None, 'imm': 0, 'rs1': 0, 'rs2': 0, 'rd': 0, 'rs1_val': 0, 'rs2_val': 0, 'alu_op': 'ADD'}
EX/MEM Reg = {'valid': 0, 'pc_plus4': 0, 'c': None, 'd': None, 'rd': 0, 'alu_res': 0, 'rs2_val_fwd': 0, 'mem_addr': 0, 'branch_taken': 0, 'next_pc': 0, 'wb_val_for_jumps': 0}
MEM/WB Reg = {'valid': 1, 'pc_plus4': 60, 'c': {'RegWrite': 0, 'MemRead': 0, 'MemWrite': 0, 'MemToReg': 0, 'ALUSrc': 0, 'Branch': 1, 'Jump': 0, 'JumpReg': 0, 'ALUOp': 'SUB', 'ImmSel': 'B', 'BrType': 'blt', 'IsNOP': 0}, 'd': {'instr': 4267953891, 'opcode': 99, 'rd': 29, 'funct3': 4, 'rs1': 7, 'rs2': 6, 'funct7': 127, 'imm_I': -26, 'imm_S': -3, 'imm_B': -4, 'imm_U': 4267950080, 'imm_J': -800794}, 'rd': 29, 'alu_res': 4294967287, 'mem_data': 0, 'wb_val_for_jumps': 60}

Cycle 399
PC = 60
Stall Flag = False
Flush Flag = False
IF/ID Reg = {'valid': 1, 'pc': 56, 'instr': 4267953891}
ID/EX Reg = {'valid': 1, 'pc': 52, 'pc_plus4': 56, 'd': {'instr': 1278867, 'opcode': 19, 'rd': 7, 'funct3': 0, 'rs1': 7, 'rs2': 1, 'funct7': 0, 'imm_I': 1, 'imm_S': 7, 'imm_B': 2054, 'imm_U': 1277952, 'imm_J': 231424}, 'c': {'RegWrite': 1, 'MemRead': 0, 'MemWrite': 0, 'MemToReg': 0, 'ALUSrc': 1, 'Branch': 0, 'Jump': 0, 'JumpReg': 0, 'ALUOp': 'ADD', 'ImmSel': 'I', 'BrType': None, 'IsNOP': 0}, 'imm': 1, 'rs1': 7, 'rs2': 1, 'rd': 7, 'rs1_val': 1, 'rs2_val': 0, 'alu_op': 'ADD'}
EX/MEM Reg = {'valid': 0, 'pc_plus4': 0, 'c': None, 'd': None, 'rd': 0, 'alu_res': 0, 'rs2_val_fwd': 0, 'mem_addr': 0, 'branch_taken': 0, 'next_pc': 0, 'wb_val_for_jumps': 0}
MEM/WB Reg = {'valid': 0, 'pc_plus4': 0, 'c': None, 'd': None, 'rd': 0, 'alu_res': 0, 'mem_data': 0, 'wb_val_for_jumps': 0}

Cycle 400
PC = 64
Stall Flag = False
Flush Flag = False
IF/ID Reg = {'valid': 1, 'pc': 60, 'instr': 1213075}
ID/EX Reg = {'valid': 1, 'pc': 56, 'pc_plus4': 60, 'd': {'instr': 4267953891, 'opcode': 99, 'rd': 29, 'funct3': 4, 'rs1': 7, 'rs2': 6, 'funct7': 127, 'imm_I': -26, 'imm_S': -3, 'imm_B': -4, 'imm_U': 4267950080, 'imm_J': -800794}, 'c': {'RegWrite': 0, 'MemRead': 0, 'MemWrite': 0, 'MemToReg': 0, 'ALUSrc': 0, 'Branch': 1, 'Jump': 0, 'JumpReg': 0, 'ALUOp': 'SUB', 'ImmSel': 'B', 'BrType': 'blt', 'IsNOP': 0}, 'imm': -4, 'rs1': 7, 'rs2': 6, 'rd': 29, 'rs1_val': 1, 'rs2_val': 10, 'alu_op': 'SUB'}
EX/MEM Reg = {'valid': 1, 'pc_plus4': 56, 'c': {'RegWrite': 1, 'MemRead': 0, 'MemWrite': 0, 'MemToReg': 0, 'ALUSrc': 1, 'Branch': 0, 'Jump': 0, 'JumpReg': 0, 'ALUOp': 'ADD', 'ImmSel': 'I', 'BrType': None, 'IsNOP': 0}, 'd': {'instr': 1278867, 'opcode': 19, 'rd': 7, 'funct3': 0, 'rs1': 7, 'rs2': 1, 'funct7': 0, 'imm_I': 1, 'imm_S': 7, 'imm_B': 2054, 'imm_U': 1277952, 'imm_J': 231424}, 'rd': 7, 'alu_res': 2, 'rs2_val_fwd': 0, 'mem_addr': 2, 'branch_taken': 0, 'next_pc': 0, 'wb_val_for_jumps': 56}
MEM/WB Reg = {'valid': 0, 'pc_plus4': 0, 'c': None, 'd': None, 'rd': 0, 'alu_res': 0, 'mem_data': 0, 'wb_val_for_jumps': 0}

Cycle 401
PC = 52
Stall Flag = False
Flush Flag = True
IF/ID Reg = {'valid': 0, 'pc': 0, 'instr': 0}
ID/EX Reg = {'valid': 0, 'pc': 60, 'pc_plus4': 64, 'd': {'instr': 1213075, 'opcode': 19, 'rd': 5, 'funct3': 0, 'rs1': 5, 'rs2': 1, 'funct7': 0, 'imm_I': 1, 'imm_S': 5, 'imm_B': 2052, 'imm_U': 1212416, 'imm_J': 165888}, 'c': {'RegWrite': 1, 'MemRead': 0, 'MemWrite': 0, 'MemToReg': 0, 'ALUSrc': 1, 'Branch': 0, 'Jump': 0, 'JumpReg': 0, 'ALUOp': 'ADD', 'ImmSel': 'I', 'BrType': None, 'IsNOP': 0}, 'imm': 1, 'rs1': 5, 'rs2': 1, 'rd': 5, 'rs1_val': 8, 'rs2_val': 0, 'alu_op': 'ADD'}
EX/MEM Reg = {'valid': 1, 'pc_plus4': 60, 'c': {'RegWrite': 0, 'MemRead': 0, 'MemWrite': 0, 'MemToReg': 0, 'ALUSrc': 0, 'Branch': 1, 'Jump': 0, 'JumpReg': 0, 'ALUOp': 'SUB', 'ImmSel': 'B', 'BrType': 'blt', 'IsNOP': 0}, 'd': {'instr': 4267953891, 'opcode': 99, 'rd': 29, 'funct3': 4, 'rs1': 7, 'rs2': 6, 'funct7': 127, 'imm_I': -26, 'imm_S': -3, 'imm_B': -4, 'imm_U': 4267950080, 'imm_J': -800794}, 'rd': 29, 'alu_res': 4294967288, 'rs2_val_fwd': 10, 'mem_addr': 4294967288, 'branch_taken': 0, 'next_pc': 0, 'wb_val_for_jumps': 60}
MEM/WB Reg = {'valid': 1, 'pc_plus4': 56, 'c': {'RegWrite': 1, 'MemRead': 0, 'MemWrite': 0, 'MemToReg': 0, 'ALUSrc': 1, 'Branch': 0, 'Jump': 0, 'JumpReg': 0, 'ALUOp': 'ADD', 'ImmSel': 'I', 'BrType': None, 'IsNOP': 0}, 'd': {'instr': 1278867, 'opcode': 19, 'rd': 7, 'funct3': 0, 'rs1': 7, 'rs2': 1, 'funct7': 0, 'imm_I': 1, 'imm_S': 7, 'imm_B': 2054, 'imm_U': 1277952, 'imm_J': 231424}, 'rd': 7, 'alu_res': 2, 'mem_data': 0, 'wb_val_for_jumps': 56}

Cycle 402
PC = 56
Stall Flag = False
Flush Flag = False
IF/ID Reg = {'valid': 1, 'pc': 52, 'instr': 1278867}
ID/EX Reg = {'valid': 0, 'pc': 0, 'pc_plus4': 0, 'd': None, 'c': None, 'imm': 0, 'rs1': 0, 'rs2': 0, 'rd': 0, 'rs1_val': 0, 'rs2_val': 0, 'alu_op': 'ADD'}
EX/MEM Reg = {'valid': 0, 'pc_plus4': 0, 'c': None, 'd': None, 'rd': 0, 'alu_res': 0, 'rs2_val_fwd': 0, 'mem_addr': 0, 'branch_taken': 0, 'next_pc': 0, 'wb_val_for_jumps': 0}
MEM/WB Reg = {'valid': 1, 'pc_plus4': 60, 'c': {'RegWrite': 0, 'MemRead': 0, 'MemWrite': 0, 'MemToReg': 0, 'ALUSrc': 0, 'Branch': 1, 'Jump': 0, 'JumpReg': 0, 'ALUOp': 'SUB', 'ImmSel': 'B', 'BrType': 'blt', 'IsNOP': 0}, 'd': {'instr': 4267953891, 'opcode': 99, 'rd': 29, 'funct3': 4, 'rs1': 7, 'rs2': 6, 'funct7': 127, 'imm_I': -26, 'imm_S': -3, 'imm_B': -4, 'imm_U': 4267950080, 'imm_J': -800794}, 'rd': 29, 'alu_res': 4294967288, 'mem_data': 0, 'wb_val_for_jumps': 60}

Cycle 403
PC = 60
Stall Flag = False
Flush Flag = False
IF/ID Reg = {'valid': 1, 'pc': 56, 'instr': 4267953891}
ID/EX Reg = {'valid': 1, 'pc': 52, 'pc_plus4': 56, 'd': {'instr': 1278867, 'opcode': 19, 'rd': 7, 'funct3': 0, 'rs1': 7, 'rs2': 1, 'funct7': 0, 'imm_I': 1, 'imm_S': 7, 'imm_B': 2054, 'imm_U': 1277952, 'imm_J': 231424}, 'c': {'RegWrite': 1, 'MemRead': 0, 'MemWrite': 0, 'MemToReg': 0, 'ALUSrc': 1, 'Branch': 0, 'Jump': 0, 'JumpReg': 0, 'ALUOp': 'ADD', 'ImmSel': 'I', 'BrType': None, 'IsNOP': 0}, 'imm': 1, 'rs1': 7, 'rs2': 1, 'rd': 7, 'rs1_val': 2, 'rs2_val': 0, 'alu_op': 'ADD'}
EX/MEM Reg = {'valid': 0, 'pc_plus4': 0, 'c': None, 'd': None, 'rd': 0, 'alu_res': 0, 'rs2_val_fwd': 0, 'mem_addr': 0, 'branch_taken': 0, 'next_pc': 0, 'wb_val_for_jumps': 0}
MEM/WB Reg = {'valid': 0, 'pc_plus4': 0, 'c': None, 'd': None, 'rd': 0, 'alu_res': 0, 'mem_data': 0, 'wb_val_for_jumps': 0}

Cycle 404
PC = 64
Stall Flag = False
Flush Flag = False
IF/ID Reg = {'valid': 1, 'pc': 60, 'instr': 1213075}
ID/EX Reg = {'valid': 1, 'pc': 56, 'pc_plus4': 60, 'd': {'instr': 4267953891, 'opcode': 99, 'rd': 29, 'funct3': 4, 'rs1': 7, 'rs2': 6, 'funct7': 127, 'imm_I': -26, 'imm_S': -3, 'imm_B': -4, 'imm_U': 4267950080, 'imm_J': -800794}, 'c': {'RegWrite': 0, 'MemRead': 0, 'MemWrite': 0, 'MemToReg': 0, 'ALUSrc': 0, 'Branch': 1, 'Jump': 0, 'JumpReg': 0, 'ALUOp': 'SUB', 'ImmSel': 'B', 'BrType': 'blt', 'IsNOP': 0}, 'imm': -4, 'rs1': 7, 'rs2': 6, 'rd': 29, 'rs1_val': 2, 'rs2_val': 10, 'alu_op': 'SUB'}
EX/MEM Reg = {'valid': 1, 'pc_plus4': 56, 'c': {'RegWrite': 1, 'MemRead': 0, 'MemWrite': 0, 'MemToReg': 0, 'ALUSrc': 1, 'Branch': 0, 'Jump': 0, 'JumpReg': 0, 'ALUOp': 'ADD', 'ImmSel': 'I', 'BrType': None, 'IsNOP': 0}, 'd': {'instr': 1278867, 'opcode': 19, 'rd': 7, 'funct3': 0, 'rs1': 7, 'rs2': 1, 'funct7': 0, 'imm_I': 1, 'imm_S': 7, 'imm_B': 2054, 'imm_U': 1277952, 'imm_J': 231424}, 'rd': 7, 'alu_res': 3, 'rs2_val_fwd': 0, 'mem_addr': 3, 'branch_taken': 0, 'next_pc': 0, 'wb_val_for_jumps': 56}
MEM/WB Reg = {'valid': 0, 'pc_plus4': 0, 'c': None, 'd': None, 'rd': 0, 'alu_res': 0, 'mem_data': 0, 'wb_val_for_jumps': 0}

Cycle 405
PC = 52
Stall Flag = False
Flush Flag = True
IF/ID Reg = {'valid': 0, 'pc': 0, 'instr': 0}
ID/EX Reg = {'valid': 0, 'pc': 60, 'pc_plus4': 64, 'd': {'instr': 1213075, 'opcode': 19, 'rd': 5, 'funct3': 0, 'rs1': 5, 'rs2': 1, 'funct7': 0, 'imm_I': 1, 'imm_S': 5, 'imm_B': 2052, 'imm_U': 1212416, 'imm_J': 165888}, 'c': {'RegWrite': 1, 'MemRead': 0, 'MemWrite': 0, 'MemToReg': 0, 'ALUSrc': 1, 'Branch': 0, 'Jump': 0, 'JumpReg': 0, 'ALUOp': 'ADD', 'ImmSel': 'I', 'BrType': None, 'IsNOP': 0}, 'imm': 1, 'rs1': 5, 'rs2': 1, 'rd': 5, 'rs1_val': 8, 'rs2_val': 0, 'alu_op': 'ADD'}
EX/MEM Reg = {'valid': 1, 'pc_plus4': 60, 'c': {'RegWrite': 0, 'MemRead': 0, 'MemWrite': 0, 'MemToReg': 0, 'ALUSrc': 0, 'Branch': 1, 'Jump': 0, 'JumpReg': 0, 'ALUOp': 'SUB', 'ImmSel': 'B', 'BrType': 'blt', 'IsNOP': 0}, 'd': {'instr': 4267953891, 'opcode': 99, 'rd': 29, 'funct3': 4, 'rs1': 7, 'rs2': 6, 'funct7': 127, 'imm_I': -26, 'imm_S': -3, 'imm_B': -4, 'imm_U': 4267950080, 'imm_J': -800794}, 'rd': 29, 'alu_res': 4294967289, 'rs2_val_fwd': 10, 'mem_addr': 4294967289, 'branch_taken': 0, 'next_pc': 0, 'wb_val_for_jumps': 60}
MEM/WB Reg = {'valid': 1, 'pc_plus4': 56, 'c': {'RegWrite': 1, 'MemRead': 0, 'MemWrite': 0, 'MemToReg': 0, 'ALUSrc': 1, 'Branch': 0, 'Jump': 0, 'JumpReg': 0, 'ALUOp': 'ADD', 'ImmSel': 'I', 'BrType': None, 'IsNOP': 0}, 'd': {'instr': 1278867, 'opcode': 19, 'rd': 7, 'funct3': 0, 'rs1': 7, 'rs2': 1, 'funct7': 0, 'imm_I': 1, 'imm_S': 7, 'imm_B': 2054, 'imm_U': 1277952, 'imm_J': 231424}, 'rd': 7, 'alu_res': 3, 'mem_data': 0, 'wb_val_for_jumps': 56}

Cycle 406
PC = 56
Stall Flag = False
Flush Flag = False
IF/ID Reg = {'valid': 1, 'pc': 52, 'instr': 1278867}
ID/EX Reg = {'valid': 0, 'pc': 0, 'pc_plus4': 0, 'd': None, 'c': None, 'imm': 0, 'rs1': 0, 'rs2': 0, 'rd': 0, 'rs1_val': 0, 'rs2_val': 0, 'alu_op': 'ADD'}
EX/MEM Reg = {'valid': 0, 'pc_plus4': 0, 'c': None, 'd': None, 'rd': 0, 'alu_res': 0, 'rs2_val_fwd': 0, 'mem_addr': 0, 'branch_taken': 0, 'next_pc': 0, 'wb_val_for_jumps': 0}
MEM/WB Reg = {'valid': 1, 'pc_plus4': 60, 'c': {'RegWrite': 0, 'MemRead': 0, 'MemWrite': 0, 'MemToReg': 0, 'ALUSrc': 0, 'Branch': 1, 'Jump': 0, 'JumpReg': 0, 'ALUOp': 'SUB', 'ImmSel': 'B', 'BrType': 'blt', 'IsNOP': 0}, 'd': {'instr': 4267953891, 'opcode': 99, 'rd': 29, 'funct3': 4, 'rs1': 7, 'rs2': 6, 'funct7': 127, 'imm_I': -26, 'imm_S': -3, 'imm_B': -4, 'imm_U': 4267950080, 'imm_J': -800794}, 'rd': 29, 'alu_res': 4294967289, 'mem_data': 0, 'wb_val_for_jumps': 60}

Cycle 407
PC = 60
Stall Flag = False
Flush Flag = False
IF/ID Reg = {'valid': 1, 'pc': 56, 'instr': 4267953891}
ID/EX Reg = {'valid': 1, 'pc': 52, 'pc_plus4': 56, 'd': {'instr': 1278867, 'opcode': 19, 'rd': 7, 'funct3': 0, 'rs1': 7, 'rs2': 1, 'funct7': 0, 'imm_I': 1, 'imm_S': 7, 'imm_B': 2054, 'imm_U': 1277952, 'imm_J': 231424}, 'c': {'RegWrite': 1, 'MemRead': 0, 'MemWrite': 0, 'MemToReg': 0, 'ALUSrc': 1, 'Branch': 0, 'Jump': 0, 'JumpReg': 0, 'ALUOp': 'ADD', 'ImmSel': 'I', 'BrType': None, 'IsNOP': 0}, 'imm': 1, 'rs1': 7, 'rs2': 1, 'rd': 7, 'rs1_val': 3, 'rs2_val': 0, 'alu_op': 'ADD'}
EX/MEM Reg = {'valid': 0, 'pc_plus4': 0, 'c': None, 'd': None, 'rd': 0, 'alu_res': 0, 'rs2_val_fwd': 0, 'mem_addr': 0, 'branch_taken': 0, 'next_pc': 0, 'wb_val_for_jumps': 0}
MEM/WB Reg = {'valid': 0, 'pc_plus4': 0, 'c': None, 'd': None, 'rd': 0, 'alu_res': 0, 'mem_data': 0, 'wb_val_for_jumps': 0}

Cycle 408
PC = 64
Stall Flag = False
Flush Flag = False
IF/ID Reg = {'valid': 1, 'pc': 60, 'instr': 1213075}
ID/EX Reg = {'valid': 1, 'pc': 56, 'pc_plus4': 60, 'd': {'instr': 4267953891, 'opcode': 99, 'rd': 29, 'funct3': 4, 'rs1': 7, 'rs2': 6, 'funct7': 127, 'imm_I': -26, 'imm_S': -3, 'imm_B': -4, 'imm_U': 4267950080, 'imm_J': -800794}, 'c': {'RegWrite': 0, 'MemRead': 0, 'MemWrite': 0, 'MemToReg': 0, 'ALUSrc': 0, 'Branch': 1, 'Jump': 0, 'JumpReg': 0, 'ALUOp': 'SUB', 'ImmSel': 'B', 'BrType': 'blt', 'IsNOP': 0}, 'imm': -4, 'rs1': 7, 'rs2': 6, 'rd': 29, 'rs1_val': 3, 'rs2_val': 10, 'alu_op': 'SUB'}
EX/MEM Reg = {'valid': 1, 'pc_plus4': 56, 'c': {'RegWrite': 1, 'MemRead': 0, 'MemWrite': 0, 'MemToReg': 0, 'ALUSrc': 1, 'Branch': 0, 'Jump': 0, 'JumpReg': 0, 'ALUOp': 'ADD', 'ImmSel': 'I', 'BrType': None, 'IsNOP': 0}, 'd': {'instr': 1278867, 'opcode': 19, 'rd': 7, 'funct3': 0, 'rs1': 7, 'rs2': 1, 'funct7': 0, 'imm_I': 1, 'imm_S': 7, 'imm_B': 2054, 'imm_U': 1277952, 'imm_J': 231424}, 'rd': 7, 'alu_res': 4, 'rs2_val_fwd': 0, 'mem_addr': 4, 'branch_taken': 0, 'next_pc': 0, 'wb_val_for_jumps': 56}
MEM/WB Reg = {'valid': 0, 'pc_plus4': 0, 'c': None, 'd': None, 'rd': 0, 'alu_res': 0, 'mem_data': 0, 'wb_val_for_jumps': 0}

Cycle 409
PC = 52
Stall Flag = False
Flush Flag = True
IF/ID Reg = {'valid': 0, 'pc': 0, 'instr': 0}
ID/EX Reg = {'valid': 0, 'pc': 60, 'pc_plus4': 64, 'd': {'instr': 1213075, 'opcode': 19, 'rd': 5, 'funct3': 0, 'rs1': 5, 'rs2': 1, 'funct7': 0, 'imm_I': 1, 'imm_S': 5, 'imm_B': 2052, 'imm_U': 1212416, 'imm_J': 165888}, 'c': {'RegWrite': 1, 'MemRead': 0, 'MemWrite': 0, 'MemToReg': 0, 'ALUSrc': 1, 'Branch': 0, 'Jump': 0, 'JumpReg': 0, 'ALUOp': 'ADD', 'ImmSel': 'I', 'BrType': None, 'IsNOP': 0}, 'imm': 1, 'rs1': 5, 'rs2': 1, 'rd': 5, 'rs1_val': 8, 'rs2_val': 0, 'alu_op': 'ADD'}
EX/MEM Reg = {'valid': 1, 'pc_plus4': 60, 'c': {'RegWrite': 0, 'MemRead': 0, 'MemWrite': 0, 'MemToReg': 0, 'ALUSrc': 0, 'Branch': 1, 'Jump': 0, 'JumpReg': 0, 'ALUOp': 'SUB', 'ImmSel': 'B', 'BrType': 'blt', 'IsNOP': 0}, 'd': {'instr': 4267953891, 'opcode': 99, 'rd': 29, 'funct3': 4, 'rs1': 7, 'rs2': 6, 'funct7': 127, 'imm_I': -26, 'imm_S': -3, 'imm_B': -4, 'imm_U': 4267950080, 'imm_J': -800794}, 'rd': 29, 'alu_res': 4294967290, 'rs2_val_fwd': 10, 'mem_addr': 4294967290, 'branch_taken': 0, 'next_pc': 0, 'wb_val_for_jumps': 60}
MEM/WB Reg = {'valid': 1, 'pc_plus4': 56, 'c': {'RegWrite': 1, 'MemRead': 0, 'MemWrite': 0, 'MemToReg': 0, 'ALUSrc': 1, 'Branch': 0, 'Jump': 0, 'JumpReg': 0, 'ALUOp': 'ADD', 'ImmSel': 'I', 'BrType': None, 'IsNOP': 0}, 'd': {'instr': 1278867, 'opcode': 19, 'rd': 7, 'funct3': 0, 'rs1': 7, 'rs2': 1, 'funct7': 0, 'imm_I': 1, 'imm_S': 7, 'imm_B': 2054, 'imm_U': 1277952, 'imm_J': 231424}, 'rd': 7, 'alu_res': 4, 'mem_data': 0, 'wb_val_for_jumps': 56}

Cycle 410
PC = 56
Stall Flag = False
Flush Flag = False
IF/ID Reg = {'valid': 1, 'pc': 52, 'instr': 1278867}
ID/EX Reg = {'valid': 0, 'pc': 0, 'pc_plus4': 0, 'd': None, 'c': None, 'imm': 0, 'rs1': 0, 'rs2': 0, 'rd': 0, 'rs1_val': 0, 'rs2_val': 0, 'alu_op': 'ADD'}
EX/MEM Reg = {'valid': 0, 'pc_plus4': 0, 'c': None, 'd': None, 'rd': 0, 'alu_res': 0, 'rs2_val_fwd': 0, 'mem_addr': 0, 'branch_taken': 0, 'next_pc': 0, 'wb_val_for_jumps': 0}
MEM/WB Reg = {'valid': 1, 'pc_plus4': 60, 'c': {'RegWrite': 0, 'MemRead': 0, 'MemWrite': 0, 'MemToReg': 0, 'ALUSrc': 0, 'Branch': 1, 'Jump': 0, 'JumpReg': 0, 'ALUOp': 'SUB', 'ImmSel': 'B', 'BrType': 'blt', 'IsNOP': 0}, 'd': {'instr': 4267953891, 'opcode': 99, 'rd': 29, 'funct3': 4, 'rs1': 7, 'rs2': 6, 'funct7': 127, 'imm_I': -26, 'imm_S': -3, 'imm_B': -4, 'imm_U': 4267950080, 'imm_J': -800794}, 'rd': 29, 'alu_res': 4294967290, 'mem_data': 0, 'wb_val_for_jumps': 60}

Cycle 411
PC = 60
Stall Flag = False
Flush Flag = False
IF/ID Reg = {'valid': 1, 'pc': 56, 'instr': 4267953891}
ID/EX Reg = {'valid': 1, 'pc': 52, 'pc_plus4': 56, 'd': {'instr': 1278867, 'opcode': 19, 'rd': 7, 'funct3': 0, 'rs1': 7, 'rs2': 1, 'funct7': 0, 'imm_I': 1, 'imm_S': 7, 'imm_B': 2054, 'imm_U': 1277952, 'imm_J': 231424}, 'c': {'RegWrite': 1, 'MemRead': 0, 'MemWrite': 0, 'MemToReg': 0, 'ALUSrc': 1, 'Branch': 0, 'Jump': 0, 'JumpReg': 0, 'ALUOp': 'ADD', 'ImmSel': 'I', 'BrType': None, 'IsNOP': 0}, 'imm': 1, 'rs1': 7, 'rs2': 1, 'rd': 7, 'rs1_val': 4, 'rs2_val': 0, 'alu_op': 'ADD'}
EX/MEM Reg = {'valid': 0, 'pc_plus4': 0, 'c': None, 'd': None, 'rd': 0, 'alu_res': 0, 'rs2_val_fwd': 0, 'mem_addr': 0, 'branch_taken': 0, 'next_pc': 0, 'wb_val_for_jumps': 0}
MEM/WB Reg = {'valid': 0, 'pc_plus4': 0, 'c': None, 'd': None, 'rd': 0, 'alu_res': 0, 'mem_data': 0, 'wb_val_for_jumps': 0}

Cycle 412
PC = 64
Stall Flag = False
Flush Flag = False
IF/ID Reg = {'valid': 1, 'pc': 60, 'instr': 1213075}
ID/EX Reg = {'valid': 1, 'pc': 56, 'pc_plus4': 60, 'd': {'instr': 4267953891, 'opcode': 99, 'rd': 29, 'funct3': 4, 'rs1': 7, 'rs2': 6, 'funct7': 127, 'imm_I': -26, 'imm_S': -3, 'imm_B': -4, 'imm_U': 4267950080, 'imm_J': -800794}, 'c': {'RegWrite': 0, 'MemRead': 0, 'MemWrite': 0, 'MemToReg': 0, 'ALUSrc': 0, 'Branch': 1, 'Jump': 0, 'JumpReg': 0, 'ALUOp': 'SUB', 'ImmSel': 'B', 'BrType': 'blt', 'IsNOP': 0}, 'imm': -4, 'rs1': 7, 'rs2': 6, 'rd': 29, 'rs1_val': 4, 'rs2_val': 10, 'alu_op': 'SUB'}
EX/MEM Reg = {'valid': 1, 'pc_plus4': 56, 'c': {'RegWrite': 1, 'MemRead': 0, 'MemWrite': 0, 'MemToReg': 0, 'ALUSrc': 1, 'Branch': 0, 'Jump': 0, 'JumpReg': 0, 'ALUOp': 'ADD', 'ImmSel': 'I', 'BrType': None, 'IsNOP': 0}, 'd': {'instr': 1278867, 'opcode': 19, 'rd': 7, 'funct3': 0, 'rs1': 7, 'rs2': 1, 'funct7': 0, 'imm_I': 1, 'imm_S': 7, 'imm_B': 2054, 'imm_U': 1277952, 'imm_J': 231424}, 'rd': 7, 'alu_res': 5, 'rs2_val_fwd': 0, 'mem_addr': 5, 'branch_taken': 0, 'next_pc': 0, 'wb_val_for_jumps': 56}
MEM/WB Reg = {'valid': 0, 'pc_plus4': 0, 'c': None, 'd': None, 'rd': 0, 'alu_res': 0, 'mem_data': 0, 'wb_val_for_jumps': 0}

Cycle 413
PC = 52
Stall Flag = False
Flush Flag = True
IF/ID Reg = {'valid': 0, 'pc': 0, 'instr': 0}
ID/EX Reg = {'valid': 0, 'pc': 60, 'pc_plus4': 64, 'd': {'instr': 1213075, 'opcode': 19, 'rd': 5, 'funct3': 0, 'rs1': 5, 'rs2': 1, 'funct7': 0, 'imm_I': 1, 'imm_S': 5, 'imm_B': 2052, 'imm_U': 1212416, 'imm_J': 165888}, 'c': {'RegWrite': 1, 'MemRead': 0, 'MemWrite': 0, 'MemToReg': 0, 'ALUSrc': 1, 'Branch': 0, 'Jump': 0, 'JumpReg': 0, 'ALUOp': 'ADD', 'ImmSel': 'I', 'BrType': None, 'IsNOP': 0}, 'imm': 1, 'rs1': 5, 'rs2': 1, 'rd': 5, 'rs1_val': 8, 'rs2_val': 0, 'alu_op': 'ADD'}
EX/MEM Reg = {'valid': 1, 'pc_plus4': 60, 'c': {'RegWrite': 0, 'MemRead': 0, 'MemWrite': 0, 'MemToReg': 0, 'ALUSrc': 0, 'Branch': 1, 'Jump': 0, 'JumpReg': 0, 'ALUOp': 'SUB', 'ImmSel': 'B', 'BrType': 'blt', 'IsNOP': 0}, 'd': {'instr': 4267953891, 'opcode': 99, 'rd': 29, 'funct3': 4, 'rs1': 7, 'rs2': 6, 'funct7': 127, 'imm_I': -26, 'imm_S': -3, 'imm_B': -4, 'imm_U': 4267950080, 'imm_J': -800794}, 'rd': 29, 'alu_res': 4294967291, 'rs2_val_fwd': 10, 'mem_addr': 4294967291, 'branch_taken': 0, 'next_pc': 0, 'wb_val_for_jumps': 60}
MEM/WB Reg = {'valid': 1, 'pc_plus4': 56, 'c': {'RegWrite': 1, 'MemRead': 0, 'MemWrite': 0, 'MemToReg': 0, 'ALUSrc': 1, 'Branch': 0, 'Jump': 0, 'JumpReg': 0, 'ALUOp': 'ADD', 'ImmSel': 'I', 'BrType': None, 'IsNOP': 0}, 'd': {'instr': 1278867, 'opcode': 19, 'rd': 7, 'funct3': 0, 'rs1': 7, 'rs2': 1, 'funct7': 0, 'imm_I': 1, 'imm_S': 7, 'imm_B': 2054, 'imm_U': 1277952, 'imm_J': 231424}, 'rd': 7, 'alu_res': 5, 'mem_data': 0, 'wb_val_for_jumps': 56}

Cycle 414
PC = 56
Stall Flag = False
Flush Flag = False
IF/ID Reg = {'valid': 1, 'pc': 52, 'instr': 1278867}
ID/EX Reg = {'valid': 0, 'pc': 0, 'pc_plus4': 0, 'd': None, 'c': None, 'imm': 0, 'rs1': 0, 'rs2': 0, 'rd': 0, 'rs1_val': 0, 'rs2_val': 0, 'alu_op': 'ADD'}
EX/MEM Reg = {'valid': 0, 'pc_plus4': 0, 'c': None, 'd': None, 'rd': 0, 'alu_res': 0, 'rs2_val_fwd': 0, 'mem_addr': 0, 'branch_taken': 0, 'next_pc': 0, 'wb_val_for_jumps': 0}
MEM/WB Reg = {'valid': 1, 'pc_plus4': 60, 'c': {'RegWrite': 0, 'MemRead': 0, 'MemWrite': 0, 'MemToReg': 0, 'ALUSrc': 0, 'Branch': 1, 'Jump': 0, 'JumpReg': 0, 'ALUOp': 'SUB', 'ImmSel': 'B', 'BrType': 'blt', 'IsNOP': 0}, 'd': {'instr': 4267953891, 'opcode': 99, 'rd': 29, 'funct3': 4, 'rs1': 7, 'rs2': 6, 'funct7': 127, 'imm_I': -26, 'imm_S': -3, 'imm_B': -4, 'imm_U': 4267950080, 'imm_J': -800794}, 'rd': 29, 'alu_res': 4294967291, 'mem_data': 0, 'wb_val_for_jumps': 60}

Cycle 415
PC = 60
Stall Flag = False
Flush Flag = False
IF/ID Reg = {'valid': 1, 'pc': 56, 'instr': 4267953891}
ID/EX Reg = {'valid': 1, 'pc': 52, 'pc_plus4': 56, 'd': {'instr': 1278867, 'opcode': 19, 'rd': 7, 'funct3': 0, 'rs1': 7, 'rs2': 1, 'funct7': 0, 'imm_I': 1, 'imm_S': 7, 'imm_B': 2054, 'imm_U': 1277952, 'imm_J': 231424}, 'c': {'RegWrite': 1, 'MemRead': 0, 'MemWrite': 0, 'MemToReg': 0, 'ALUSrc': 1, 'Branch': 0, 'Jump': 0, 'JumpReg': 0, 'ALUOp': 'ADD', 'ImmSel': 'I', 'BrType': None, 'IsNOP': 0}, 'imm': 1, 'rs1': 7, 'rs2': 1, 'rd': 7, 'rs1_val': 5, 'rs2_val': 0, 'alu_op': 'ADD'}
EX/MEM Reg = {'valid': 0, 'pc_plus4': 0, 'c': None, 'd': None, 'rd': 0, 'alu_res': 0, 'rs2_val_fwd': 0, 'mem_addr': 0, 'branch_taken': 0, 'next_pc': 0, 'wb_val_for_jumps': 0}
MEM/WB Reg = {'valid': 0, 'pc_plus4': 0, 'c': None, 'd': None, 'rd': 0, 'alu_res': 0, 'mem_data': 0, 'wb_val_for_jumps': 0}

Cycle 416
PC = 64
Stall Flag = False
Flush Flag = False
IF/ID Reg = {'valid': 1, 'pc': 60, 'instr': 1213075}
ID/EX Reg = {'valid': 1, 'pc': 56, 'pc_plus4': 60, 'd': {'instr': 4267953891, 'opcode': 99, 'rd': 29, 'funct3': 4, 'rs1': 7, 'rs2': 6, 'funct7': 127, 'imm_I': -26, 'imm_S': -3, 'imm_B': -4, 'imm_U': 4267950080, 'imm_J': -800794}, 'c': {'RegWrite': 0, 'MemRead': 0, 'MemWrite': 0, 'MemToReg': 0, 'ALUSrc': 0, 'Branch': 1, 'Jump': 0, 'JumpReg': 0, 'ALUOp': 'SUB', 'ImmSel': 'B', 'BrType': 'blt', 'IsNOP': 0}, 'imm': -4, 'rs1': 7, 'rs2': 6, 'rd': 29, 'rs1_val': 5, 'rs2_val': 10, 'alu_op': 'SUB'}
EX/MEM Reg = {'valid': 1, 'pc_plus4': 56, 'c': {'RegWrite': 1, 'MemRead': 0, 'MemWrite': 0, 'MemToReg': 0, 'ALUSrc': 1, 'Branch': 0, 'Jump': 0, 'JumpReg': 0, 'ALUOp': 'ADD', 'ImmSel': 'I', 'BrType': None, 'IsNOP': 0}, 'd': {'instr': 1278867, 'opcode': 19, 'rd': 7, 'funct3': 0, 'rs1': 7, 'rs2': 1, 'funct7': 0, 'imm_I': 1, 'imm_S': 7, 'imm_B': 2054, 'imm_U': 1277952, 'imm_J': 231424}, 'rd': 7, 'alu_res': 6, 'rs2_val_fwd': 0, 'mem_addr': 6, 'branch_taken': 0, 'next_pc': 0, 'wb_val_for_jumps': 56}
MEM/WB Reg = {'valid': 0, 'pc_plus4': 0, 'c': None, 'd': None, 'rd': 0, 'alu_res': 0, 'mem_data': 0, 'wb_val_for_jumps': 0}

Cycle 417
PC = 52
Stall Flag = False
Flush Flag = True
IF/ID Reg = {'valid': 0, 'pc': 0, 'instr': 0}
ID/EX Reg = {'valid': 0, 'pc': 60, 'pc_plus4': 64, 'd': {'instr': 1213075, 'opcode': 19, 'rd': 5, 'funct3': 0, 'rs1': 5, 'rs2': 1, 'funct7': 0, 'imm_I': 1, 'imm_S': 5, 'imm_B': 2052, 'imm_U': 1212416, 'imm_J': 165888}, 'c': {'RegWrite': 1, 'MemRead': 0, 'MemWrite': 0, 'MemToReg': 0, 'ALUSrc': 1, 'Branch': 0, 'Jump': 0, 'JumpReg': 0, 'ALUOp': 'ADD', 'ImmSel': 'I', 'BrType': None, 'IsNOP': 0}, 'imm': 1, 'rs1': 5, 'rs2': 1, 'rd': 5, 'rs1_val': 8, 'rs2_val': 0, 'alu_op': 'ADD'}
EX/MEM Reg = {'valid': 1, 'pc_plus4': 60, 'c': {'RegWrite': 0, 'MemRead': 0, 'MemWrite': 0, 'MemToReg': 0, 'ALUSrc': 0, 'Branch': 1, 'Jump': 0, 'JumpReg': 0, 'ALUOp': 'SUB', 'ImmSel': 'B', 'BrType': 'blt', 'IsNOP': 0}, 'd': {'instr': 4267953891, 'opcode': 99, 'rd': 29, 'funct3': 4, 'rs1': 7, 'rs2': 6, 'funct7': 127, 'imm_I': -26, 'imm_S': -3, 'imm_B': -4, 'imm_U': 4267950080, 'imm_J': -800794}, 'rd': 29, 'alu_res': 4294967292, 'rs2_val_fwd': 10, 'mem_addr': 4294967292, 'branch_taken': 0, 'next_pc': 0, 'wb_val_for_jumps': 60}
MEM/WB Reg = {'valid': 1, 'pc_plus4': 56, 'c': {'RegWrite': 1, 'MemRead': 0, 'MemWrite': 0, 'MemToReg': 0, 'ALUSrc': 1, 'Branch': 0, 'Jump': 0, 'JumpReg': 0, 'ALUOp': 'ADD', 'ImmSel': 'I', 'BrType': None, 'IsNOP': 0}, 'd': {'instr': 1278867, 'opcode': 19, 'rd': 7, 'funct3': 0, 'rs1': 7, 'rs2': 1, 'funct7': 0, 'imm_I': 1, 'imm_S': 7, 'imm_B': 2054, 'imm_U': 1277952, 'imm_J': 231424}, 'rd': 7, 'alu_res': 6, 'mem_data': 0, 'wb_val_for_jumps': 56}

Cycle 418
PC = 56
Stall Flag = False
Flush Flag = False
IF/ID Reg = {'valid': 1, 'pc': 52, 'instr': 1278867}
ID/EX Reg = {'valid': 0, 'pc': 0, 'pc_plus4': 0, 'd': None, 'c': None, 'imm': 0, 'rs1': 0, 'rs2': 0, 'rd': 0, 'rs1_val': 0, 'rs2_val': 0, 'alu_op': 'ADD'}
EX/MEM Reg = {'valid': 0, 'pc_plus4': 0, 'c': None, 'd': None, 'rd': 0, 'alu_res': 0, 'rs2_val_fwd': 0, 'mem_addr': 0, 'branch_taken': 0, 'next_pc': 0, 'wb_val_for_jumps': 0}
MEM/WB Reg = {'valid': 1, 'pc_plus4': 60, 'c': {'RegWrite': 0, 'MemRead': 0, 'MemWrite': 0, 'MemToReg': 0, 'ALUSrc': 0, 'Branch': 1, 'Jump': 0, 'JumpReg': 0, 'ALUOp': 'SUB', 'ImmSel': 'B', 'BrType': 'blt', 'IsNOP': 0}, 'd': {'instr': 4267953891, 'opcode': 99, 'rd': 29, 'funct3': 4, 'rs1': 7, 'rs2': 6, 'funct7': 127, 'imm_I': -26, 'imm_S': -3, 'imm_B': -4, 'imm_U': 4267950080, 'imm_J': -800794}, 'rd': 29, 'alu_res': 4294967292, 'mem_data': 0, 'wb_val_for_jumps': 60}

Cycle 419
PC = 60
Stall Flag = False
Flush Flag = False
IF/ID Reg = {'valid': 1, 'pc': 56, 'instr': 4267953891}
ID/EX Reg = {'valid': 1, 'pc': 52, 'pc_plus4': 56, 'd': {'instr': 1278867, 'opcode': 19, 'rd': 7, 'funct3': 0, 'rs1': 7, 'rs2': 1, 'funct7': 0, 'imm_I': 1, 'imm_S': 7, 'imm_B': 2054, 'imm_U': 1277952, 'imm_J': 231424}, 'c': {'RegWrite': 1, 'MemRead': 0, 'MemWrite': 0, 'MemToReg': 0, 'ALUSrc': 1, 'Branch': 0, 'Jump': 0, 'JumpReg': 0, 'ALUOp': 'ADD', 'ImmSel': 'I', 'BrType': None, 'IsNOP': 0}, 'imm': 1, 'rs1': 7, 'rs2': 1, 'rd': 7, 'rs1_val': 6, 'rs2_val': 0, 'alu_op': 'ADD'}
EX/MEM Reg = {'valid': 0, 'pc_plus4': 0, 'c': None, 'd': None, 'rd': 0, 'alu_res': 0, 'rs2_val_fwd': 0, 'mem_addr': 0, 'branch_taken': 0, 'next_pc': 0, 'wb_val_for_jumps': 0}
MEM/WB Reg = {'valid': 0, 'pc_plus4': 0, 'c': None, 'd': None, 'rd': 0, 'alu_res': 0, 'mem_data': 0, 'wb_val_for_jumps': 0}

Cycle 420
PC = 64
Stall Flag = False
Flush Flag = False
IF/ID Reg = {'valid': 1, 'pc': 60, 'instr': 1213075}
ID/EX Reg = {'valid': 1, 'pc': 56, 'pc_plus4': 60, 'd': {'instr': 4267953891, 'opcode': 99, 'rd': 29, 'funct3': 4, 'rs1': 7, 'rs2': 6, 'funct7': 127, 'imm_I': -26, 'imm_S': -3, 'imm_B': -4, 'imm_U': 4267950080, 'imm_J': -800794}, 'c': {'RegWrite': 0, 'MemRead': 0, 'MemWrite': 0, 'MemToReg': 0, 'ALUSrc': 0, 'Branch': 1, 'Jump': 0, 'JumpReg': 0, 'ALUOp': 'SUB', 'ImmSel': 'B', 'BrType': 'blt', 'IsNOP': 0}, 'imm': -4, 'rs1': 7, 'rs2': 6, 'rd': 29, 'rs1_val': 6, 'rs2_val': 10, 'alu_op': 'SUB'}
EX/MEM Reg = {'valid': 1, 'pc_plus4': 56, 'c': {'RegWrite': 1, 'MemRead': 0, 'MemWrite': 0, 'MemToReg': 0, 'ALUSrc': 1, 'Branch': 0, 'Jump': 0, 'JumpReg': 0, 'ALUOp': 'ADD', 'ImmSel': 'I', 'BrType': None, 'IsNOP': 0}, 'd': {'instr': 1278867, 'opcode': 19, 'rd': 7, 'funct3': 0, 'rs1': 7, 'rs2': 1, 'funct7': 0, 'imm_I': 1, 'imm_S': 7, 'imm_B': 2054, 'imm_U': 1277952, 'imm_J': 231424}, 'rd': 7, 'alu_res': 7, 'rs2_val_fwd': 0, 'mem_addr': 7, 'branch_taken': 0, 'next_pc': 0, 'wb_val_for_jumps': 56}
MEM/WB Reg = {'valid': 0, 'pc_plus4': 0, 'c': None, 'd': None, 'rd': 0, 'alu_res': 0, 'mem_data': 0, 'wb_val_for_jumps': 0}

Cycle 421
PC = 52
Stall Flag = False
Flush Flag = True
IF/ID Reg = {'valid': 0, 'pc': 0, 'instr': 0}
ID/EX Reg = {'valid': 0, 'pc': 60, 'pc_plus4': 64, 'd': {'instr': 1213075, 'opcode': 19, 'rd': 5, 'funct3': 0, 'rs1': 5, 'rs2': 1, 'funct7': 0, 'imm_I': 1, 'imm_S': 5, 'imm_B': 2052, 'imm_U': 1212416, 'imm_J': 165888}, 'c': {'RegWrite': 1, 'MemRead': 0, 'MemWrite': 0, 'MemToReg': 0, 'ALUSrc': 1, 'Branch': 0, 'Jump': 0, 'JumpReg': 0, 'ALUOp': 'ADD', 'ImmSel': 'I', 'BrType': None, 'IsNOP': 0}, 'imm': 1, 'rs1': 5, 'rs2': 1, 'rd': 5, 'rs1_val': 8, 'rs2_val': 0, 'alu_op': 'ADD'}
EX/MEM Reg = {'valid': 1, 'pc_plus4': 60, 'c': {'RegWrite': 0, 'MemRead': 0, 'MemWrite': 0, 'MemToReg': 0, 'ALUSrc': 0, 'Branch': 1, 'Jump': 0, 'JumpReg': 0, 'ALUOp': 'SUB', 'ImmSel': 'B', 'BrType': 'blt', 'IsNOP': 0}, 'd': {'instr': 4267953891, 'opcode': 99, 'rd': 29, 'funct3': 4, 'rs1': 7, 'rs2': 6, 'funct7': 127, 'imm_I': -26, 'imm_S': -3, 'imm_B': -4, 'imm_U': 4267950080, 'imm_J': -800794}, 'rd': 29, 'alu_res': 4294967293, 'rs2_val_fwd': 10, 'mem_addr': 4294967293, 'branch_taken': 0, 'next_pc': 0, 'wb_val_for_jumps': 60}
MEM/WB Reg = {'valid': 1, 'pc_plus4': 56, 'c': {'RegWrite': 1, 'MemRead': 0, 'MemWrite': 0, 'MemToReg': 0, 'ALUSrc': 1, 'Branch': 0, 'Jump': 0, 'JumpReg': 0, 'ALUOp': 'ADD', 'ImmSel': 'I', 'BrType': None, 'IsNOP': 0}, 'd': {'instr': 1278867, 'opcode': 19, 'rd': 7, 'funct3': 0, 'rs1': 7, 'rs2': 1, 'funct7': 0, 'imm_I': 1, 'imm_S': 7, 'imm_B': 2054, 'imm_U': 1277952, 'imm_J': 231424}, 'rd': 7, 'alu_res': 7, 'mem_data': 0, 'wb_val_for_jumps': 56}

Cycle 422
PC = 56
Stall Flag = False
Flush Flag = False
IF/ID Reg = {'valid': 1, 'pc': 52, 'instr': 1278867}
ID/EX Reg = {'valid': 0, 'pc': 0, 'pc_plus4': 0, 'd': None, 'c': None, 'imm': 0, 'rs1': 0, 'rs2': 0, 'rd': 0, 'rs1_val': 0, 'rs2_val': 0, 'alu_op': 'ADD'}
EX/MEM Reg = {'valid': 0, 'pc_plus4': 0, 'c': None, 'd': None, 'rd': 0, 'alu_res': 0, 'rs2_val_fwd': 0, 'mem_addr': 0, 'branch_taken': 0, 'next_pc': 0, 'wb_val_for_jumps': 0}
MEM/WB Reg = {'valid': 1, 'pc_plus4': 60, 'c': {'RegWrite': 0, 'MemRead': 0, 'MemWrite': 0, 'MemToReg': 0, 'ALUSrc': 0, 'Branch': 1, 'Jump': 0, 'JumpReg': 0, 'ALUOp': 'SUB', 'ImmSel': 'B', 'BrType': 'blt', 'IsNOP': 0}, 'd': {'instr': 4267953891, 'opcode': 99, 'rd': 29, 'funct3': 4, 'rs1': 7, 'rs2': 6, 'funct7': 127, 'imm_I': -26, 'imm_S': -3, 'imm_B': -4, 'imm_U': 4267950080, 'imm_J': -800794}, 'rd': 29, 'alu_res': 4294967293, 'mem_data': 0, 'wb_val_for_jumps': 60}

Cycle 423
PC = 60
Stall Flag = False
Flush Flag = False
IF/ID Reg = {'valid': 1, 'pc': 56, 'instr': 4267953891}
ID/EX Reg = {'valid': 1, 'pc': 52, 'pc_plus4': 56, 'd': {'instr': 1278867, 'opcode': 19, 'rd': 7, 'funct3': 0, 'rs1': 7, 'rs2': 1, 'funct7': 0, 'imm_I': 1, 'imm_S': 7, 'imm_B': 2054, 'imm_U': 1277952, 'imm_J': 231424}, 'c': {'RegWrite': 1, 'MemRead': 0, 'MemWrite': 0, 'MemToReg': 0, 'ALUSrc': 1, 'Branch': 0, 'Jump': 0, 'JumpReg': 0, 'ALUOp': 'ADD', 'ImmSel': 'I', 'BrType': None, 'IsNOP': 0}, 'imm': 1, 'rs1': 7, 'rs2': 1, 'rd': 7, 'rs1_val': 7, 'rs2_val': 0, 'alu_op': 'ADD'}
EX/MEM Reg = {'valid': 0, 'pc_plus4': 0, 'c': None, 'd': None, 'rd': 0, 'alu_res': 0, 'rs2_val_fwd': 0, 'mem_addr': 0, 'branch_taken': 0, 'next_pc': 0, 'wb_val_for_jumps': 0}
MEM/WB Reg = {'valid': 0, 'pc_plus4': 0, 'c': None, 'd': None, 'rd': 0, 'alu_res': 0, 'mem_data': 0, 'wb_val_for_jumps': 0}

Cycle 424
PC = 64
Stall Flag = False
Flush Flag = False
IF/ID Reg = {'valid': 1, 'pc': 60, 'instr': 1213075}
ID/EX Reg = {'valid': 1, 'pc': 56, 'pc_plus4': 60, 'd': {'instr': 4267953891, 'opcode': 99, 'rd': 29, 'funct3': 4, 'rs1': 7, 'rs2': 6, 'funct7': 127, 'imm_I': -26, 'imm_S': -3, 'imm_B': -4, 'imm_U': 4267950080, 'imm_J': -800794}, 'c': {'RegWrite': 0, 'MemRead': 0, 'MemWrite': 0, 'MemToReg': 0, 'ALUSrc': 0, 'Branch': 1, 'Jump': 0, 'JumpReg': 0, 'ALUOp': 'SUB', 'ImmSel': 'B', 'BrType': 'blt', 'IsNOP': 0}, 'imm': -4, 'rs1': 7, 'rs2': 6, 'rd': 29, 'rs1_val': 7, 'rs2_val': 10, 'alu_op': 'SUB'}
EX/MEM Reg = {'valid': 1, 'pc_plus4': 56, 'c': {'RegWrite': 1, 'MemRead': 0, 'MemWrite': 0, 'MemToReg': 0, 'ALUSrc': 1, 'Branch': 0, 'Jump': 0, 'JumpReg': 0, 'ALUOp': 'ADD', 'ImmSel': 'I', 'BrType': None, 'IsNOP': 0}, 'd': {'instr': 1278867, 'opcode': 19, 'rd': 7, 'funct3': 0, 'rs1': 7, 'rs2': 1, 'funct7': 0, 'imm_I': 1, 'imm_S': 7, 'imm_B': 2054, 'imm_U': 1277952, 'imm_J': 231424}, 'rd': 7, 'alu_res': 8, 'rs2_val_fwd': 0, 'mem_addr': 8, 'branch_taken': 0, 'next_pc': 0, 'wb_val_for_jumps': 56}
MEM/WB Reg = {'valid': 0, 'pc_plus4': 0, 'c': None, 'd': None, 'rd': 0, 'alu_res': 0, 'mem_data': 0, 'wb_val_for_jumps': 0}

Cycle 425
PC = 52
Stall Flag = False
Flush Flag = True
IF/ID Reg = {'valid': 0, 'pc': 0, 'instr': 0}
ID/EX Reg = {'valid': 0, 'pc': 60, 'pc_plus4': 64, 'd': {'instr': 1213075, 'opcode': 19, 'rd': 5, 'funct3': 0, 'rs1': 5, 'rs2': 1, 'funct7': 0, 'imm_I': 1, 'imm_S': 5, 'imm_B': 2052, 'imm_U': 1212416, 'imm_J': 165888}, 'c': {'RegWrite': 1, 'MemRead': 0, 'MemWrite': 0, 'MemToReg': 0, 'ALUSrc': 1, 'Branch': 0, 'Jump': 0, 'JumpReg': 0, 'ALUOp': 'ADD', 'ImmSel': 'I', 'BrType': None, 'IsNOP': 0}, 'imm': 1, 'rs1': 5, 'rs2': 1, 'rd': 5, 'rs1_val': 8, 'rs2_val': 0, 'alu_op': 'ADD'}
EX/MEM Reg = {'valid': 1, 'pc_plus4': 60, 'c': {'RegWrite': 0, 'MemRead': 0, 'MemWrite': 0, 'MemToReg': 0, 'ALUSrc': 0, 'Branch': 1, 'Jump': 0, 'JumpReg': 0, 'ALUOp': 'SUB', 'ImmSel': 'B', 'BrType': 'blt', 'IsNOP': 0}, 'd': {'instr': 4267953891, 'opcode': 99, 'rd': 29, 'funct3': 4, 'rs1': 7, 'rs2': 6, 'funct7': 127, 'imm_I': -26, 'imm_S': -3, 'imm_B': -4, 'imm_U': 4267950080, 'imm_J': -800794}, 'rd': 29, 'alu_res': 4294967294, 'rs2_val_fwd': 10, 'mem_addr': 4294967294, 'branch_taken': 0, 'next_pc': 0, 'wb_val_for_jumps': 60}
MEM/WB Reg = {'valid': 1, 'pc_plus4': 56, 'c': {'RegWrite': 1, 'MemRead': 0, 'MemWrite': 0, 'MemToReg': 0, 'ALUSrc': 1, 'Branch': 0, 'Jump': 0, 'JumpReg': 0, 'ALUOp': 'ADD', 'ImmSel': 'I', 'BrType': None, 'IsNOP': 0}, 'd': {'instr': 1278867, 'opcode': 19, 'rd': 7, 'funct3': 0, 'rs1': 7, 'rs2': 1, 'funct7': 0, 'imm_I': 1, 'imm_S': 7, 'imm_B': 2054, 'imm_U': 1277952, 'imm_J': 231424}, 'rd': 7, 'alu_res': 8, 'mem_data': 0, 'wb_val_for_jumps': 56}

Cycle 426
PC = 56
Stall Flag = False
Flush Flag = False
IF/ID Reg = {'valid': 1, 'pc': 52, 'instr': 1278867}
ID/EX Reg = {'valid': 0, 'pc': 0, 'pc_plus4': 0, 'd': None, 'c': None, 'imm': 0, 'rs1': 0, 'rs2': 0, 'rd': 0, 'rs1_val': 0, 'rs2_val': 0, 'alu_op': 'ADD'}
EX/MEM Reg = {'valid': 0, 'pc_plus4': 0, 'c': None, 'd': None, 'rd': 0, 'alu_res': 0, 'rs2_val_fwd': 0, 'mem_addr': 0, 'branch_taken': 0, 'next_pc': 0, 'wb_val_for_jumps': 0}
MEM/WB Reg = {'valid': 1, 'pc_plus4': 60, 'c': {'RegWrite': 0, 'MemRead': 0, 'MemWrite': 0, 'MemToReg': 0, 'ALUSrc': 0, 'Branch': 1, 'Jump': 0, 'JumpReg': 0, 'ALUOp': 'SUB', 'ImmSel': 'B', 'BrType': 'blt', 'IsNOP': 0}, 'd': {'instr': 4267953891, 'opcode': 99, 'rd': 29, 'funct3': 4, 'rs1': 7, 'rs2': 6, 'funct7': 127, 'imm_I': -26, 'imm_S': -3, 'imm_B': -4, 'imm_U': 4267950080, 'imm_J': -800794}, 'rd': 29, 'alu_res': 4294967294, 'mem_data': 0, 'wb_val_for_jumps': 60}

Cycle 427
PC = 60
Stall Flag = False
Flush Flag = False
IF/ID Reg = {'valid': 1, 'pc': 56, 'instr': 4267953891}
ID/EX Reg = {'valid': 1, 'pc': 52, 'pc_plus4': 56, 'd': {'instr': 1278867, 'opcode': 19, 'rd': 7, 'funct3': 0, 'rs1': 7, 'rs2': 1, 'funct7': 0, 'imm_I': 1, 'imm_S': 7, 'imm_B': 2054, 'imm_U': 1277952, 'imm_J': 231424}, 'c': {'RegWrite': 1, 'MemRead': 0, 'MemWrite': 0, 'MemToReg': 0, 'ALUSrc': 1, 'Branch': 0, 'Jump': 0, 'JumpReg': 0, 'ALUOp': 'ADD', 'ImmSel': 'I', 'BrType': None, 'IsNOP': 0}, 'imm': 1, 'rs1': 7, 'rs2': 1, 'rd': 7, 'rs1_val': 8, 'rs2_val': 0, 'alu_op': 'ADD'}
EX/MEM Reg = {'valid': 0, 'pc_plus4': 0, 'c': None, 'd': None, 'rd': 0, 'alu_res': 0, 'rs2_val_fwd': 0, 'mem_addr': 0, 'branch_taken': 0, 'next_pc': 0, 'wb_val_for_jumps': 0}
MEM/WB Reg = {'valid': 0, 'pc_plus4': 0, 'c': None, 'd': None, 'rd': 0, 'alu_res': 0, 'mem_data': 0, 'wb_val_for_jumps': 0}

Cycle 428
PC = 64
Stall Flag = False
Flush Flag = False
IF/ID Reg = {'valid': 1, 'pc': 60, 'instr': 1213075}
ID/EX Reg = {'valid': 1, 'pc': 56, 'pc_plus4': 60, 'd': {'instr': 4267953891, 'opcode': 99, 'rd': 29, 'funct3': 4, 'rs1': 7, 'rs2': 6, 'funct7': 127, 'imm_I': -26, 'imm_S': -3, 'imm_B': -4, 'imm_U': 4267950080, 'imm_J': -800794}, 'c': {'RegWrite': 0, 'MemRead': 0, 'MemWrite': 0, 'MemToReg': 0, 'ALUSrc': 0, 'Branch': 1, 'Jump': 0, 'JumpReg': 0, 'ALUOp': 'SUB', 'ImmSel': 'B', 'BrType': 'blt', 'IsNOP': 0}, 'imm': -4, 'rs1': 7, 'rs2': 6, 'rd': 29, 'rs1_val': 8, 'rs2_val': 10, 'alu_op': 'SUB'}
EX/MEM Reg = {'valid': 1, 'pc_plus4': 56, 'c': {'RegWrite': 1, 'MemRead': 0, 'MemWrite': 0, 'MemToReg': 0, 'ALUSrc': 1, 'Branch': 0, 'Jump': 0, 'JumpReg': 0, 'ALUOp': 'ADD', 'ImmSel': 'I', 'BrType': None, 'IsNOP': 0}, 'd': {'instr': 1278867, 'opcode': 19, 'rd': 7, 'funct3': 0, 'rs1': 7, 'rs2': 1, 'funct7': 0, 'imm_I': 1, 'imm_S': 7, 'imm_B': 2054, 'imm_U': 1277952, 'imm_J': 231424}, 'rd': 7, 'alu_res': 9, 'rs2_val_fwd': 0, 'mem_addr': 9, 'branch_taken': 0, 'next_pc': 0, 'wb_val_for_jumps': 56}
MEM/WB Reg = {'valid': 0, 'pc_plus4': 0, 'c': None, 'd': None, 'rd': 0, 'alu_res': 0, 'mem_data': 0, 'wb_val_for_jumps': 0}

Cycle 429
PC = 52
Stall Flag = False
Flush Flag = True
IF/ID Reg = {'valid': 0, 'pc': 0, 'instr': 0}
ID/EX Reg = {'valid': 0, 'pc': 60, 'pc_plus4': 64, 'd': {'instr': 1213075, 'opcode': 19, 'rd': 5, 'funct3': 0, 'rs1': 5, 'rs2': 1, 'funct7': 0, 'imm_I': 1, 'imm_S': 5, 'imm_B': 2052, 'imm_U': 1212416, 'imm_J': 165888}, 'c': {'RegWrite': 1, 'MemRead': 0, 'MemWrite': 0, 'MemToReg': 0, 'ALUSrc': 1, 'Branch': 0, 'Jump': 0, 'JumpReg': 0, 'ALUOp': 'ADD', 'ImmSel': 'I', 'BrType': None, 'IsNOP': 0}, 'imm': 1, 'rs1': 5, 'rs2': 1, 'rd': 5, 'rs1_val': 8, 'rs2_val': 0, 'alu_op': 'ADD'}
EX/MEM Reg = {'valid': 1, 'pc_plus4': 60, 'c': {'RegWrite': 0, 'MemRead': 0, 'MemWrite': 0, 'MemToReg': 0, 'ALUSrc': 0, 'Branch': 1, 'Jump': 0, 'JumpReg': 0, 'ALUOp': 'SUB', 'ImmSel': 'B', 'BrType': 'blt', 'IsNOP': 0}, 'd': {'instr': 4267953891, 'opcode': 99, 'rd': 29, 'funct3': 4, 'rs1': 7, 'rs2': 6, 'funct7': 127, 'imm_I': -26, 'imm_S': -3, 'imm_B': -4, 'imm_U': 4267950080, 'imm_J': -800794}, 'rd': 29, 'alu_res': 4294967295, 'rs2_val_fwd': 10, 'mem_addr': 4294967295, 'branch_taken': 0, 'next_pc': 0, 'wb_val_for_jumps': 60}
MEM/WB Reg = {'valid': 1, 'pc_plus4': 56, 'c': {'RegWrite': 1, 'MemRead': 0, 'MemWrite': 0, 'MemToReg': 0, 'ALUSrc': 1, 'Branch': 0, 'Jump': 0, 'JumpReg': 0, 'ALUOp': 'ADD', 'ImmSel': 'I', 'BrType': None, 'IsNOP': 0}, 'd': {'instr': 1278867, 'opcode': 19, 'rd': 7, 'funct3': 0, 'rs1': 7, 'rs2': 1, 'funct7': 0, 'imm_I': 1, 'imm_S': 7, 'imm_B': 2054, 'imm_U': 1277952, 'imm_J': 231424}, 'rd': 7, 'alu_res': 9, 'mem_data': 0, 'wb_val_for_jumps': 56}

Cycle 430
PC = 56
Stall Flag = False
Flush Flag = False
IF/ID Reg = {'valid': 1, 'pc': 52, 'instr': 1278867}
ID/EX Reg = {'valid': 0, 'pc': 0, 'pc_plus4': 0, 'd': None, 'c': None, 'imm': 0, 'rs1': 0, 'rs2': 0, 'rd': 0, 'rs1_val': 0, 'rs2_val': 0, 'alu_op': 'ADD'}
EX/MEM Reg = {'valid': 0, 'pc_plus4': 0, 'c': None, 'd': None, 'rd': 0, 'alu_res': 0, 'rs2_val_fwd': 0, 'mem_addr': 0, 'branch_taken': 0, 'next_pc': 0, 'wb_val_for_jumps': 0}
MEM/WB Reg = {'valid': 1, 'pc_plus4': 60, 'c': {'RegWrite': 0, 'MemRead': 0, 'MemWrite': 0, 'MemToReg': 0, 'ALUSrc': 0, 'Branch': 1, 'Jump': 0, 'JumpReg': 0, 'ALUOp': 'SUB', 'ImmSel': 'B', 'BrType': 'blt', 'IsNOP': 0}, 'd': {'instr': 4267953891, 'opcode': 99, 'rd': 29, 'funct3': 4, 'rs1': 7, 'rs2': 6, 'funct7': 127, 'imm_I': -26, 'imm_S': -3, 'imm_B': -4, 'imm_U': 4267950080, 'imm_J': -800794}, 'rd': 29, 'alu_res': 4294967295, 'mem_data': 0, 'wb_val_for_jumps': 60}

Cycle 431
PC = 60
Stall Flag = False
Flush Flag = False
IF/ID Reg = {'valid': 1, 'pc': 56, 'instr': 4267953891}
ID/EX Reg = {'valid': 1, 'pc': 52, 'pc_plus4': 56, 'd': {'instr': 1278867, 'opcode': 19, 'rd': 7, 'funct3': 0, 'rs1': 7, 'rs2': 1, 'funct7': 0, 'imm_I': 1, 'imm_S': 7, 'imm_B': 2054, 'imm_U': 1277952, 'imm_J': 231424}, 'c': {'RegWrite': 1, 'MemRead': 0, 'MemWrite': 0, 'MemToReg': 0, 'ALUSrc': 1, 'Branch': 0, 'Jump': 0, 'JumpReg': 0, 'ALUOp': 'ADD', 'ImmSel': 'I', 'BrType': None, 'IsNOP': 0}, 'imm': 1, 'rs1': 7, 'rs2': 1, 'rd': 7, 'rs1_val': 9, 'rs2_val': 0, 'alu_op': 'ADD'}
EX/MEM Reg = {'valid': 0, 'pc_plus4': 0, 'c': None, 'd': None, 'rd': 0, 'alu_res': 0, 'rs2_val_fwd': 0, 'mem_addr': 0, 'branch_taken': 0, 'next_pc': 0, 'wb_val_for_jumps': 0}
MEM/WB Reg = {'valid': 0, 'pc_plus4': 0, 'c': None, 'd': None, 'rd': 0, 'alu_res': 0, 'mem_data': 0, 'wb_val_for_jumps': 0}

Cycle 432
PC = 64
Stall Flag = False
Flush Flag = False
IF/ID Reg = {'valid': 1, 'pc': 60, 'instr': 1213075}
ID/EX Reg = {'valid': 1, 'pc': 56, 'pc_plus4': 60, 'd': {'instr': 4267953891, 'opcode': 99, 'rd': 29, 'funct3': 4, 'rs1': 7, 'rs2': 6, 'funct7': 127, 'imm_I': -26, 'imm_S': -3, 'imm_B': -4, 'imm_U': 4267950080, 'imm_J': -800794}, 'c': {'RegWrite': 0, 'MemRead': 0, 'MemWrite': 0, 'MemToReg': 0, 'ALUSrc': 0, 'Branch': 1, 'Jump': 0, 'JumpReg': 0, 'ALUOp': 'SUB', 'ImmSel': 'B', 'BrType': 'blt', 'IsNOP': 0}, 'imm': -4, 'rs1': 7, 'rs2': 6, 'rd': 29, 'rs1_val': 9, 'rs2_val': 10, 'alu_op': 'SUB'}
EX/MEM Reg = {'valid': 1, 'pc_plus4': 56, 'c': {'RegWrite': 1, 'MemRead': 0, 'MemWrite': 0, 'MemToReg': 0, 'ALUSrc': 1, 'Branch': 0, 'Jump': 0, 'JumpReg': 0, 'ALUOp': 'ADD', 'ImmSel': 'I', 'BrType': None, 'IsNOP': 0}, 'd': {'instr': 1278867, 'opcode': 19, 'rd': 7, 'funct3': 0, 'rs1': 7, 'rs2': 1, 'funct7': 0, 'imm_I': 1, 'imm_S': 7, 'imm_B': 2054, 'imm_U': 1277952, 'imm_J': 231424}, 'rd': 7, 'alu_res': 10, 'rs2_val_fwd': 0, 'mem_addr': 10, 'branch_taken': 0, 'next_pc': 0, 'wb_val_for_jumps': 56}
MEM/WB Reg = {'valid': 0, 'pc_plus4': 0, 'c': None, 'd': None, 'rd': 0, 'alu_res': 0, 'mem_data': 0, 'wb_val_for_jumps': 0}

Cycle 433
PC = 68
Stall Flag = False
Flush Flag = False
IF/ID Reg = {'valid': 1, 'pc': 64, 'instr': 4267886819}
ID/EX Reg = {'valid': 1, 'pc': 60, 'pc_plus4': 64, 'd': {'instr': 1213075, 'opcode': 19, 'rd': 5, 'funct3': 0, 'rs1': 5, 'rs2': 1, 'funct7': 0, 'imm_I': 1, 'imm_S': 5, 'imm_B': 2052, 'imm_U': 1212416, 'imm_J': 165888}, 'c': {'RegWrite': 1, 'MemRead': 0, 'MemWrite': 0, 'MemToReg': 0, 'ALUSrc': 1, 'Branch': 0, 'Jump': 0, 'JumpReg': 0, 'ALUOp': 'ADD', 'ImmSel': 'I', 'BrType': None, 'IsNOP': 0}, 'imm': 1, 'rs1': 5, 'rs2': 1, 'rd': 5, 'rs1_val': 8, 'rs2_val': 0, 'alu_op': 'ADD'}
EX/MEM Reg = {'valid': 1, 'pc_plus4': 60, 'c': {'RegWrite': 0, 'MemRead': 0, 'MemWrite': 0, 'MemToReg': 0, 'ALUSrc': 0, 'Branch': 1, 'Jump': 0, 'JumpReg': 0, 'ALUOp': 'SUB', 'ImmSel': 'B', 'BrType': 'blt', 'IsNOP': 0}, 'd': {'instr': 4267953891, 'opcode': 99, 'rd': 29, 'funct3': 4, 'rs1': 7, 'rs2': 6, 'funct7': 127, 'imm_I': -26, 'imm_S': -3, 'imm_B': -4, 'imm_U': 4267950080, 'imm_J': -800794}, 'rd': 29, 'alu_res': 0, 'rs2_val_fwd': 10, 'mem_addr': 0, 'branch_taken': 0, 'next_pc': 0, 'wb_val_for_jumps': 60}
MEM/WB Reg = {'valid': 1, 'pc_plus4': 56, 'c': {'RegWrite': 1, 'MemRead': 0, 'MemWrite': 0, 'MemToReg': 0, 'ALUSrc': 1, 'Branch': 0, 'Jump': 0, 'JumpReg': 0, 'ALUOp': 'ADD', 'ImmSel': 'I', 'BrType': None, 'IsNOP': 0}, 'd': {'instr': 1278867, 'opcode': 19, 'rd': 7, 'funct3': 0, 'rs1': 7, 'rs2': 1, 'funct7': 0, 'imm_I': 1, 'imm_S': 7, 'imm_B': 2054, 'imm_U': 1277952, 'imm_J': 231424}, 'rd': 7, 'alu_res': 10, 'mem_data': 0, 'wb_val_for_jumps': 56}

Cycle 434
PC = 72
Stall Flag = False
Flush Flag = False
IF/ID Reg = {'valid': 1, 'pc': 68, 'instr': 1049235}
ID/EX Reg = {'valid': 1, 'pc': 64, 'pc_plus4': 68, 'd': {'instr': 4267886819, 'opcode': 99, 'rd': 17, 'funct3': 4, 'rs1': 5, 'rs2': 6, 'funct7': 127, 'imm_I': -26, 'imm_S': -15, 'imm_B': -16, 'imm_U': 4267884544, 'imm_J': -866330}, 'c': {'RegWrite': 0, 'MemRead': 0, 'MemWrite': 0, 'MemToReg': 0, 'ALUSrc': 0, 'Branch': 1, 'Jump': 0, 'JumpReg': 0, 'ALUOp': 'SUB', 'ImmSel': 'B', 'BrType': 'blt', 'IsNOP': 0}, 'imm': -16, 'rs1': 5, 'rs2': 6, 'rd': 17, 'rs1_val': 8, 'rs2_val': 10, 'alu_op': 'SUB'}
EX/MEM Reg = {'valid': 1, 'pc_plus4': 64, 'c': {'RegWrite': 1, 'MemRead': 0, 'MemWrite': 0, 'MemToReg': 0, 'ALUSrc': 1, 'Branch': 0, 'Jump': 0, 'JumpReg': 0, 'ALUOp': 'ADD', 'ImmSel': 'I', 'BrType': None, 'IsNOP': 0}, 'd': {'instr': 1213075, 'opcode': 19, 'rd': 5, 'funct3': 0, 'rs1': 5, 'rs2': 1, 'funct7': 0, 'imm_I': 1, 'imm_S': 5, 'imm_B': 2052, 'imm_U': 1212416, 'imm_J': 165888}, 'rd': 5, 'alu_res': 9, 'rs2_val_fwd': 0, 'mem_addr': 9, 'branch_taken': 0, 'next_pc': 0, 'wb_val_for_jumps': 64}
MEM/WB Reg = {'valid': 1, 'pc_plus4': 60, 'c': {'RegWrite': 0, 'MemRead': 0, 'MemWrite': 0, 'MemToReg': 0, 'ALUSrc': 0, 'Branch': 1, 'Jump': 0, 'JumpReg': 0, 'ALUOp': 'SUB', 'ImmSel': 'B', 'BrType': 'blt', 'IsNOP': 0}, 'd': {'instr': 4267953891, 'opcode': 99, 'rd': 29, 'funct3': 4, 'rs1': 7, 'rs2': 6, 'funct7': 127, 'imm_I': -26, 'imm_S': -3, 'imm_B': -4, 'imm_U': 4267950080, 'imm_J': -800794}, 'rd': 29, 'alu_res': 0, 'mem_data': 0, 'wb_val_for_jumps': 60}

Cycle 435
PC = 48
Stall Flag = False
Flush Flag = True
IF/ID Reg = {'valid': 0, 'pc': 0, 'instr': 0}
ID/EX Reg = {'valid': 0, 'pc': 68, 'pc_plus4': 72, 'd': {'instr': 1049235, 'opcode': 19, 'rd': 5, 'funct3': 0, 'rs1': 0, 'rs2': 1, 'funct7': 0, 'imm_I': 1, 'imm_S': 5, 'imm_B': 2052, 'imm_U': 1048576, 'imm_J': 2048}, 'c': {'RegWrite': 1, 'MemRead': 0, 'MemWrite': 0, 'MemToReg': 0, 'ALUSrc': 1, 'Branch': 0, 'Jump': 0, 'JumpReg': 0, 'ALUOp': 'ADD', 'ImmSel': 'I', 'BrType': None, 'IsNOP': 0}, 'imm': 1, 'rs1': 0, 'rs2': 1, 'rd': 5, 'rs1_val': 0, 'rs2_val': 0, 'alu_op': 'ADD'}
EX/MEM Reg = {'valid': 1, 'pc_plus4': 68, 'c': {'RegWrite': 0, 'MemRead': 0, 'MemWrite': 0, 'MemToReg': 0, 'ALUSrc': 0, 'Branch': 1, 'Jump': 0, 'JumpReg': 0, 'ALUOp': 'SUB', 'ImmSel': 'B', 'BrType': 'blt', 'IsNOP': 0}, 'd': {'instr': 4267886819, 'opcode': 99, 'rd': 17, 'funct3': 4, 'rs1': 5, 'rs2': 6, 'funct7': 127, 'imm_I': -26, 'imm_S': -15, 'imm_B': -16, 'imm_U': 4267884544, 'imm_J': -866330}, 'rd': 17, 'alu_res': 4294967295, 'rs2_val_fwd': 10, 'mem_addr': 4294967295, 'branch_taken': 0, 'next_pc': 0, 'wb_val_for_jumps': 68}
MEM/WB Reg = {'valid': 1, 'pc_plus4': 64, 'c': {'RegWrite': 1, 'MemRead': 0, 'MemWrite': 0, 'MemToReg': 0, 'ALUSrc': 1, 'Branch': 0, 'Jump': 0, 'JumpReg': 0, 'ALUOp': 'ADD', 'ImmSel': 'I', 'BrType': None, 'IsNOP': 0}, 'd': {'instr': 1213075, 'opcode': 19, 'rd': 5, 'funct3': 0, 'rs1': 5, 'rs2': 1, 'funct7': 0, 'imm_I': 1, 'imm_S': 5, 'imm_B': 2052, 'imm_U': 1212416, 'imm_J': 165888}, 'rd': 5, 'alu_res': 9, 'mem_data': 0, 'wb_val_for_jumps': 64}

Cycle 436
PC = 52
Stall Flag = False
Flush Flag = False
IF/ID Reg = {'valid': 1, 'pc': 48, 'instr': 915}
ID/EX Reg = {'valid': 0, 'pc': 0, 'pc_plus4': 0, 'd': None, 'c': None, 'imm': 0, 'rs1': 0, 'rs2': 0, 'rd': 0, 'rs1_val': 0, 'rs2_val': 0, 'alu_op': 'ADD'}
EX/MEM Reg = {'valid': 0, 'pc_plus4': 0, 'c': None, 'd': None, 'rd': 0, 'alu_res': 0, 'rs2_val_fwd': 0, 'mem_addr': 0, 'branch_taken': 0, 'next_pc': 0, 'wb_val_for_jumps': 0}
MEM/WB Reg = {'valid': 1, 'pc_plus4': 68, 'c': {'RegWrite': 0, 'MemRead': 0, 'MemWrite': 0, 'MemToReg': 0, 'ALUSrc': 0, 'Branch': 1, 'Jump': 0, 'JumpReg': 0, 'ALUOp': 'SUB', 'ImmSel': 'B', 'BrType': 'blt', 'IsNOP': 0}, 'd': {'instr': 4267886819, 'opcode': 99, 'rd': 17, 'funct3': 4, 'rs1': 5, 'rs2': 6, 'funct7': 127, 'imm_I': -26, 'imm_S': -15, 'imm_B': -16, 'imm_U': 4267884544, 'imm_J': -866330}, 'rd': 17, 'alu_res': 4294967295, 'mem_data': 0, 'wb_val_for_jumps': 68}

Cycle 437
PC = 56
Stall Flag = False
Flush Flag = False
IF/ID Reg = {'valid': 1, 'pc': 52, 'instr': 1278867}
ID/EX Reg = {'valid': 1, 'pc': 48, 'pc_plus4': 52, 'd': {'instr': 915, 'opcode': 19, 'rd': 7, 'funct3': 0, 'rs1': 0, 'rs2': 0, 'funct7': 0, 'imm_I': 0, 'imm_S': 7, 'imm_B': 2054, 'imm_U': 0, 'imm_J': 0}, 'c': {'RegWrite': 1, 'MemRead': 0, 'MemWrite': 0, 'MemToReg': 0, 'ALUSrc': 1, 'Branch': 0, 'Jump': 0, 'JumpReg': 0, 'ALUOp': 'ADD', 'ImmSel': 'I', 'BrType': None, 'IsNOP': 0}, 'imm': 0, 'rs1': 0, 'rs2': 0, 'rd': 7, 'rs1_val': 0, 'rs2_val': 0, 'alu_op': 'ADD'}
EX/MEM Reg = {'valid': 0, 'pc_plus4': 0, 'c': None, 'd': None, 'rd': 0, 'alu_res': 0, 'rs2_val_fwd': 0, 'mem_addr': 0, 'branch_taken': 0, 'next_pc': 0, 'wb_val_for_jumps': 0}
MEM/WB Reg = {'valid': 0, 'pc_plus4': 0, 'c': None, 'd': None, 'rd': 0, 'alu_res': 0, 'mem_data': 0, 'wb_val_for_jumps': 0}

Cycle 438
PC = 60
Stall Flag = False
Flush Flag = False
IF/ID Reg = {'valid': 1, 'pc': 56, 'instr': 4267953891}
ID/EX Reg = {'valid': 1, 'pc': 52, 'pc_plus4': 56, 'd': {'instr': 1278867, 'opcode': 19, 'rd': 7, 'funct3': 0, 'rs1': 7, 'rs2': 1, 'funct7': 0, 'imm_I': 1, 'imm_S': 7, 'imm_B': 2054, 'imm_U': 1277952, 'imm_J': 231424}, 'c': {'RegWrite': 1, 'MemRead': 0, 'MemWrite': 0, 'MemToReg': 0, 'ALUSrc': 1, 'Branch': 0, 'Jump': 0, 'JumpReg': 0, 'ALUOp': 'ADD', 'ImmSel': 'I', 'BrType': None, 'IsNOP': 0}, 'imm': 1, 'rs1': 7, 'rs2': 1, 'rd': 7, 'rs1_val': 10, 'rs2_val': 0, 'alu_op': 'ADD'}
EX/MEM Reg = {'valid': 1, 'pc_plus4': 52, 'c': {'RegWrite': 1, 'MemRead': 0, 'MemWrite': 0, 'MemToReg': 0, 'ALUSrc': 1, 'Branch': 0, 'Jump': 0, 'JumpReg': 0, 'ALUOp': 'ADD', 'ImmSel': 'I', 'BrType': None, 'IsNOP': 0}, 'd': {'instr': 915, 'opcode': 19, 'rd': 7, 'funct3': 0, 'rs1': 0, 'rs2': 0, 'funct7': 0, 'imm_I': 0, 'imm_S': 7, 'imm_B': 2054, 'imm_U': 0, 'imm_J': 0}, 'rd': 7, 'alu_res': 0, 'rs2_val_fwd': 0, 'mem_addr': 0, 'branch_taken': 0, 'next_pc': 0, 'wb_val_for_jumps': 52}
MEM/WB Reg = {'valid': 0, 'pc_plus4': 0, 'c': None, 'd': None, 'rd': 0, 'alu_res': 0, 'mem_data': 0, 'wb_val_for_jumps': 0}

Cycle 439
PC = 64
Stall Flag = False
Flush Flag = False
IF/ID Reg = {'valid': 1, 'pc': 60, 'instr': 1213075}
ID/EX Reg = {'valid': 1, 'pc': 56, 'pc_plus4': 60, 'd': {'instr': 4267953891, 'opcode': 99, 'rd': 29, 'funct3': 4, 'rs1': 7, 'rs2': 6, 'funct7': 127, 'imm_I': -26, 'imm_S': -3, 'imm_B': -4, 'imm_U': 4267950080, 'imm_J': -800794}, 'c': {'RegWrite': 0, 'MemRead': 0, 'MemWrite': 0, 'MemToReg': 0, 'ALUSrc': 0, 'Branch': 1, 'Jump': 0, 'JumpReg': 0, 'ALUOp': 'SUB', 'ImmSel': 'B', 'BrType': 'blt', 'IsNOP': 0}, 'imm': -4, 'rs1': 7, 'rs2': 6, 'rd': 29, 'rs1_val': 10, 'rs2_val': 10, 'alu_op': 'SUB'}
EX/MEM Reg = {'valid': 1, 'pc_plus4': 56, 'c': {'RegWrite': 1, 'MemRead': 0, 'MemWrite': 0, 'MemToReg': 0, 'ALUSrc': 1, 'Branch': 0, 'Jump': 0, 'JumpReg': 0, 'ALUOp': 'ADD', 'ImmSel': 'I', 'BrType': None, 'IsNOP': 0}, 'd': {'instr': 1278867, 'opcode': 19, 'rd': 7, 'funct3': 0, 'rs1': 7, 'rs2': 1, 'funct7': 0, 'imm_I': 1, 'imm_S': 7, 'imm_B': 2054, 'imm_U': 1277952, 'imm_J': 231424}, 'rd': 7, 'alu_res': 1, 'rs2_val_fwd': 0, 'mem_addr': 1, 'branch_taken': 0, 'next_pc': 0, 'wb_val_for_jumps': 56}
MEM/WB Reg = {'valid': 1, 'pc_plus4': 52, 'c': {'RegWrite': 1, 'MemRead': 0, 'MemWrite': 0, 'MemToReg': 0, 'ALUSrc': 1, 'Branch': 0, 'Jump': 0, 'JumpReg': 0, 'ALUOp': 'ADD', 'ImmSel': 'I', 'BrType': None, 'IsNOP': 0}, 'd': {'instr': 915, 'opcode': 19, 'rd': 7, 'funct3': 0, 'rs1': 0, 'rs2': 0, 'funct7': 0, 'imm_I': 0, 'imm_S': 7, 'imm_B': 2054, 'imm_U': 0, 'imm_J': 0}, 'rd': 7, 'alu_res': 0, 'mem_data': 0, 'wb_val_for_jumps': 52}

Cycle 440
PC = 52
Stall Flag = False
Flush Flag = True
IF/ID Reg = {'valid': 0, 'pc': 0, 'instr': 0}
ID/EX Reg = {'valid': 0, 'pc': 60, 'pc_plus4': 64, 'd': {'instr': 1213075, 'opcode': 19, 'rd': 5, 'funct3': 0, 'rs1': 5, 'rs2': 1, 'funct7': 0, 'imm_I': 1, 'imm_S': 5, 'imm_B': 2052, 'imm_U': 1212416, 'imm_J': 165888}, 'c': {'RegWrite': 1, 'MemRead': 0, 'MemWrite': 0, 'MemToReg': 0, 'ALUSrc': 1, 'Branch': 0, 'Jump': 0, 'JumpReg': 0, 'ALUOp': 'ADD', 'ImmSel': 'I', 'BrType': None, 'IsNOP': 0}, 'imm': 1, 'rs1': 5, 'rs2': 1, 'rd': 5, 'rs1_val': 9, 'rs2_val': 0, 'alu_op': 'ADD'}
EX/MEM Reg = {'valid': 1, 'pc_plus4': 60, 'c': {'RegWrite': 0, 'MemRead': 0, 'MemWrite': 0, 'MemToReg': 0, 'ALUSrc': 0, 'Branch': 1, 'Jump': 0, 'JumpReg': 0, 'ALUOp': 'SUB', 'ImmSel': 'B', 'BrType': 'blt', 'IsNOP': 0}, 'd': {'instr': 4267953891, 'opcode': 99, 'rd': 29, 'funct3': 4, 'rs1': 7, 'rs2': 6, 'funct7': 127, 'imm_I': -26, 'imm_S': -3, 'imm_B': -4, 'imm_U': 4267950080, 'imm_J': -800794}, 'rd': 29, 'alu_res': 4294967287, 'rs2_val_fwd': 10, 'mem_addr': 4294967287, 'branch_taken': 0, 'next_pc': 0, 'wb_val_for_jumps': 60}
MEM/WB Reg = {'valid': 1, 'pc_plus4': 56, 'c': {'RegWrite': 1, 'MemRead': 0, 'MemWrite': 0, 'MemToReg': 0, 'ALUSrc': 1, 'Branch': 0, 'Jump': 0, 'JumpReg': 0, 'ALUOp': 'ADD', 'ImmSel': 'I', 'BrType': None, 'IsNOP': 0}, 'd': {'instr': 1278867, 'opcode': 19, 'rd': 7, 'funct3': 0, 'rs1': 7, 'rs2': 1, 'funct7': 0, 'imm_I': 1, 'imm_S': 7, 'imm_B': 2054, 'imm_U': 1277952, 'imm_J': 231424}, 'rd': 7, 'alu_res': 1, 'mem_data': 0, 'wb_val_for_jumps': 56}

Cycle 441
PC = 56
Stall Flag = False
Flush Flag = False
IF/ID Reg = {'valid': 1, 'pc': 52, 'instr': 1278867}
ID/EX Reg = {'valid': 0, 'pc': 0, 'pc_plus4': 0, 'd': None, 'c': None, 'imm': 0, 'rs1': 0, 'rs2': 0, 'rd': 0, 'rs1_val': 0, 'rs2_val': 0, 'alu_op': 'ADD'}
EX/MEM Reg = {'valid': 0, 'pc_plus4': 0, 'c': None, 'd': None, 'rd': 0, 'alu_res': 0, 'rs2_val_fwd': 0, 'mem_addr': 0, 'branch_taken': 0, 'next_pc': 0, 'wb_val_for_jumps': 0}
MEM/WB Reg = {'valid': 1, 'pc_plus4': 60, 'c': {'RegWrite': 0, 'MemRead': 0, 'MemWrite': 0, 'MemToReg': 0, 'ALUSrc': 0, 'Branch': 1, 'Jump': 0, 'JumpReg': 0, 'ALUOp': 'SUB', 'ImmSel': 'B', 'BrType': 'blt', 'IsNOP': 0}, 'd': {'instr': 4267953891, 'opcode': 99, 'rd': 29, 'funct3': 4, 'rs1': 7, 'rs2': 6, 'funct7': 127, 'imm_I': -26, 'imm_S': -3, 'imm_B': -4, 'imm_U': 4267950080, 'imm_J': -800794}, 'rd': 29, 'alu_res': 4294967287, 'mem_data': 0, 'wb_val_for_jumps': 60}

Cycle 442
PC = 60
Stall Flag = False
Flush Flag = False
IF/ID Reg = {'valid': 1, 'pc': 56, 'instr': 4267953891}
ID/EX Reg = {'valid': 1, 'pc': 52, 'pc_plus4': 56, 'd': {'instr': 1278867, 'opcode': 19, 'rd': 7, 'funct3': 0, 'rs1': 7, 'rs2': 1, 'funct7': 0, 'imm_I': 1, 'imm_S': 7, 'imm_B': 2054, 'imm_U': 1277952, 'imm_J': 231424}, 'c': {'RegWrite': 1, 'MemRead': 0, 'MemWrite': 0, 'MemToReg': 0, 'ALUSrc': 1, 'Branch': 0, 'Jump': 0, 'JumpReg': 0, 'ALUOp': 'ADD', 'ImmSel': 'I', 'BrType': None, 'IsNOP': 0}, 'imm': 1, 'rs1': 7, 'rs2': 1, 'rd': 7, 'rs1_val': 1, 'rs2_val': 0, 'alu_op': 'ADD'}
EX/MEM Reg = {'valid': 0, 'pc_plus4': 0, 'c': None, 'd': None, 'rd': 0, 'alu_res': 0, 'rs2_val_fwd': 0, 'mem_addr': 0, 'branch_taken': 0, 'next_pc': 0, 'wb_val_for_jumps': 0}
MEM/WB Reg = {'valid': 0, 'pc_plus4': 0, 'c': None, 'd': None, 'rd': 0, 'alu_res': 0, 'mem_data': 0, 'wb_val_for_jumps': 0}

Cycle 443
PC = 64
Stall Flag = False
Flush Flag = False
IF/ID Reg = {'valid': 1, 'pc': 60, 'instr': 1213075}
ID/EX Reg = {'valid': 1, 'pc': 56, 'pc_plus4': 60, 'd': {'instr': 4267953891, 'opcode': 99, 'rd': 29, 'funct3': 4, 'rs1': 7, 'rs2': 6, 'funct7': 127, 'imm_I': -26, 'imm_S': -3, 'imm_B': -4, 'imm_U': 4267950080, 'imm_J': -800794}, 'c': {'RegWrite': 0, 'MemRead': 0, 'MemWrite': 0, 'MemToReg': 0, 'ALUSrc': 0, 'Branch': 1, 'Jump': 0, 'JumpReg': 0, 'ALUOp': 'SUB', 'ImmSel': 'B', 'BrType': 'blt', 'IsNOP': 0}, 'imm': -4, 'rs1': 7, 'rs2': 6, 'rd': 29, 'rs1_val': 1, 'rs2_val': 10, 'alu_op': 'SUB'}
EX/MEM Reg = {'valid': 1, 'pc_plus4': 56, 'c': {'RegWrite': 1, 'MemRead': 0, 'MemWrite': 0, 'MemToReg': 0, 'ALUSrc': 1, 'Branch': 0, 'Jump': 0, 'JumpReg': 0, 'ALUOp': 'ADD', 'ImmSel': 'I', 'BrType': None, 'IsNOP': 0}, 'd': {'instr': 1278867, 'opcode': 19, 'rd': 7, 'funct3': 0, 'rs1': 7, 'rs2': 1, 'funct7': 0, 'imm_I': 1, 'imm_S': 7, 'imm_B': 2054, 'imm_U': 1277952, 'imm_J': 231424}, 'rd': 7, 'alu_res': 2, 'rs2_val_fwd': 0, 'mem_addr': 2, 'branch_taken': 0, 'next_pc': 0, 'wb_val_for_jumps': 56}
MEM/WB Reg = {'valid': 0, 'pc_plus4': 0, 'c': None, 'd': None, 'rd': 0, 'alu_res': 0, 'mem_data': 0, 'wb_val_for_jumps': 0}

Cycle 444
PC = 52
Stall Flag = False
Flush Flag = True
IF/ID Reg = {'valid': 0, 'pc': 0, 'instr': 0}
ID/EX Reg = {'valid': 0, 'pc': 60, 'pc_plus4': 64, 'd': {'instr': 1213075, 'opcode': 19, 'rd': 5, 'funct3': 0, 'rs1': 5, 'rs2': 1, 'funct7': 0, 'imm_I': 1, 'imm_S': 5, 'imm_B': 2052, 'imm_U': 1212416, 'imm_J': 165888}, 'c': {'RegWrite': 1, 'MemRead': 0, 'MemWrite': 0, 'MemToReg': 0, 'ALUSrc': 1, 'Branch': 0, 'Jump': 0, 'JumpReg': 0, 'ALUOp': 'ADD', 'ImmSel': 'I', 'BrType': None, 'IsNOP': 0}, 'imm': 1, 'rs1': 5, 'rs2': 1, 'rd': 5, 'rs1_val': 9, 'rs2_val': 0, 'alu_op': 'ADD'}
EX/MEM Reg = {'valid': 1, 'pc_plus4': 60, 'c': {'RegWrite': 0, 'MemRead': 0, 'MemWrite': 0, 'MemToReg': 0, 'ALUSrc': 0, 'Branch': 1, 'Jump': 0, 'JumpReg': 0, 'ALUOp': 'SUB', 'ImmSel': 'B', 'BrType': 'blt', 'IsNOP': 0}, 'd': {'instr': 4267953891, 'opcode': 99, 'rd': 29, 'funct3': 4, 'rs1': 7, 'rs2': 6, 'funct7': 127, 'imm_I': -26, 'imm_S': -3, 'imm_B': -4, 'imm_U': 4267950080, 'imm_J': -800794}, 'rd': 29, 'alu_res': 4294967288, 'rs2_val_fwd': 10, 'mem_addr': 4294967288, 'branch_taken': 0, 'next_pc': 0, 'wb_val_for_jumps': 60}
MEM/WB Reg = {'valid': 1, 'pc_plus4': 56, 'c': {'RegWrite': 1, 'MemRead': 0, 'MemWrite': 0, 'MemToReg': 0, 'ALUSrc': 1, 'Branch': 0, 'Jump': 0, 'JumpReg': 0, 'ALUOp': 'ADD', 'ImmSel': 'I', 'BrType': None, 'IsNOP': 0}, 'd': {'instr': 1278867, 'opcode': 19, 'rd': 7, 'funct3': 0, 'rs1': 7, 'rs2': 1, 'funct7': 0, 'imm_I': 1, 'imm_S': 7, 'imm_B': 2054, 'imm_U': 1277952, 'imm_J': 231424}, 'rd': 7, 'alu_res': 2, 'mem_data': 0, 'wb_val_for_jumps': 56}

Cycle 445
PC = 56
Stall Flag = False
Flush Flag = False
IF/ID Reg = {'valid': 1, 'pc': 52, 'instr': 1278867}
ID/EX Reg = {'valid': 0, 'pc': 0, 'pc_plus4': 0, 'd': None, 'c': None, 'imm': 0, 'rs1': 0, 'rs2': 0, 'rd': 0, 'rs1_val': 0, 'rs2_val': 0, 'alu_op': 'ADD'}
EX/MEM Reg = {'valid': 0, 'pc_plus4': 0, 'c': None, 'd': None, 'rd': 0, 'alu_res': 0, 'rs2_val_fwd': 0, 'mem_addr': 0, 'branch_taken': 0, 'next_pc': 0, 'wb_val_for_jumps': 0}
MEM/WB Reg = {'valid': 1, 'pc_plus4': 60, 'c': {'RegWrite': 0, 'MemRead': 0, 'MemWrite': 0, 'MemToReg': 0, 'ALUSrc': 0, 'Branch': 1, 'Jump': 0, 'JumpReg': 0, 'ALUOp': 'SUB', 'ImmSel': 'B', 'BrType': 'blt', 'IsNOP': 0}, 'd': {'instr': 4267953891, 'opcode': 99, 'rd': 29, 'funct3': 4, 'rs1': 7, 'rs2': 6, 'funct7': 127, 'imm_I': -26, 'imm_S': -3, 'imm_B': -4, 'imm_U': 4267950080, 'imm_J': -800794}, 'rd': 29, 'alu_res': 4294967288, 'mem_data': 0, 'wb_val_for_jumps': 60}

Cycle 446
PC = 60
Stall Flag = False
Flush Flag = False
IF/ID Reg = {'valid': 1, 'pc': 56, 'instr': 4267953891}
ID/EX Reg = {'valid': 1, 'pc': 52, 'pc_plus4': 56, 'd': {'instr': 1278867, 'opcode': 19, 'rd': 7, 'funct3': 0, 'rs1': 7, 'rs2': 1, 'funct7': 0, 'imm_I': 1, 'imm_S': 7, 'imm_B': 2054, 'imm_U': 1277952, 'imm_J': 231424}, 'c': {'RegWrite': 1, 'MemRead': 0, 'MemWrite': 0, 'MemToReg': 0, 'ALUSrc': 1, 'Branch': 0, 'Jump': 0, 'JumpReg': 0, 'ALUOp': 'ADD', 'ImmSel': 'I', 'BrType': None, 'IsNOP': 0}, 'imm': 1, 'rs1': 7, 'rs2': 1, 'rd': 7, 'rs1_val': 2, 'rs2_val': 0, 'alu_op': 'ADD'}
EX/MEM Reg = {'valid': 0, 'pc_plus4': 0, 'c': None, 'd': None, 'rd': 0, 'alu_res': 0, 'rs2_val_fwd': 0, 'mem_addr': 0, 'branch_taken': 0, 'next_pc': 0, 'wb_val_for_jumps': 0}
MEM/WB Reg = {'valid': 0, 'pc_plus4': 0, 'c': None, 'd': None, 'rd': 0, 'alu_res': 0, 'mem_data': 0, 'wb_val_for_jumps': 0}

Cycle 447
PC = 64
Stall Flag = False
Flush Flag = False
IF/ID Reg = {'valid': 1, 'pc': 60, 'instr': 1213075}
ID/EX Reg = {'valid': 1, 'pc': 56, 'pc_plus4': 60, 'd': {'instr': 4267953891, 'opcode': 99, 'rd': 29, 'funct3': 4, 'rs1': 7, 'rs2': 6, 'funct7': 127, 'imm_I': -26, 'imm_S': -3, 'imm_B': -4, 'imm_U': 4267950080, 'imm_J': -800794}, 'c': {'RegWrite': 0, 'MemRead': 0, 'MemWrite': 0, 'MemToReg': 0, 'ALUSrc': 0, 'Branch': 1, 'Jump': 0, 'JumpReg': 0, 'ALUOp': 'SUB', 'ImmSel': 'B', 'BrType': 'blt', 'IsNOP': 0}, 'imm': -4, 'rs1': 7, 'rs2': 6, 'rd': 29, 'rs1_val': 2, 'rs2_val': 10, 'alu_op': 'SUB'}
EX/MEM Reg = {'valid': 1, 'pc_plus4': 56, 'c': {'RegWrite': 1, 'MemRead': 0, 'MemWrite': 0, 'MemToReg': 0, 'ALUSrc': 1, 'Branch': 0, 'Jump': 0, 'JumpReg': 0, 'ALUOp': 'ADD', 'ImmSel': 'I', 'BrType': None, 'IsNOP': 0}, 'd': {'instr': 1278867, 'opcode': 19, 'rd': 7, 'funct3': 0, 'rs1': 7, 'rs2': 1, 'funct7': 0, 'imm_I': 1, 'imm_S': 7, 'imm_B': 2054, 'imm_U': 1277952, 'imm_J': 231424}, 'rd': 7, 'alu_res': 3, 'rs2_val_fwd': 0, 'mem_addr': 3, 'branch_taken': 0, 'next_pc': 0, 'wb_val_for_jumps': 56}
MEM/WB Reg = {'valid': 0, 'pc_plus4': 0, 'c': None, 'd': None, 'rd': 0, 'alu_res': 0, 'mem_data': 0, 'wb_val_for_jumps': 0}

Cycle 448
PC = 52
Stall Flag = False
Flush Flag = True
IF/ID Reg = {'valid': 0, 'pc': 0, 'instr': 0}
ID/EX Reg = {'valid': 0, 'pc': 60, 'pc_plus4': 64, 'd': {'instr': 1213075, 'opcode': 19, 'rd': 5, 'funct3': 0, 'rs1': 5, 'rs2': 1, 'funct7': 0, 'imm_I': 1, 'imm_S': 5, 'imm_B': 2052, 'imm_U': 1212416, 'imm_J': 165888}, 'c': {'RegWrite': 1, 'MemRead': 0, 'MemWrite': 0, 'MemToReg': 0, 'ALUSrc': 1, 'Branch': 0, 'Jump': 0, 'JumpReg': 0, 'ALUOp': 'ADD', 'ImmSel': 'I', 'BrType': None, 'IsNOP': 0}, 'imm': 1, 'rs1': 5, 'rs2': 1, 'rd': 5, 'rs1_val': 9, 'rs2_val': 0, 'alu_op': 'ADD'}
EX/MEM Reg = {'valid': 1, 'pc_plus4': 60, 'c': {'RegWrite': 0, 'MemRead': 0, 'MemWrite': 0, 'MemToReg': 0, 'ALUSrc': 0, 'Branch': 1, 'Jump': 0, 'JumpReg': 0, 'ALUOp': 'SUB', 'ImmSel': 'B', 'BrType': 'blt', 'IsNOP': 0}, 'd': {'instr': 4267953891, 'opcode': 99, 'rd': 29, 'funct3': 4, 'rs1': 7, 'rs2': 6, 'funct7': 127, 'imm_I': -26, 'imm_S': -3, 'imm_B': -4, 'imm_U': 4267950080, 'imm_J': -800794}, 'rd': 29, 'alu_res': 4294967289, 'rs2_val_fwd': 10, 'mem_addr': 4294967289, 'branch_taken': 0, 'next_pc': 0, 'wb_val_for_jumps': 60}
MEM/WB Reg = {'valid': 1, 'pc_plus4': 56, 'c': {'RegWrite': 1, 'MemRead': 0, 'MemWrite': 0, 'MemToReg': 0, 'ALUSrc': 1, 'Branch': 0, 'Jump': 0, 'JumpReg': 0, 'ALUOp': 'ADD', 'ImmSel': 'I', 'BrType': None, 'IsNOP': 0}, 'd': {'instr': 1278867, 'opcode': 19, 'rd': 7, 'funct3': 0, 'rs1': 7, 'rs2': 1, 'funct7': 0, 'imm_I': 1, 'imm_S': 7, 'imm_B': 2054, 'imm_U': 1277952, 'imm_J': 231424}, 'rd': 7, 'alu_res': 3, 'mem_data': 0, 'wb_val_for_jumps': 56}

Cycle 449
PC = 56
Stall Flag = False
Flush Flag = False
IF/ID Reg = {'valid': 1, 'pc': 52, 'instr': 1278867}
ID/EX Reg = {'valid': 0, 'pc': 0, 'pc_plus4': 0, 'd': None, 'c': None, 'imm': 0, 'rs1': 0, 'rs2': 0, 'rd': 0, 'rs1_val': 0, 'rs2_val': 0, 'alu_op': 'ADD'}
EX/MEM Reg = {'valid': 0, 'pc_plus4': 0, 'c': None, 'd': None, 'rd': 0, 'alu_res': 0, 'rs2_val_fwd': 0, 'mem_addr': 0, 'branch_taken': 0, 'next_pc': 0, 'wb_val_for_jumps': 0}
MEM/WB Reg = {'valid': 1, 'pc_plus4': 60, 'c': {'RegWrite': 0, 'MemRead': 0, 'MemWrite': 0, 'MemToReg': 0, 'ALUSrc': 0, 'Branch': 1, 'Jump': 0, 'JumpReg': 0, 'ALUOp': 'SUB', 'ImmSel': 'B', 'BrType': 'blt', 'IsNOP': 0}, 'd': {'instr': 4267953891, 'opcode': 99, 'rd': 29, 'funct3': 4, 'rs1': 7, 'rs2': 6, 'funct7': 127, 'imm_I': -26, 'imm_S': -3, 'imm_B': -4, 'imm_U': 4267950080, 'imm_J': -800794}, 'rd': 29, 'alu_res': 4294967289, 'mem_data': 0, 'wb_val_for_jumps': 60}

Cycle 450
PC = 60
Stall Flag = False
Flush Flag = False
IF/ID Reg = {'valid': 1, 'pc': 56, 'instr': 4267953891}
ID/EX Reg = {'valid': 1, 'pc': 52, 'pc_plus4': 56, 'd': {'instr': 1278867, 'opcode': 19, 'rd': 7, 'funct3': 0, 'rs1': 7, 'rs2': 1, 'funct7': 0, 'imm_I': 1, 'imm_S': 7, 'imm_B': 2054, 'imm_U': 1277952, 'imm_J': 231424}, 'c': {'RegWrite': 1, 'MemRead': 0, 'MemWrite': 0, 'MemToReg': 0, 'ALUSrc': 1, 'Branch': 0, 'Jump': 0, 'JumpReg': 0, 'ALUOp': 'ADD', 'ImmSel': 'I', 'BrType': None, 'IsNOP': 0}, 'imm': 1, 'rs1': 7, 'rs2': 1, 'rd': 7, 'rs1_val': 3, 'rs2_val': 0, 'alu_op': 'ADD'}
EX/MEM Reg = {'valid': 0, 'pc_plus4': 0, 'c': None, 'd': None, 'rd': 0, 'alu_res': 0, 'rs2_val_fwd': 0, 'mem_addr': 0, 'branch_taken': 0, 'next_pc': 0, 'wb_val_for_jumps': 0}
MEM/WB Reg = {'valid': 0, 'pc_plus4': 0, 'c': None, 'd': None, 'rd': 0, 'alu_res': 0, 'mem_data': 0, 'wb_val_for_jumps': 0}

Cycle 451
PC = 64
Stall Flag = False
Flush Flag = False
IF/ID Reg = {'valid': 1, 'pc': 60, 'instr': 1213075}
ID/EX Reg = {'valid': 1, 'pc': 56, 'pc_plus4': 60, 'd': {'instr': 4267953891, 'opcode': 99, 'rd': 29, 'funct3': 4, 'rs1': 7, 'rs2': 6, 'funct7': 127, 'imm_I': -26, 'imm_S': -3, 'imm_B': -4, 'imm_U': 4267950080, 'imm_J': -800794}, 'c': {'RegWrite': 0, 'MemRead': 0, 'MemWrite': 0, 'MemToReg': 0, 'ALUSrc': 0, 'Branch': 1, 'Jump': 0, 'JumpReg': 0, 'ALUOp': 'SUB', 'ImmSel': 'B', 'BrType': 'blt', 'IsNOP': 0}, 'imm': -4, 'rs1': 7, 'rs2': 6, 'rd': 29, 'rs1_val': 3, 'rs2_val': 10, 'alu_op': 'SUB'}
EX/MEM Reg = {'valid': 1, 'pc_plus4': 56, 'c': {'RegWrite': 1, 'MemRead': 0, 'MemWrite': 0, 'MemToReg': 0, 'ALUSrc': 1, 'Branch': 0, 'Jump': 0, 'JumpReg': 0, 'ALUOp': 'ADD', 'ImmSel': 'I', 'BrType': None, 'IsNOP': 0}, 'd': {'instr': 1278867, 'opcode': 19, 'rd': 7, 'funct3': 0, 'rs1': 7, 'rs2': 1, 'funct7': 0, 'imm_I': 1, 'imm_S': 7, 'imm_B': 2054, 'imm_U': 1277952, 'imm_J': 231424}, 'rd': 7, 'alu_res': 4, 'rs2_val_fwd': 0, 'mem_addr': 4, 'branch_taken': 0, 'next_pc': 0, 'wb_val_for_jumps': 56}
MEM/WB Reg = {'valid': 0, 'pc_plus4': 0, 'c': None, 'd': None, 'rd': 0, 'alu_res': 0, 'mem_data': 0, 'wb_val_for_jumps': 0}

Cycle 452
PC = 52
Stall Flag = False
Flush Flag = True
IF/ID Reg = {'valid': 0, 'pc': 0, 'instr': 0}
ID/EX Reg = {'valid': 0, 'pc': 60, 'pc_plus4': 64, 'd': {'instr': 1213075, 'opcode': 19, 'rd': 5, 'funct3': 0, 'rs1': 5, 'rs2': 1, 'funct7': 0, 'imm_I': 1, 'imm_S': 5, 'imm_B': 2052, 'imm_U': 1212416, 'imm_J': 165888}, 'c': {'RegWrite': 1, 'MemRead': 0, 'MemWrite': 0, 'MemToReg': 0, 'ALUSrc': 1, 'Branch': 0, 'Jump': 0, 'JumpReg': 0, 'ALUOp': 'ADD', 'ImmSel': 'I', 'BrType': None, 'IsNOP': 0}, 'imm': 1, 'rs1': 5, 'rs2': 1, 'rd': 5, 'rs1_val': 9, 'rs2_val': 0, 'alu_op': 'ADD'}
EX/MEM Reg = {'valid': 1, 'pc_plus4': 60, 'c': {'RegWrite': 0, 'MemRead': 0, 'MemWrite': 0, 'MemToReg': 0, 'ALUSrc': 0, 'Branch': 1, 'Jump': 0, 'JumpReg': 0, 'ALUOp': 'SUB', 'ImmSel': 'B', 'BrType': 'blt', 'IsNOP': 0}, 'd': {'instr': 4267953891, 'opcode': 99, 'rd': 29, 'funct3': 4, 'rs1': 7, 'rs2': 6, 'funct7': 127, 'imm_I': -26, 'imm_S': -3, 'imm_B': -4, 'imm_U': 4267950080, 'imm_J': -800794}, 'rd': 29, 'alu_res': 4294967290, 'rs2_val_fwd': 10, 'mem_addr': 4294967290, 'branch_taken': 0, 'next_pc': 0, 'wb_val_for_jumps': 60}
MEM/WB Reg = {'valid': 1, 'pc_plus4': 56, 'c': {'RegWrite': 1, 'MemRead': 0, 'MemWrite': 0, 'MemToReg': 0, 'ALUSrc': 1, 'Branch': 0, 'Jump': 0, 'JumpReg': 0, 'ALUOp': 'ADD', 'ImmSel': 'I', 'BrType': None, 'IsNOP': 0}, 'd': {'instr': 1278867, 'opcode': 19, 'rd': 7, 'funct3': 0, 'rs1': 7, 'rs2': 1, 'funct7': 0, 'imm_I': 1, 'imm_S': 7, 'imm_B': 2054, 'imm_U': 1277952, 'imm_J': 231424}, 'rd': 7, 'alu_res': 4, 'mem_data': 0, 'wb_val_for_jumps': 56}

Cycle 453
PC = 56
Stall Flag = False
Flush Flag = False
IF/ID Reg = {'valid': 1, 'pc': 52, 'instr': 1278867}
ID/EX Reg = {'valid': 0, 'pc': 0, 'pc_plus4': 0, 'd': None, 'c': None, 'imm': 0, 'rs1': 0, 'rs2': 0, 'rd': 0, 'rs1_val': 0, 'rs2_val': 0, 'alu_op': 'ADD'}
EX/MEM Reg = {'valid': 0, 'pc_plus4': 0, 'c': None, 'd': None, 'rd': 0, 'alu_res': 0, 'rs2_val_fwd': 0, 'mem_addr': 0, 'branch_taken': 0, 'next_pc': 0, 'wb_val_for_jumps': 0}
MEM/WB Reg = {'valid': 1, 'pc_plus4': 60, 'c': {'RegWrite': 0, 'MemRead': 0, 'MemWrite': 0, 'MemToReg': 0, 'ALUSrc': 0, 'Branch': 1, 'Jump': 0, 'JumpReg': 0, 'ALUOp': 'SUB', 'ImmSel': 'B', 'BrType': 'blt', 'IsNOP': 0}, 'd': {'instr': 4267953891, 'opcode': 99, 'rd': 29, 'funct3': 4, 'rs1': 7, 'rs2': 6, 'funct7': 127, 'imm_I': -26, 'imm_S': -3, 'imm_B': -4, 'imm_U': 4267950080, 'imm_J': -800794}, 'rd': 29, 'alu_res': 4294967290, 'mem_data': 0, 'wb_val_for_jumps': 60}

Cycle 454
PC = 60
Stall Flag = False
Flush Flag = False
IF/ID Reg = {'valid': 1, 'pc': 56, 'instr': 4267953891}
ID/EX Reg = {'valid': 1, 'pc': 52, 'pc_plus4': 56, 'd': {'instr': 1278867, 'opcode': 19, 'rd': 7, 'funct3': 0, 'rs1': 7, 'rs2': 1, 'funct7': 0, 'imm_I': 1, 'imm_S': 7, 'imm_B': 2054, 'imm_U': 1277952, 'imm_J': 231424}, 'c': {'RegWrite': 1, 'MemRead': 0, 'MemWrite': 0, 'MemToReg': 0, 'ALUSrc': 1, 'Branch': 0, 'Jump': 0, 'JumpReg': 0, 'ALUOp': 'ADD', 'ImmSel': 'I', 'BrType': None, 'IsNOP': 0}, 'imm': 1, 'rs1': 7, 'rs2': 1, 'rd': 7, 'rs1_val': 4, 'rs2_val': 0, 'alu_op': 'ADD'}
EX/MEM Reg = {'valid': 0, 'pc_plus4': 0, 'c': None, 'd': None, 'rd': 0, 'alu_res': 0, 'rs2_val_fwd': 0, 'mem_addr': 0, 'branch_taken': 0, 'next_pc': 0, 'wb_val_for_jumps': 0}
MEM/WB Reg = {'valid': 0, 'pc_plus4': 0, 'c': None, 'd': None, 'rd': 0, 'alu_res': 0, 'mem_data': 0, 'wb_val_for_jumps': 0}

Cycle 455
PC = 64
Stall Flag = False
Flush Flag = False
IF/ID Reg = {'valid': 1, 'pc': 60, 'instr': 1213075}
ID/EX Reg = {'valid': 1, 'pc': 56, 'pc_plus4': 60, 'd': {'instr': 4267953891, 'opcode': 99, 'rd': 29, 'funct3': 4, 'rs1': 7, 'rs2': 6, 'funct7': 127, 'imm_I': -26, 'imm_S': -3, 'imm_B': -4, 'imm_U': 4267950080, 'imm_J': -800794}, 'c': {'RegWrite': 0, 'MemRead': 0, 'MemWrite': 0, 'MemToReg': 0, 'ALUSrc': 0, 'Branch': 1, 'Jump': 0, 'JumpReg': 0, 'ALUOp': 'SUB', 'ImmSel': 'B', 'BrType': 'blt', 'IsNOP': 0}, 'imm': -4, 'rs1': 7, 'rs2': 6, 'rd': 29, 'rs1_val': 4, 'rs2_val': 10, 'alu_op': 'SUB'}
EX/MEM Reg = {'valid': 1, 'pc_plus4': 56, 'c': {'RegWrite': 1, 'MemRead': 0, 'MemWrite': 0, 'MemToReg': 0, 'ALUSrc': 1, 'Branch': 0, 'Jump': 0, 'JumpReg': 0, 'ALUOp': 'ADD', 'ImmSel': 'I', 'BrType': None, 'IsNOP': 0}, 'd': {'instr': 1278867, 'opcode': 19, 'rd': 7, 'funct3': 0, 'rs1': 7, 'rs2': 1, 'funct7': 0, 'imm_I': 1, 'imm_S': 7, 'imm_B': 2054, 'imm_U': 1277952, 'imm_J': 231424}, 'rd': 7, 'alu_res': 5, 'rs2_val_fwd': 0, 'mem_addr': 5, 'branch_taken': 0, 'next_pc': 0, 'wb_val_for_jumps': 56}
MEM/WB Reg = {'valid': 0, 'pc_plus4': 0, 'c': None, 'd': None, 'rd': 0, 'alu_res': 0, 'mem_data': 0, 'wb_val_for_jumps': 0}

Cycle 456
PC = 52
Stall Flag = False
Flush Flag = True
IF/ID Reg = {'valid': 0, 'pc': 0, 'instr': 0}
ID/EX Reg = {'valid': 0, 'pc': 60, 'pc_plus4': 64, 'd': {'instr': 1213075, 'opcode': 19, 'rd': 5, 'funct3': 0, 'rs1': 5, 'rs2': 1, 'funct7': 0, 'imm_I': 1, 'imm_S': 5, 'imm_B': 2052, 'imm_U': 1212416, 'imm_J': 165888}, 'c': {'RegWrite': 1, 'MemRead': 0, 'MemWrite': 0, 'MemToReg': 0, 'ALUSrc': 1, 'Branch': 0, 'Jump': 0, 'JumpReg': 0, 'ALUOp': 'ADD', 'ImmSel': 'I', 'BrType': None, 'IsNOP': 0}, 'imm': 1, 'rs1': 5, 'rs2': 1, 'rd': 5, 'rs1_val': 9, 'rs2_val': 0, 'alu_op': 'ADD'}
EX/MEM Reg = {'valid': 1, 'pc_plus4': 60, 'c': {'RegWrite': 0, 'MemRead': 0, 'MemWrite': 0, 'MemToReg': 0, 'ALUSrc': 0, 'Branch': 1, 'Jump': 0, 'JumpReg': 0, 'ALUOp': 'SUB', 'ImmSel': 'B', 'BrType': 'blt', 'IsNOP': 0}, 'd': {'instr': 4267953891, 'opcode': 99, 'rd': 29, 'funct3': 4, 'rs1': 7, 'rs2': 6, 'funct7': 127, 'imm_I': -26, 'imm_S': -3, 'imm_B': -4, 'imm_U': 4267950080, 'imm_J': -800794}, 'rd': 29, 'alu_res': 4294967291, 'rs2_val_fwd': 10, 'mem_addr': 4294967291, 'branch_taken': 0, 'next_pc': 0, 'wb_val_for_jumps': 60}
MEM/WB Reg = {'valid': 1, 'pc_plus4': 56, 'c': {'RegWrite': 1, 'MemRead': 0, 'MemWrite': 0, 'MemToReg': 0, 'ALUSrc': 1, 'Branch': 0, 'Jump': 0, 'JumpReg': 0, 'ALUOp': 'ADD', 'ImmSel': 'I', 'BrType': None, 'IsNOP': 0}, 'd': {'instr': 1278867, 'opcode': 19, 'rd': 7, 'funct3': 0, 'rs1': 7, 'rs2': 1, 'funct7': 0, 'imm_I': 1, 'imm_S': 7, 'imm_B': 2054, 'imm_U': 1277952, 'imm_J': 231424}, 'rd': 7, 'alu_res': 5, 'mem_data': 0, 'wb_val_for_jumps': 56}

Cycle 457
PC = 56
Stall Flag = False
Flush Flag = False
IF/ID Reg = {'valid': 1, 'pc': 52, 'instr': 1278867}
ID/EX Reg = {'valid': 0, 'pc': 0, 'pc_plus4': 0, 'd': None, 'c': None, 'imm': 0, 'rs1': 0, 'rs2': 0, 'rd': 0, 'rs1_val': 0, 'rs2_val': 0, 'alu_op': 'ADD'}
EX/MEM Reg = {'valid': 0, 'pc_plus4': 0, 'c': None, 'd': None, 'rd': 0, 'alu_res': 0, 'rs2_val_fwd': 0, 'mem_addr': 0, 'branch_taken': 0, 'next_pc': 0, 'wb_val_for_jumps': 0}
MEM/WB Reg = {'valid': 1, 'pc_plus4': 60, 'c': {'RegWrite': 0, 'MemRead': 0, 'MemWrite': 0, 'MemToReg': 0, 'ALUSrc': 0, 'Branch': 1, 'Jump': 0, 'JumpReg': 0, 'ALUOp': 'SUB', 'ImmSel': 'B', 'BrType': 'blt', 'IsNOP': 0}, 'd': {'instr': 4267953891, 'opcode': 99, 'rd': 29, 'funct3': 4, 'rs1': 7, 'rs2': 6, 'funct7': 127, 'imm_I': -26, 'imm_S': -3, 'imm_B': -4, 'imm_U': 4267950080, 'imm_J': -800794}, 'rd': 29, 'alu_res': 4294967291, 'mem_data': 0, 'wb_val_for_jumps': 60}

Cycle 458
PC = 60
Stall Flag = False
Flush Flag = False
IF/ID Reg = {'valid': 1, 'pc': 56, 'instr': 4267953891}
ID/EX Reg = {'valid': 1, 'pc': 52, 'pc_plus4': 56, 'd': {'instr': 1278867, 'opcode': 19, 'rd': 7, 'funct3': 0, 'rs1': 7, 'rs2': 1, 'funct7': 0, 'imm_I': 1, 'imm_S': 7, 'imm_B': 2054, 'imm_U': 1277952, 'imm_J': 231424}, 'c': {'RegWrite': 1, 'MemRead': 0, 'MemWrite': 0, 'MemToReg': 0, 'ALUSrc': 1, 'Branch': 0, 'Jump': 0, 'JumpReg': 0, 'ALUOp': 'ADD', 'ImmSel': 'I', 'BrType': None, 'IsNOP': 0}, 'imm': 1, 'rs1': 7, 'rs2': 1, 'rd': 7, 'rs1_val': 5, 'rs2_val': 0, 'alu_op': 'ADD'}
EX/MEM Reg = {'valid': 0, 'pc_plus4': 0, 'c': None, 'd': None, 'rd': 0, 'alu_res': 0, 'rs2_val_fwd': 0, 'mem_addr': 0, 'branch_taken': 0, 'next_pc': 0, 'wb_val_for_jumps': 0}
MEM/WB Reg = {'valid': 0, 'pc_plus4': 0, 'c': None, 'd': None, 'rd': 0, 'alu_res': 0, 'mem_data': 0, 'wb_val_for_jumps': 0}

Cycle 459
PC = 64
Stall Flag = False
Flush Flag = False
IF/ID Reg = {'valid': 1, 'pc': 60, 'instr': 1213075}
ID/EX Reg = {'valid': 1, 'pc': 56, 'pc_plus4': 60, 'd': {'instr': 4267953891, 'opcode': 99, 'rd': 29, 'funct3': 4, 'rs1': 7, 'rs2': 6, 'funct7': 127, 'imm_I': -26, 'imm_S': -3, 'imm_B': -4, 'imm_U': 4267950080, 'imm_J': -800794}, 'c': {'RegWrite': 0, 'MemRead': 0, 'MemWrite': 0, 'MemToReg': 0, 'ALUSrc': 0, 'Branch': 1, 'Jump': 0, 'JumpReg': 0, 'ALUOp': 'SUB', 'ImmSel': 'B', 'BrType': 'blt', 'IsNOP': 0}, 'imm': -4, 'rs1': 7, 'rs2': 6, 'rd': 29, 'rs1_val': 5, 'rs2_val': 10, 'alu_op': 'SUB'}
EX/MEM Reg = {'valid': 1, 'pc_plus4': 56, 'c': {'RegWrite': 1, 'MemRead': 0, 'MemWrite': 0, 'MemToReg': 0, 'ALUSrc': 1, 'Branch': 0, 'Jump': 0, 'JumpReg': 0, 'ALUOp': 'ADD', 'ImmSel': 'I', 'BrType': None, 'IsNOP': 0}, 'd': {'instr': 1278867, 'opcode': 19, 'rd': 7, 'funct3': 0, 'rs1': 7, 'rs2': 1, 'funct7': 0, 'imm_I': 1, 'imm_S': 7, 'imm_B': 2054, 'imm_U': 1277952, 'imm_J': 231424}, 'rd': 7, 'alu_res': 6, 'rs2_val_fwd': 0, 'mem_addr': 6, 'branch_taken': 0, 'next_pc': 0, 'wb_val_for_jumps': 56}
MEM/WB Reg = {'valid': 0, 'pc_plus4': 0, 'c': None, 'd': None, 'rd': 0, 'alu_res': 0, 'mem_data': 0, 'wb_val_for_jumps': 0}

Cycle 460
PC = 52
Stall Flag = False
Flush Flag = True
IF/ID Reg = {'valid': 0, 'pc': 0, 'instr': 0}
ID/EX Reg = {'valid': 0, 'pc': 60, 'pc_plus4': 64, 'd': {'instr': 1213075, 'opcode': 19, 'rd': 5, 'funct3': 0, 'rs1': 5, 'rs2': 1, 'funct7': 0, 'imm_I': 1, 'imm_S': 5, 'imm_B': 2052, 'imm_U': 1212416, 'imm_J': 165888}, 'c': {'RegWrite': 1, 'MemRead': 0, 'MemWrite': 0, 'MemToReg': 0, 'ALUSrc': 1, 'Branch': 0, 'Jump': 0, 'JumpReg': 0, 'ALUOp': 'ADD', 'ImmSel': 'I', 'BrType': None, 'IsNOP': 0}, 'imm': 1, 'rs1': 5, 'rs2': 1, 'rd': 5, 'rs1_val': 9, 'rs2_val': 0, 'alu_op': 'ADD'}
EX/MEM Reg = {'valid': 1, 'pc_plus4': 60, 'c': {'RegWrite': 0, 'MemRead': 0, 'MemWrite': 0, 'MemToReg': 0, 'ALUSrc': 0, 'Branch': 1, 'Jump': 0, 'JumpReg': 0, 'ALUOp': 'SUB', 'ImmSel': 'B', 'BrType': 'blt', 'IsNOP': 0}, 'd': {'instr': 4267953891, 'opcode': 99, 'rd': 29, 'funct3': 4, 'rs1': 7, 'rs2': 6, 'funct7': 127, 'imm_I': -26, 'imm_S': -3, 'imm_B': -4, 'imm_U': 4267950080, 'imm_J': -800794}, 'rd': 29, 'alu_res': 4294967292, 'rs2_val_fwd': 10, 'mem_addr': 4294967292, 'branch_taken': 0, 'next_pc': 0, 'wb_val_for_jumps': 60}
MEM/WB Reg = {'valid': 1, 'pc_plus4': 56, 'c': {'RegWrite': 1, 'MemRead': 0, 'MemWrite': 0, 'MemToReg': 0, 'ALUSrc': 1, 'Branch': 0, 'Jump': 0, 'JumpReg': 0, 'ALUOp': 'ADD', 'ImmSel': 'I', 'BrType': None, 'IsNOP': 0}, 'd': {'instr': 1278867, 'opcode': 19, 'rd': 7, 'funct3': 0, 'rs1': 7, 'rs2': 1, 'funct7': 0, 'imm_I': 1, 'imm_S': 7, 'imm_B': 2054, 'imm_U': 1277952, 'imm_J': 231424}, 'rd': 7, 'alu_res': 6, 'mem_data': 0, 'wb_val_for_jumps': 56}

Cycle 461
PC = 56
Stall Flag = False
Flush Flag = False
IF/ID Reg = {'valid': 1, 'pc': 52, 'instr': 1278867}
ID/EX Reg = {'valid': 0, 'pc': 0, 'pc_plus4': 0, 'd': None, 'c': None, 'imm': 0, 'rs1': 0, 'rs2': 0, 'rd': 0, 'rs1_val': 0, 'rs2_val': 0, 'alu_op': 'ADD'}
EX/MEM Reg = {'valid': 0, 'pc_plus4': 0, 'c': None, 'd': None, 'rd': 0, 'alu_res': 0, 'rs2_val_fwd': 0, 'mem_addr': 0, 'branch_taken': 0, 'next_pc': 0, 'wb_val_for_jumps': 0}
MEM/WB Reg = {'valid': 1, 'pc_plus4': 60, 'c': {'RegWrite': 0, 'MemRead': 0, 'MemWrite': 0, 'MemToReg': 0, 'ALUSrc': 0, 'Branch': 1, 'Jump': 0, 'JumpReg': 0, 'ALUOp': 'SUB', 'ImmSel': 'B', 'BrType': 'blt', 'IsNOP': 0}, 'd': {'instr': 4267953891, 'opcode': 99, 'rd': 29, 'funct3': 4, 'rs1': 7, 'rs2': 6, 'funct7': 127, 'imm_I': -26, 'imm_S': -3, 'imm_B': -4, 'imm_U': 4267950080, 'imm_J': -800794}, 'rd': 29, 'alu_res': 4294967292, 'mem_data': 0, 'wb_val_for_jumps': 60}

Cycle 462
PC = 60
Stall Flag = False
Flush Flag = False
IF/ID Reg = {'valid': 1, 'pc': 56, 'instr': 4267953891}
ID/EX Reg = {'valid': 1, 'pc': 52, 'pc_plus4': 56, 'd': {'instr': 1278867, 'opcode': 19, 'rd': 7, 'funct3': 0, 'rs1': 7, 'rs2': 1, 'funct7': 0, 'imm_I': 1, 'imm_S': 7, 'imm_B': 2054, 'imm_U': 1277952, 'imm_J': 231424}, 'c': {'RegWrite': 1, 'MemRead': 0, 'MemWrite': 0, 'MemToReg': 0, 'ALUSrc': 1, 'Branch': 0, 'Jump': 0, 'JumpReg': 0, 'ALUOp': 'ADD', 'ImmSel': 'I', 'BrType': None, 'IsNOP': 0}, 'imm': 1, 'rs1': 7, 'rs2': 1, 'rd': 7, 'rs1_val': 6, 'rs2_val': 0, 'alu_op': 'ADD'}
EX/MEM Reg = {'valid': 0, 'pc_plus4': 0, 'c': None, 'd': None, 'rd': 0, 'alu_res': 0, 'rs2_val_fwd': 0, 'mem_addr': 0, 'branch_taken': 0, 'next_pc': 0, 'wb_val_for_jumps': 0}
MEM/WB Reg = {'valid': 0, 'pc_plus4': 0, 'c': None, 'd': None, 'rd': 0, 'alu_res': 0, 'mem_data': 0, 'wb_val_for_jumps': 0}

Cycle 463
PC = 64
Stall Flag = False
Flush Flag = False
IF/ID Reg = {'valid': 1, 'pc': 60, 'instr': 1213075}
ID/EX Reg = {'valid': 1, 'pc': 56, 'pc_plus4': 60, 'd': {'instr': 4267953891, 'opcode': 99, 'rd': 29, 'funct3': 4, 'rs1': 7, 'rs2': 6, 'funct7': 127, 'imm_I': -26, 'imm_S': -3, 'imm_B': -4, 'imm_U': 4267950080, 'imm_J': -800794}, 'c': {'RegWrite': 0, 'MemRead': 0, 'MemWrite': 0, 'MemToReg': 0, 'ALUSrc': 0, 'Branch': 1, 'Jump': 0, 'JumpReg': 0, 'ALUOp': 'SUB', 'ImmSel': 'B', 'BrType': 'blt', 'IsNOP': 0}, 'imm': -4, 'rs1': 7, 'rs2': 6, 'rd': 29, 'rs1_val': 6, 'rs2_val': 10, 'alu_op': 'SUB'}
EX/MEM Reg = {'valid': 1, 'pc_plus4': 56, 'c': {'RegWrite': 1, 'MemRead': 0, 'MemWrite': 0, 'MemToReg': 0, 'ALUSrc': 1, 'Branch': 0, 'Jump': 0, 'JumpReg': 0, 'ALUOp': 'ADD', 'ImmSel': 'I', 'BrType': None, 'IsNOP': 0}, 'd': {'instr': 1278867, 'opcode': 19, 'rd': 7, 'funct3': 0, 'rs1': 7, 'rs2': 1, 'funct7': 0, 'imm_I': 1, 'imm_S': 7, 'imm_B': 2054, 'imm_U': 1277952, 'imm_J': 231424}, 'rd': 7, 'alu_res': 7, 'rs2_val_fwd': 0, 'mem_addr': 7, 'branch_taken': 0, 'next_pc': 0, 'wb_val_for_jumps': 56}
MEM/WB Reg = {'valid': 0, 'pc_plus4': 0, 'c': None, 'd': None, 'rd': 0, 'alu_res': 0, 'mem_data': 0, 'wb_val_for_jumps': 0}

Cycle 464
PC = 52
Stall Flag = False
Flush Flag = True
IF/ID Reg = {'valid': 0, 'pc': 0, 'instr': 0}
ID/EX Reg = {'valid': 0, 'pc': 60, 'pc_plus4': 64, 'd': {'instr': 1213075, 'opcode': 19, 'rd': 5, 'funct3': 0, 'rs1': 5, 'rs2': 1, 'funct7': 0, 'imm_I': 1, 'imm_S': 5, 'imm_B': 2052, 'imm_U': 1212416, 'imm_J': 165888}, 'c': {'RegWrite': 1, 'MemRead': 0, 'MemWrite': 0, 'MemToReg': 0, 'ALUSrc': 1, 'Branch': 0, 'Jump': 0, 'JumpReg': 0, 'ALUOp': 'ADD', 'ImmSel': 'I', 'BrType': None, 'IsNOP': 0}, 'imm': 1, 'rs1': 5, 'rs2': 1, 'rd': 5, 'rs1_val': 9, 'rs2_val': 0, 'alu_op': 'ADD'}
EX/MEM Reg = {'valid': 1, 'pc_plus4': 60, 'c': {'RegWrite': 0, 'MemRead': 0, 'MemWrite': 0, 'MemToReg': 0, 'ALUSrc': 0, 'Branch': 1, 'Jump': 0, 'JumpReg': 0, 'ALUOp': 'SUB', 'ImmSel': 'B', 'BrType': 'blt', 'IsNOP': 0}, 'd': {'instr': 4267953891, 'opcode': 99, 'rd': 29, 'funct3': 4, 'rs1': 7, 'rs2': 6, 'funct7': 127, 'imm_I': -26, 'imm_S': -3, 'imm_B': -4, 'imm_U': 4267950080, 'imm_J': -800794}, 'rd': 29, 'alu_res': 4294967293, 'rs2_val_fwd': 10, 'mem_addr': 4294967293, 'branch_taken': 0, 'next_pc': 0, 'wb_val_for_jumps': 60}
MEM/WB Reg = {'valid': 1, 'pc_plus4': 56, 'c': {'RegWrite': 1, 'MemRead': 0, 'MemWrite': 0, 'MemToReg': 0, 'ALUSrc': 1, 'Branch': 0, 'Jump': 0, 'JumpReg': 0, 'ALUOp': 'ADD', 'ImmSel': 'I', 'BrType': None, 'IsNOP': 0}, 'd': {'instr': 1278867, 'opcode': 19, 'rd': 7, 'funct3': 0, 'rs1': 7, 'rs2': 1, 'funct7': 0, 'imm_I': 1, 'imm_S': 7, 'imm_B': 2054, 'imm_U': 1277952, 'imm_J': 231424}, 'rd': 7, 'alu_res': 7, 'mem_data': 0, 'wb_val_for_jumps': 56}

Cycle 465
PC = 56
Stall Flag = False
Flush Flag = False
IF/ID Reg = {'valid': 1, 'pc': 52, 'instr': 1278867}
ID/EX Reg = {'valid': 0, 'pc': 0, 'pc_plus4': 0, 'd': None, 'c': None, 'imm': 0, 'rs1': 0, 'rs2': 0, 'rd': 0, 'rs1_val': 0, 'rs2_val': 0, 'alu_op': 'ADD'}
EX/MEM Reg = {'valid': 0, 'pc_plus4': 0, 'c': None, 'd': None, 'rd': 0, 'alu_res': 0, 'rs2_val_fwd': 0, 'mem_addr': 0, 'branch_taken': 0, 'next_pc': 0, 'wb_val_for_jumps': 0}
MEM/WB Reg = {'valid': 1, 'pc_plus4': 60, 'c': {'RegWrite': 0, 'MemRead': 0, 'MemWrite': 0, 'MemToReg': 0, 'ALUSrc': 0, 'Branch': 1, 'Jump': 0, 'JumpReg': 0, 'ALUOp': 'SUB', 'ImmSel': 'B', 'BrType': 'blt', 'IsNOP': 0}, 'd': {'instr': 4267953891, 'opcode': 99, 'rd': 29, 'funct3': 4, 'rs1': 7, 'rs2': 6, 'funct7': 127, 'imm_I': -26, 'imm_S': -3, 'imm_B': -4, 'imm_U': 4267950080, 'imm_J': -800794}, 'rd': 29, 'alu_res': 4294967293, 'mem_data': 0, 'wb_val_for_jumps': 60}

Cycle 466
PC = 60
Stall Flag = False
Flush Flag = False
IF/ID Reg = {'valid': 1, 'pc': 56, 'instr': 4267953891}
ID/EX Reg = {'valid': 1, 'pc': 52, 'pc_plus4': 56, 'd': {'instr': 1278867, 'opcode': 19, 'rd': 7, 'funct3': 0, 'rs1': 7, 'rs2': 1, 'funct7': 0, 'imm_I': 1, 'imm_S': 7, 'imm_B': 2054, 'imm_U': 1277952, 'imm_J': 231424}, 'c': {'RegWrite': 1, 'MemRead': 0, 'MemWrite': 0, 'MemToReg': 0, 'ALUSrc': 1, 'Branch': 0, 'Jump': 0, 'JumpReg': 0, 'ALUOp': 'ADD', 'ImmSel': 'I', 'BrType': None, 'IsNOP': 0}, 'imm': 1, 'rs1': 7, 'rs2': 1, 'rd': 7, 'rs1_val': 7, 'rs2_val': 0, 'alu_op': 'ADD'}
EX/MEM Reg = {'valid': 0, 'pc_plus4': 0, 'c': None, 'd': None, 'rd': 0, 'alu_res': 0, 'rs2_val_fwd': 0, 'mem_addr': 0, 'branch_taken': 0, 'next_pc': 0, 'wb_val_for_jumps': 0}
MEM/WB Reg = {'valid': 0, 'pc_plus4': 0, 'c': None, 'd': None, 'rd': 0, 'alu_res': 0, 'mem_data': 0, 'wb_val_for_jumps': 0}

Cycle 467
PC = 64
Stall Flag = False
Flush Flag = False
IF/ID Reg = {'valid': 1, 'pc': 60, 'instr': 1213075}
ID/EX Reg = {'valid': 1, 'pc': 56, 'pc_plus4': 60, 'd': {'instr': 4267953891, 'opcode': 99, 'rd': 29, 'funct3': 4, 'rs1': 7, 'rs2': 6, 'funct7': 127, 'imm_I': -26, 'imm_S': -3, 'imm_B': -4, 'imm_U': 4267950080, 'imm_J': -800794}, 'c': {'RegWrite': 0, 'MemRead': 0, 'MemWrite': 0, 'MemToReg': 0, 'ALUSrc': 0, 'Branch': 1, 'Jump': 0, 'JumpReg': 0, 'ALUOp': 'SUB', 'ImmSel': 'B', 'BrType': 'blt', 'IsNOP': 0}, 'imm': -4, 'rs1': 7, 'rs2': 6, 'rd': 29, 'rs1_val': 7, 'rs2_val': 10, 'alu_op': 'SUB'}
EX/MEM Reg = {'valid': 1, 'pc_plus4': 56, 'c': {'RegWrite': 1, 'MemRead': 0, 'MemWrite': 0, 'MemToReg': 0, 'ALUSrc': 1, 'Branch': 0, 'Jump': 0, 'JumpReg': 0, 'ALUOp': 'ADD', 'ImmSel': 'I', 'BrType': None, 'IsNOP': 0}, 'd': {'instr': 1278867, 'opcode': 19, 'rd': 7, 'funct3': 0, 'rs1': 7, 'rs2': 1, 'funct7': 0, 'imm_I': 1, 'imm_S': 7, 'imm_B': 2054, 'imm_U': 1277952, 'imm_J': 231424}, 'rd': 7, 'alu_res': 8, 'rs2_val_fwd': 0, 'mem_addr': 8, 'branch_taken': 0, 'next_pc': 0, 'wb_val_for_jumps': 56}
MEM/WB Reg = {'valid': 0, 'pc_plus4': 0, 'c': None, 'd': None, 'rd': 0, 'alu_res': 0, 'mem_data': 0, 'wb_val_for_jumps': 0}

Cycle 468
PC = 52
Stall Flag = False
Flush Flag = True
IF/ID Reg = {'valid': 0, 'pc': 0, 'instr': 0}
ID/EX Reg = {'valid': 0, 'pc': 60, 'pc_plus4': 64, 'd': {'instr': 1213075, 'opcode': 19, 'rd': 5, 'funct3': 0, 'rs1': 5, 'rs2': 1, 'funct7': 0, 'imm_I': 1, 'imm_S': 5, 'imm_B': 2052, 'imm_U': 1212416, 'imm_J': 165888}, 'c': {'RegWrite': 1, 'MemRead': 0, 'MemWrite': 0, 'MemToReg': 0, 'ALUSrc': 1, 'Branch': 0, 'Jump': 0, 'JumpReg': 0, 'ALUOp': 'ADD', 'ImmSel': 'I', 'BrType': None, 'IsNOP': 0}, 'imm': 1, 'rs1': 5, 'rs2': 1, 'rd': 5, 'rs1_val': 9, 'rs2_val': 0, 'alu_op': 'ADD'}
EX/MEM Reg = {'valid': 1, 'pc_plus4': 60, 'c': {'RegWrite': 0, 'MemRead': 0, 'MemWrite': 0, 'MemToReg': 0, 'ALUSrc': 0, 'Branch': 1, 'Jump': 0, 'JumpReg': 0, 'ALUOp': 'SUB', 'ImmSel': 'B', 'BrType': 'blt', 'IsNOP': 0}, 'd': {'instr': 4267953891, 'opcode': 99, 'rd': 29, 'funct3': 4, 'rs1': 7, 'rs2': 6, 'funct7': 127, 'imm_I': -26, 'imm_S': -3, 'imm_B': -4, 'imm_U': 4267950080, 'imm_J': -800794}, 'rd': 29, 'alu_res': 4294967294, 'rs2_val_fwd': 10, 'mem_addr': 4294967294, 'branch_taken': 0, 'next_pc': 0, 'wb_val_for_jumps': 60}
MEM/WB Reg = {'valid': 1, 'pc_plus4': 56, 'c': {'RegWrite': 1, 'MemRead': 0, 'MemWrite': 0, 'MemToReg': 0, 'ALUSrc': 1, 'Branch': 0, 'Jump': 0, 'JumpReg': 0, 'ALUOp': 'ADD', 'ImmSel': 'I', 'BrType': None, 'IsNOP': 0}, 'd': {'instr': 1278867, 'opcode': 19, 'rd': 7, 'funct3': 0, 'rs1': 7, 'rs2': 1, 'funct7': 0, 'imm_I': 1, 'imm_S': 7, 'imm_B': 2054, 'imm_U': 1277952, 'imm_J': 231424}, 'rd': 7, 'alu_res': 8, 'mem_data': 0, 'wb_val_for_jumps': 56}

Cycle 469
PC = 56
Stall Flag = False
Flush Flag = False
IF/ID Reg = {'valid': 1, 'pc': 52, 'instr': 1278867}
ID/EX Reg = {'valid': 0, 'pc': 0, 'pc_plus4': 0, 'd': None, 'c': None, 'imm': 0, 'rs1': 0, 'rs2': 0, 'rd': 0, 'rs1_val': 0, 'rs2_val': 0, 'alu_op': 'ADD'}
EX/MEM Reg = {'valid': 0, 'pc_plus4': 0, 'c': None, 'd': None, 'rd': 0, 'alu_res': 0, 'rs2_val_fwd': 0, 'mem_addr': 0, 'branch_taken': 0, 'next_pc': 0, 'wb_val_for_jumps': 0}
MEM/WB Reg = {'valid': 1, 'pc_plus4': 60, 'c': {'RegWrite': 0, 'MemRead': 0, 'MemWrite': 0, 'MemToReg': 0, 'ALUSrc': 0, 'Branch': 1, 'Jump': 0, 'JumpReg': 0, 'ALUOp': 'SUB', 'ImmSel': 'B', 'BrType': 'blt', 'IsNOP': 0}, 'd': {'instr': 4267953891, 'opcode': 99, 'rd': 29, 'funct3': 4, 'rs1': 7, 'rs2': 6, 'funct7': 127, 'imm_I': -26, 'imm_S': -3, 'imm_B': -4, 'imm_U': 4267950080, 'imm_J': -800794}, 'rd': 29, 'alu_res': 4294967294, 'mem_data': 0, 'wb_val_for_jumps': 60}

Cycle 470
PC = 60
Stall Flag = False
Flush Flag = False
IF/ID Reg = {'valid': 1, 'pc': 56, 'instr': 4267953891}
ID/EX Reg = {'valid': 1, 'pc': 52, 'pc_plus4': 56, 'd': {'instr': 1278867, 'opcode': 19, 'rd': 7, 'funct3': 0, 'rs1': 7, 'rs2': 1, 'funct7': 0, 'imm_I': 1, 'imm_S': 7, 'imm_B': 2054, 'imm_U': 1277952, 'imm_J': 231424}, 'c': {'RegWrite': 1, 'MemRead': 0, 'MemWrite': 0, 'MemToReg': 0, 'ALUSrc': 1, 'Branch': 0, 'Jump': 0, 'JumpReg': 0, 'ALUOp': 'ADD', 'ImmSel': 'I', 'BrType': None, 'IsNOP': 0}, 'imm': 1, 'rs1': 7, 'rs2': 1, 'rd': 7, 'rs1_val': 8, 'rs2_val': 0, 'alu_op': 'ADD'}
EX/MEM Reg = {'valid': 0, 'pc_plus4': 0, 'c': None, 'd': None, 'rd': 0, 'alu_res': 0, 'rs2_val_fwd': 0, 'mem_addr': 0, 'branch_taken': 0, 'next_pc': 0, 'wb_val_for_jumps': 0}
MEM/WB Reg = {'valid': 0, 'pc_plus4': 0, 'c': None, 'd': None, 'rd': 0, 'alu_res': 0, 'mem_data': 0, 'wb_val_for_jumps': 0}

Cycle 471
PC = 64
Stall Flag = False
Flush Flag = False
IF/ID Reg = {'valid': 1, 'pc': 60, 'instr': 1213075}
ID/EX Reg = {'valid': 1, 'pc': 56, 'pc_plus4': 60, 'd': {'instr': 4267953891, 'opcode': 99, 'rd': 29, 'funct3': 4, 'rs1': 7, 'rs2': 6, 'funct7': 127, 'imm_I': -26, 'imm_S': -3, 'imm_B': -4, 'imm_U': 4267950080, 'imm_J': -800794}, 'c': {'RegWrite': 0, 'MemRead': 0, 'MemWrite': 0, 'MemToReg': 0, 'ALUSrc': 0, 'Branch': 1, 'Jump': 0, 'JumpReg': 0, 'ALUOp': 'SUB', 'ImmSel': 'B', 'BrType': 'blt', 'IsNOP': 0}, 'imm': -4, 'rs1': 7, 'rs2': 6, 'rd': 29, 'rs1_val': 8, 'rs2_val': 10, 'alu_op': 'SUB'}
EX/MEM Reg = {'valid': 1, 'pc_plus4': 56, 'c': {'RegWrite': 1, 'MemRead': 0, 'MemWrite': 0, 'MemToReg': 0, 'ALUSrc': 1, 'Branch': 0, 'Jump': 0, 'JumpReg': 0, 'ALUOp': 'ADD', 'ImmSel': 'I', 'BrType': None, 'IsNOP': 0}, 'd': {'instr': 1278867, 'opcode': 19, 'rd': 7, 'funct3': 0, 'rs1': 7, 'rs2': 1, 'funct7': 0, 'imm_I': 1, 'imm_S': 7, 'imm_B': 2054, 'imm_U': 1277952, 'imm_J': 231424}, 'rd': 7, 'alu_res': 9, 'rs2_val_fwd': 0, 'mem_addr': 9, 'branch_taken': 0, 'next_pc': 0, 'wb_val_for_jumps': 56}
MEM/WB Reg = {'valid': 0, 'pc_plus4': 0, 'c': None, 'd': None, 'rd': 0, 'alu_res': 0, 'mem_data': 0, 'wb_val_for_jumps': 0}

Cycle 472
PC = 52
Stall Flag = False
Flush Flag = True
IF/ID Reg = {'valid': 0, 'pc': 0, 'instr': 0}
ID/EX Reg = {'valid': 0, 'pc': 60, 'pc_plus4': 64, 'd': {'instr': 1213075, 'opcode': 19, 'rd': 5, 'funct3': 0, 'rs1': 5, 'rs2': 1, 'funct7': 0, 'imm_I': 1, 'imm_S': 5, 'imm_B': 2052, 'imm_U': 1212416, 'imm_J': 165888}, 'c': {'RegWrite': 1, 'MemRead': 0, 'MemWrite': 0, 'MemToReg': 0, 'ALUSrc': 1, 'Branch': 0, 'Jump': 0, 'JumpReg': 0, 'ALUOp': 'ADD', 'ImmSel': 'I', 'BrType': None, 'IsNOP': 0}, 'imm': 1, 'rs1': 5, 'rs2': 1, 'rd': 5, 'rs1_val': 9, 'rs2_val': 0, 'alu_op': 'ADD'}
EX/MEM Reg = {'valid': 1, 'pc_plus4': 60, 'c': {'RegWrite': 0, 'MemRead': 0, 'MemWrite': 0, 'MemToReg': 0, 'ALUSrc': 0, 'Branch': 1, 'Jump': 0, 'JumpReg': 0, 'ALUOp': 'SUB', 'ImmSel': 'B', 'BrType': 'blt', 'IsNOP': 0}, 'd': {'instr': 4267953891, 'opcode': 99, 'rd': 29, 'funct3': 4, 'rs1': 7, 'rs2': 6, 'funct7': 127, 'imm_I': -26, 'imm_S': -3, 'imm_B': -4, 'imm_U': 4267950080, 'imm_J': -800794}, 'rd': 29, 'alu_res': 4294967295, 'rs2_val_fwd': 10, 'mem_addr': 4294967295, 'branch_taken': 0, 'next_pc': 0, 'wb_val_for_jumps': 60}
MEM/WB Reg = {'valid': 1, 'pc_plus4': 56, 'c': {'RegWrite': 1, 'MemRead': 0, 'MemWrite': 0, 'MemToReg': 0, 'ALUSrc': 1, 'Branch': 0, 'Jump': 0, 'JumpReg': 0, 'ALUOp': 'ADD', 'ImmSel': 'I', 'BrType': None, 'IsNOP': 0}, 'd': {'instr': 1278867, 'opcode': 19, 'rd': 7, 'funct3': 0, 'rs1': 7, 'rs2': 1, 'funct7': 0, 'imm_I': 1, 'imm_S': 7, 'imm_B': 2054, 'imm_U': 1277952, 'imm_J': 231424}, 'rd': 7, 'alu_res': 9, 'mem_data': 0, 'wb_val_for_jumps': 56}

Cycle 473
PC = 56
Stall Flag = False
Flush Flag = False
IF/ID Reg = {'valid': 1, 'pc': 52, 'instr': 1278867}
ID/EX Reg = {'valid': 0, 'pc': 0, 'pc_plus4': 0, 'd': None, 'c': None, 'imm': 0, 'rs1': 0, 'rs2': 0, 'rd': 0, 'rs1_val': 0, 'rs2_val': 0, 'alu_op': 'ADD'}
EX/MEM Reg = {'valid': 0, 'pc_plus4': 0, 'c': None, 'd': None, 'rd': 0, 'alu_res': 0, 'rs2_val_fwd': 0, 'mem_addr': 0, 'branch_taken': 0, 'next_pc': 0, 'wb_val_for_jumps': 0}
MEM/WB Reg = {'valid': 1, 'pc_plus4': 60, 'c': {'RegWrite': 0, 'MemRead': 0, 'MemWrite': 0, 'MemToReg': 0, 'ALUSrc': 0, 'Branch': 1, 'Jump': 0, 'JumpReg': 0, 'ALUOp': 'SUB', 'ImmSel': 'B', 'BrType': 'blt', 'IsNOP': 0}, 'd': {'instr': 4267953891, 'opcode': 99, 'rd': 29, 'funct3': 4, 'rs1': 7, 'rs2': 6, 'funct7': 127, 'imm_I': -26, 'imm_S': -3, 'imm_B': -4, 'imm_U': 4267950080, 'imm_J': -800794}, 'rd': 29, 'alu_res': 4294967295, 'mem_data': 0, 'wb_val_for_jumps': 60}

Cycle 474
PC = 60
Stall Flag = False
Flush Flag = False
IF/ID Reg = {'valid': 1, 'pc': 56, 'instr': 4267953891}
ID/EX Reg = {'valid': 1, 'pc': 52, 'pc_plus4': 56, 'd': {'instr': 1278867, 'opcode': 19, 'rd': 7, 'funct3': 0, 'rs1': 7, 'rs2': 1, 'funct7': 0, 'imm_I': 1, 'imm_S': 7, 'imm_B': 2054, 'imm_U': 1277952, 'imm_J': 231424}, 'c': {'RegWrite': 1, 'MemRead': 0, 'MemWrite': 0, 'MemToReg': 0, 'ALUSrc': 1, 'Branch': 0, 'Jump': 0, 'JumpReg': 0, 'ALUOp': 'ADD', 'ImmSel': 'I', 'BrType': None, 'IsNOP': 0}, 'imm': 1, 'rs1': 7, 'rs2': 1, 'rd': 7, 'rs1_val': 9, 'rs2_val': 0, 'alu_op': 'ADD'}
EX/MEM Reg = {'valid': 0, 'pc_plus4': 0, 'c': None, 'd': None, 'rd': 0, 'alu_res': 0, 'rs2_val_fwd': 0, 'mem_addr': 0, 'branch_taken': 0, 'next_pc': 0, 'wb_val_for_jumps': 0}
MEM/WB Reg = {'valid': 0, 'pc_plus4': 0, 'c': None, 'd': None, 'rd': 0, 'alu_res': 0, 'mem_data': 0, 'wb_val_for_jumps': 0}

Cycle 475
PC = 64
Stall Flag = False
Flush Flag = False
IF/ID Reg = {'valid': 1, 'pc': 60, 'instr': 1213075}
ID/EX Reg = {'valid': 1, 'pc': 56, 'pc_plus4': 60, 'd': {'instr': 4267953891, 'opcode': 99, 'rd': 29, 'funct3': 4, 'rs1': 7, 'rs2': 6, 'funct7': 127, 'imm_I': -26, 'imm_S': -3, 'imm_B': -4, 'imm_U': 4267950080, 'imm_J': -800794}, 'c': {'RegWrite': 0, 'MemRead': 0, 'MemWrite': 0, 'MemToReg': 0, 'ALUSrc': 0, 'Branch': 1, 'Jump': 0, 'JumpReg': 0, 'ALUOp': 'SUB', 'ImmSel': 'B', 'BrType': 'blt', 'IsNOP': 0}, 'imm': -4, 'rs1': 7, 'rs2': 6, 'rd': 29, 'rs1_val': 9, 'rs2_val': 10, 'alu_op': 'SUB'}
EX/MEM Reg = {'valid': 1, 'pc_plus4': 56, 'c': {'RegWrite': 1, 'MemRead': 0, 'MemWrite': 0, 'MemToReg': 0, 'ALUSrc': 1, 'Branch': 0, 'Jump': 0, 'JumpReg': 0, 'ALUOp': 'ADD', 'ImmSel': 'I', 'BrType': None, 'IsNOP': 0}, 'd': {'instr': 1278867, 'opcode': 19, 'rd': 7, 'funct3': 0, 'rs1': 7, 'rs2': 1, 'funct7': 0, 'imm_I': 1, 'imm_S': 7, 'imm_B': 2054, 'imm_U': 1277952, 'imm_J': 231424}, 'rd': 7, 'alu_res': 10, 'rs2_val_fwd': 0, 'mem_addr': 10, 'branch_taken': 0, 'next_pc': 0, 'wb_val_for_jumps': 56}
MEM/WB Reg = {'valid': 0, 'pc_plus4': 0, 'c': None, 'd': None, 'rd': 0, 'alu_res': 0, 'mem_data': 0, 'wb_val_for_jumps': 0}

Cycle 476
PC = 68
Stall Flag = False
Flush Flag = False
IF/ID Reg = {'valid': 1, 'pc': 64, 'instr': 4267886819}
ID/EX Reg = {'valid': 1, 'pc': 60, 'pc_plus4': 64, 'd': {'instr': 1213075, 'opcode': 19, 'rd': 5, 'funct3': 0, 'rs1': 5, 'rs2': 1, 'funct7': 0, 'imm_I': 1, 'imm_S': 5, 'imm_B': 2052, 'imm_U': 1212416, 'imm_J': 165888}, 'c': {'RegWrite': 1, 'MemRead': 0, 'MemWrite': 0, 'MemToReg': 0, 'ALUSrc': 1, 'Branch': 0, 'Jump': 0, 'JumpReg': 0, 'ALUOp': 'ADD', 'ImmSel': 'I', 'BrType': None, 'IsNOP': 0}, 'imm': 1, 'rs1': 5, 'rs2': 1, 'rd': 5, 'rs1_val': 9, 'rs2_val': 0, 'alu_op': 'ADD'}
EX/MEM Reg = {'valid': 1, 'pc_plus4': 60, 'c': {'RegWrite': 0, 'MemRead': 0, 'MemWrite': 0, 'MemToReg': 0, 'ALUSrc': 0, 'Branch': 1, 'Jump': 0, 'JumpReg': 0, 'ALUOp': 'SUB', 'ImmSel': 'B', 'BrType': 'blt', 'IsNOP': 0}, 'd': {'instr': 4267953891, 'opcode': 99, 'rd': 29, 'funct3': 4, 'rs1': 7, 'rs2': 6, 'funct7': 127, 'imm_I': -26, 'imm_S': -3, 'imm_B': -4, 'imm_U': 4267950080, 'imm_J': -800794}, 'rd': 29, 'alu_res': 0, 'rs2_val_fwd': 10, 'mem_addr': 0, 'branch_taken': 0, 'next_pc': 0, 'wb_val_for_jumps': 60}
MEM/WB Reg = {'valid': 1, 'pc_plus4': 56, 'c': {'RegWrite': 1, 'MemRead': 0, 'MemWrite': 0, 'MemToReg': 0, 'ALUSrc': 1, 'Branch': 0, 'Jump': 0, 'JumpReg': 0, 'ALUOp': 'ADD', 'ImmSel': 'I', 'BrType': None, 'IsNOP': 0}, 'd': {'instr': 1278867, 'opcode': 19, 'rd': 7, 'funct3': 0, 'rs1': 7, 'rs2': 1, 'funct7': 0, 'imm_I': 1, 'imm_S': 7, 'imm_B': 2054, 'imm_U': 1277952, 'imm_J': 231424}, 'rd': 7, 'alu_res': 10, 'mem_data': 0, 'wb_val_for_jumps': 56}

Cycle 477
PC = 72
Stall Flag = False
Flush Flag = False
IF/ID Reg = {'valid': 1, 'pc': 68, 'instr': 1049235}
ID/EX Reg = {'valid': 1, 'pc': 64, 'pc_plus4': 68, 'd': {'instr': 4267886819, 'opcode': 99, 'rd': 17, 'funct3': 4, 'rs1': 5, 'rs2': 6, 'funct7': 127, 'imm_I': -26, 'imm_S': -15, 'imm_B': -16, 'imm_U': 4267884544, 'imm_J': -866330}, 'c': {'RegWrite': 0, 'MemRead': 0, 'MemWrite': 0, 'MemToReg': 0, 'ALUSrc': 0, 'Branch': 1, 'Jump': 0, 'JumpReg': 0, 'ALUOp': 'SUB', 'ImmSel': 'B', 'BrType': 'blt', 'IsNOP': 0}, 'imm': -16, 'rs1': 5, 'rs2': 6, 'rd': 17, 'rs1_val': 9, 'rs2_val': 10, 'alu_op': 'SUB'}
EX/MEM Reg = {'valid': 1, 'pc_plus4': 64, 'c': {'RegWrite': 1, 'MemRead': 0, 'MemWrite': 0, 'MemToReg': 0, 'ALUSrc': 1, 'Branch': 0, 'Jump': 0, 'JumpReg': 0, 'ALUOp': 'ADD', 'ImmSel': 'I', 'BrType': None, 'IsNOP': 0}, 'd': {'instr': 1213075, 'opcode': 19, 'rd': 5, 'funct3': 0, 'rs1': 5, 'rs2': 1, 'funct7': 0, 'imm_I': 1, 'imm_S': 5, 'imm_B': 2052, 'imm_U': 1212416, 'imm_J': 165888}, 'rd': 5, 'alu_res': 10, 'rs2_val_fwd': 0, 'mem_addr': 10, 'branch_taken': 0, 'next_pc': 0, 'wb_val_for_jumps': 64}
MEM/WB Reg = {'valid': 1, 'pc_plus4': 60, 'c': {'RegWrite': 0, 'MemRead': 0, 'MemWrite': 0, 'MemToReg': 0, 'ALUSrc': 0, 'Branch': 1, 'Jump': 0, 'JumpReg': 0, 'ALUOp': 'SUB', 'ImmSel': 'B', 'BrType': 'blt', 'IsNOP': 0}, 'd': {'instr': 4267953891, 'opcode': 99, 'rd': 29, 'funct3': 4, 'rs1': 7, 'rs2': 6, 'funct7': 127, 'imm_I': -26, 'imm_S': -3, 'imm_B': -4, 'imm_U': 4267950080, 'imm_J': -800794}, 'rd': 29, 'alu_res': 0, 'mem_data': 0, 'wb_val_for_jumps': 60}

Cycle 478
PC = 76
Stall Flag = False
Flush Flag = False
IF/ID Reg = {'valid': 1, 'pc': 72, 'instr': 1049363}
ID/EX Reg = {'valid': 1, 'pc': 68, 'pc_plus4': 72, 'd': {'instr': 1049235, 'opcode': 19, 'rd': 5, 'funct3': 0, 'rs1': 0, 'rs2': 1, 'funct7': 0, 'imm_I': 1, 'imm_S': 5, 'imm_B': 2052, 'imm_U': 1048576, 'imm_J': 2048}, 'c': {'RegWrite': 1, 'MemRead': 0, 'MemWrite': 0, 'MemToReg': 0, 'ALUSrc': 1, 'Branch': 0, 'Jump': 0, 'JumpReg': 0, 'ALUOp': 'ADD', 'ImmSel': 'I', 'BrType': None, 'IsNOP': 0}, 'imm': 1, 'rs1': 0, 'rs2': 1, 'rd': 5, 'rs1_val': 0, 'rs2_val': 0, 'alu_op': 'ADD'}
EX/MEM Reg = {'valid': 1, 'pc_plus4': 68, 'c': {'RegWrite': 0, 'MemRead': 0, 'MemWrite': 0, 'MemToReg': 0, 'ALUSrc': 0, 'Branch': 1, 'Jump': 0, 'JumpReg': 0, 'ALUOp': 'SUB', 'ImmSel': 'B', 'BrType': 'blt', 'IsNOP': 0}, 'd': {'instr': 4267886819, 'opcode': 99, 'rd': 17, 'funct3': 4, 'rs1': 5, 'rs2': 6, 'funct7': 127, 'imm_I': -26, 'imm_S': -15, 'imm_B': -16, 'imm_U': 4267884544, 'imm_J': -866330}, 'rd': 17, 'alu_res': 0, 'rs2_val_fwd': 10, 'mem_addr': 0, 'branch_taken': 0, 'next_pc': 0, 'wb_val_for_jumps': 68}
MEM/WB Reg = {'valid': 1, 'pc_plus4': 64, 'c': {'RegWrite': 1, 'MemRead': 0, 'MemWrite': 0, 'MemToReg': 0, 'ALUSrc': 1, 'Branch': 0, 'Jump': 0, 'JumpReg': 0, 'ALUOp': 'ADD', 'ImmSel': 'I', 'BrType': None, 'IsNOP': 0}, 'd': {'instr': 1213075, 'opcode': 19, 'rd': 5, 'funct3': 0, 'rs1': 5, 'rs2': 1, 'funct7': 0, 'imm_I': 1, 'imm_S': 5, 'imm_B': 2052, 'imm_U': 1212416, 'imm_J': 165888}, 'rd': 5, 'alu_res': 10, 'mem_data': 0, 'wb_val_for_jumps': 64}

Cycle 479
PC = 80
Stall Flag = False
Flush Flag = False
IF/ID Reg = {'valid': 1, 'pc': 76, 'instr': 6456419}
ID/EX Reg = {'valid': 1, 'pc': 72, 'pc_plus4': 76, 'd': {'instr': 1049363, 'opcode': 19, 'rd': 6, 'funct3': 0, 'rs1': 0, 'rs2': 1, 'funct7': 0, 'imm_I': 1, 'imm_S': 6, 'imm_B': 6, 'imm_U': 1048576, 'imm_J': 2048}, 'c': {'RegWrite': 1, 'MemRead': 0, 'MemWrite': 0, 'MemToReg': 0, 'ALUSrc': 1, 'Branch': 0, 'Jump': 0, 'JumpReg': 0, 'ALUOp': 'ADD', 'ImmSel': 'I', 'BrType': None, 'IsNOP': 0}, 'imm': 1, 'rs1': 0, 'rs2': 1, 'rd': 6, 'rs1_val': 0, 'rs2_val': 0, 'alu_op': 'ADD'}
EX/MEM Reg = {'valid': 1, 'pc_plus4': 72, 'c': {'RegWrite': 1, 'MemRead': 0, 'MemWrite': 0, 'MemToReg': 0, 'ALUSrc': 1, 'Branch': 0, 'Jump': 0, 'JumpReg': 0, 'ALUOp': 'ADD', 'ImmSel': 'I', 'BrType': None, 'IsNOP': 0}, 'd': {'instr': 1049235, 'opcode': 19, 'rd': 5, 'funct3': 0, 'rs1': 0, 'rs2': 1, 'funct7': 0, 'imm_I': 1, 'imm_S': 5, 'imm_B': 2052, 'imm_U': 1048576, 'imm_J': 2048}, 'rd': 5, 'alu_res': 1, 'rs2_val_fwd': 0, 'mem_addr': 1, 'branch_taken': 0, 'next_pc': 0, 'wb_val_for_jumps': 72}
MEM/WB Reg = {'valid': 1, 'pc_plus4': 68, 'c': {'RegWrite': 0, 'MemRead': 0, 'MemWrite': 0, 'MemToReg': 0, 'ALUSrc': 0, 'Branch': 1, 'Jump': 0, 'JumpReg': 0, 'ALUOp': 'SUB', 'ImmSel': 'B', 'BrType': 'blt', 'IsNOP': 0}, 'd': {'instr': 4267886819, 'opcode': 99, 'rd': 17, 'funct3': 4, 'rs1': 5, 'rs2': 6, 'funct7': 127, 'imm_I': -26, 'imm_S': -15, 'imm_B': -16, 'imm_U': 4267884544, 'imm_J': -866330}, 'rd': 17, 'alu_res': 0, 'mem_data': 0, 'wb_val_for_jumps': 68}

Cycle 480
PC = 84
Stall Flag = False
Flush Flag = False
IF/ID Reg = {'valid': 1, 'pc': 80, 'instr': 6488883}
ID/EX Reg = {'valid': 1, 'pc': 76, 'pc_plus4': 80, 'd': {'instr': 6456419, 'opcode': 99, 'rd': 8, 'funct3': 0, 'rs1': 5, 'rs2': 6, 'funct7': 0, 'imm_I': 6, 'imm_S': 8, 'imm_B': 8, 'imm_U': 6455296, 'imm_J': 163846}, 'c': {'RegWrite': 0, 'MemRead': 0, 'MemWrite': 0, 'MemToReg': 0, 'ALUSrc': 0, 'Branch': 1, 'Jump': 0, 'JumpReg': 0, 'ALUOp': 'SUB', 'ImmSel': 'B', 'BrType': 'beq', 'IsNOP': 0}, 'imm': 8, 'rs1': 5, 'rs2': 6, 'rd': 8, 'rs1_val': 10, 'rs2_val': 10, 'alu_op': 'SUB'}
EX/MEM Reg = {'valid': 1, 'pc_plus4': 76, 'c': {'RegWrite': 1, 'MemRead': 0, 'MemWrite': 0, 'MemToReg': 0, 'ALUSrc': 1, 'Branch': 0, 'Jump': 0, 'JumpReg': 0, 'ALUOp': 'ADD', 'ImmSel': 'I', 'BrType': None, 'IsNOP': 0}, 'd': {'instr': 1049363, 'opcode': 19, 'rd': 6, 'funct3': 0, 'rs1': 0, 'rs2': 1, 'funct7': 0, 'imm_I': 1, 'imm_S': 6, 'imm_B': 6, 'imm_U': 1048576, 'imm_J': 2048}, 'rd': 6, 'alu_res': 1, 'rs2_val_fwd': 0, 'mem_addr': 1, 'branch_taken': 0, 'next_pc': 0, 'wb_val_for_jumps': 76}
MEM/WB Reg = {'valid': 1, 'pc_plus4': 72, 'c': {'RegWrite': 1, 'MemRead': 0, 'MemWrite': 0, 'MemToReg': 0, 'ALUSrc': 1, 'Branch': 0, 'Jump': 0, 'JumpReg': 0, 'ALUOp': 'ADD', 'ImmSel': 'I', 'BrType': None, 'IsNOP': 0}, 'd': {'instr': 1049235, 'opcode': 19, 'rd': 5, 'funct3': 0, 'rs1': 0, 'rs2': 1, 'funct7': 0, 'imm_I': 1, 'imm_S': 5, 'imm_B': 2052, 'imm_U': 1048576, 'imm_J': 2048}, 'rd': 5, 'alu_res': 1, 'mem_data': 0, 'wb_val_for_jumps': 72}

Cycle 481
PC = 84
Stall Flag = False
Flush Flag = True
IF/ID Reg = {'valid': 0, 'pc': 0, 'instr': 0}
ID/EX Reg = {'valid': 0, 'pc': 80, 'pc_plus4': 84, 'd': {'instr': 6488883, 'opcode': 51, 'rd': 6, 'funct3': 0, 'rs1': 6, 'rs2': 6, 'funct7': 0, 'imm_I': 6, 'imm_S': 6, 'imm_B': 6, 'imm_U': 6488064, 'imm_J': 196614}, 'c': {'RegWrite': 1, 'MemRead': 0, 'MemWrite': 0, 'MemToReg': 0, 'ALUSrc': 0, 'Branch': 0, 'Jump': 0, 'JumpReg': 0, 'ALUOp': 'ADD', 'ImmSel': None, 'BrType': None, 'IsNOP': 0}, 'imm': 0, 'rs1': 6, 'rs2': 6, 'rd': 6, 'rs1_val': 10, 'rs2_val': 10, 'alu_op': 'ADD'}
EX/MEM Reg = {'valid': 1, 'pc_plus4': 80, 'c': {'RegWrite': 0, 'MemRead': 0, 'MemWrite': 0, 'MemToReg': 0, 'ALUSrc': 0, 'Branch': 1, 'Jump': 0, 'JumpReg': 0, 'ALUOp': 'SUB', 'ImmSel': 'B', 'BrType': 'beq', 'IsNOP': 0}, 'd': {'instr': 6456419, 'opcode': 99, 'rd': 8, 'funct3': 0, 'rs1': 5, 'rs2': 6, 'funct7': 0, 'imm_I': 6, 'imm_S': 8, 'imm_B': 8, 'imm_U': 6455296, 'imm_J': 163846}, 'rd': 8, 'alu_res': 0, 'rs2_val_fwd': 1, 'mem_addr': 0, 'branch_taken': 0, 'next_pc': 0, 'wb_val_for_jumps': 80}
MEM/WB Reg = {'valid': 1, 'pc_plus4': 76, 'c': {'RegWrite': 1, 'MemRead': 0, 'MemWrite': 0, 'MemToReg': 0, 'ALUSrc': 1, 'Branch': 0, 'Jump': 0, 'JumpReg': 0, 'ALUOp': 'ADD', 'ImmSel': 'I', 'BrType': None, 'IsNOP': 0}, 'd': {'instr': 1049363, 'opcode': 19, 'rd': 6, 'funct3': 0, 'rs1': 0, 'rs2': 1, 'funct7': 0, 'imm_I': 1, 'imm_S': 6, 'imm_B': 6, 'imm_U': 1048576, 'imm_J': 2048}, 'rd': 6, 'alu_res': 1, 'mem_data': 0, 'wb_val_for_jumps': 76}

Cycle 482
PC = 88
Stall Flag = False
Flush Flag = False
IF/ID Reg = {'valid': 1, 'pc': 84, 'instr': 164963}
ID/EX Reg = {'valid': 0, 'pc': 0, 'pc_plus4': 0, 'd': None, 'c': None, 'imm': 0, 'rs1': 0, 'rs2': 0, 'rd': 0, 'rs1_val': 0, 'rs2_val': 0, 'alu_op': 'ADD'}
EX/MEM Reg = {'valid': 0, 'pc_plus4': 0, 'c': None, 'd': None, 'rd': 0, 'alu_res': 0, 'rs2_val_fwd': 0, 'mem_addr': 0, 'branch_taken': 0, 'next_pc': 0, 'wb_val_for_jumps': 0}
MEM/WB Reg = {'valid': 1, 'pc_plus4': 80, 'c': {'RegWrite': 0, 'MemRead': 0, 'MemWrite': 0, 'MemToReg': 0, 'ALUSrc': 0, 'Branch': 1, 'Jump': 0, 'JumpReg': 0, 'ALUOp': 'SUB', 'ImmSel': 'B', 'BrType': 'beq', 'IsNOP': 0}, 'd': {'instr': 6456419, 'opcode': 99, 'rd': 8, 'funct3': 0, 'rs1': 5, 'rs2': 6, 'funct7': 0, 'imm_I': 6, 'imm_S': 8, 'imm_B': 8, 'imm_U': 6455296, 'imm_J': 163846}, 'rd': 8, 'alu_res': 0, 'mem_data': 0, 'wb_val_for_jumps': 80}

Cycle 483
PC = 92
Stall Flag = False
Flush Flag = False
IF/ID Reg = {'valid': 1, 'pc': 88, 'instr': 5407411}
ID/EX Reg = {'valid': 1, 'pc': 84, 'pc_plus4': 88, 'd': {'instr': 164963, 'opcode': 99, 'rd': 8, 'funct3': 0, 'rs1': 5, 'rs2': 0, 'funct7': 0, 'imm_I': 0, 'imm_S': 8, 'imm_B': 8, 'imm_U': 163840, 'imm_J': 163840}, 'c': {'RegWrite': 0, 'MemRead': 0, 'MemWrite': 0, 'MemToReg': 0, 'ALUSrc': 0, 'Branch': 1, 'Jump': 0, 'JumpReg': 0, 'ALUOp': 'SUB', 'ImmSel': 'B', 'BrType': 'beq', 'IsNOP': 0}, 'imm': 8, 'rs1': 5, 'rs2': 0, 'rd': 8, 'rs1_val': 1, 'rs2_val': 0, 'alu_op': 'SUB'}
EX/MEM Reg = {'valid': 0, 'pc_plus4': 0, 'c': None, 'd': None, 'rd': 0, 'alu_res': 0, 'rs2_val_fwd': 0, 'mem_addr': 0, 'branch_taken': 0, 'next_pc': 0, 'wb_val_for_jumps': 0}
MEM/WB Reg = {'valid': 0, 'pc_plus4': 0, 'c': None, 'd': None, 'rd': 0, 'alu_res': 0, 'mem_data': 0, 'wb_val_for_jumps': 0}

Cycle 484
PC = 92
Stall Flag = False
Flush Flag = False
IF/ID Reg = {'valid': 0, 'pc': 0, 'instr': 0}
ID/EX Reg = {'valid': 1, 'pc': 88, 'pc_plus4': 92, 'd': {'instr': 5407411, 'opcode': 51, 'rd': 5, 'funct3': 0, 'rs1': 5, 'rs2': 5, 'funct7': 0, 'imm_I': 5, 'imm_S': 5, 'imm_B': 2052, 'imm_U': 5406720, 'imm_J': 165892}, 'c': {'RegWrite': 1, 'MemRead': 0, 'MemWrite': 0, 'MemToReg': 0, 'ALUSrc': 0, 'Branch': 0, 'Jump': 0, 'JumpReg': 0, 'ALUOp': 'ADD', 'ImmSel': None, 'BrType': None, 'IsNOP': 0}, 'imm': 0, 'rs1': 5, 'rs2': 5, 'rd': 5, 'rs1_val': 1, 'rs2_val': 1, 'alu_op': 'ADD'}
EX/MEM Reg = {'valid': 1, 'pc_plus4': 88, 'c': {'RegWrite': 0, 'MemRead': 0, 'MemWrite': 0, 'MemToReg': 0, 'ALUSrc': 0, 'Branch': 1, 'Jump': 0, 'JumpReg': 0, 'ALUOp': 'SUB', 'ImmSel': 'B', 'BrType': 'beq', 'IsNOP': 0}, 'd': {'instr': 164963, 'opcode': 99, 'rd': 8, 'funct3': 0, 'rs1': 5, 'rs2': 0, 'funct7': 0, 'imm_I': 0, 'imm_S': 8, 'imm_B': 8, 'imm_U': 163840, 'imm_J': 163840}, 'rd': 8, 'alu_res': 1, 'rs2_val_fwd': 0, 'mem_addr': 1, 'branch_taken': 0, 'next_pc': 0, 'wb_val_for_jumps': 88}
MEM/WB Reg = {'valid': 0, 'pc_plus4': 0, 'c': None, 'd': None, 'rd': 0, 'alu_res': 0, 'mem_data': 0, 'wb_val_for_jumps': 0}

Cycle 485
PC = 92
Stall Flag = False
Flush Flag = False
IF/ID Reg = {'valid': 0, 'pc': 0, 'instr': 0}
ID/EX Reg = {'valid': 0, 'pc': 0, 'pc_plus4': 0, 'd': None, 'c': None, 'imm': 0, 'rs1': 0, 'rs2': 0, 'rd': 0, 'rs1_val': 0, 'rs2_val': 0, 'alu_op': 'ADD'}
EX/MEM Reg = {'valid': 1, 'pc_plus4': 92, 'c': {'RegWrite': 1, 'MemRead': 0, 'MemWrite': 0, 'MemToReg': 0, 'ALUSrc': 0, 'Branch': 0, 'Jump': 0, 'JumpReg': 0, 'ALUOp': 'ADD', 'ImmSel': None, 'BrType': None, 'IsNOP': 0}, 'd': {'instr': 5407411, 'opcode': 51, 'rd': 5, 'funct3': 0, 'rs1': 5, 'rs2': 5, 'funct7': 0, 'imm_I': 5, 'imm_S': 5, 'imm_B': 2052, 'imm_U': 5406720, 'imm_J': 165892}, 'rd': 5, 'alu_res': 2, 'rs2_val_fwd': 1, 'mem_addr': 2, 'branch_taken': 0, 'next_pc': 0, 'wb_val_for_jumps': 92}
MEM/WB Reg = {'valid': 1, 'pc_plus4': 88, 'c': {'RegWrite': 0, 'MemRead': 0, 'MemWrite': 0, 'MemToReg': 0, 'ALUSrc': 0, 'Branch': 1, 'Jump': 0, 'JumpReg': 0, 'ALUOp': 'SUB', 'ImmSel': 'B', 'BrType': 'beq', 'IsNOP': 0}, 'd': {'instr': 164963, 'opcode': 99, 'rd': 8, 'funct3': 0, 'rs1': 5, 'rs2': 0, 'funct7': 0, 'imm_I': 0, 'imm_S': 8, 'imm_B': 8, 'imm_U': 163840, 'imm_J': 163840}, 'rd': 8, 'alu_res': 1, 'mem_data': 0, 'wb_val_for_jumps': 88}

Cycle 486
PC = 92
Stall Flag = False
Flush Flag = False
IF/ID Reg = {'valid': 0, 'pc': 0, 'instr': 0}
ID/EX Reg = {'valid': 0, 'pc': 0, 'pc_plus4': 0, 'd': None, 'c': None, 'imm': 0, 'rs1': 0, 'rs2': 0, 'rd': 0, 'rs1_val': 0, 'rs2_val': 0, 'alu_op': 'ADD'}
EX/MEM Reg = {'valid': 0, 'pc_plus4': 0, 'c': None, 'd': None, 'rd': 0, 'alu_res': 0, 'rs2_val_fwd': 0, 'mem_addr': 0, 'branch_taken': 0, 'next_pc': 0, 'wb_val_for_jumps': 0}
MEM/WB Reg = {'valid': 1, 'pc_plus4': 92, 'c': {'RegWrite': 1, 'MemRead': 0, 'MemWrite': 0, 'MemToReg': 0, 'ALUSrc': 0, 'Branch': 0, 'Jump': 0, 'JumpReg': 0, 'ALUOp': 'ADD', 'ImmSel': None, 'BrType': None, 'IsNOP': 0}, 'd': {'instr': 5407411, 'opcode': 51, 'rd': 5, 'funct3': 0, 'rs1': 5, 'rs2': 5, 'funct7': 0, 'imm_I': 5, 'imm_S': 5, 'imm_B': 2052, 'imm_U': 5406720, 'imm_J': 165892}, 'rd': 5, 'alu_res': 2, 'mem_data': 0, 'wb_val_for_jumps': 92}

Cycle 487
PC = 92
Stall Flag = False
Flush Flag = False
IF/ID Reg = {'valid': 0, 'pc': 0, 'instr': 0}
ID/EX Reg = {'valid': 0, 'pc': 0, 'pc_plus4': 0, 'd': None, 'c': None, 'imm': 0, 'rs1': 0, 'rs2': 0, 'rd': 0, 'rs1_val': 0, 'rs2_val': 0, 'alu_op': 'ADD'}
EX/MEM Reg = {'valid': 0, 'pc_plus4': 0, 'c': None, 'd': None, 'rd': 0, 'alu_res': 0, 'rs2_val_fwd': 0, 'mem_addr': 0, 'branch_taken': 0, 'next_pc': 0, 'wb_val_for_jumps': 0}
MEM/WB Reg = {'valid': 0, 'pc_plus4': 0, 'c': None, 'd': None, 'rd': 0, 'alu_res': 0, 'mem_data': 0, 'wb_val_for_jumps': 0}

